批次,名称,文物类型,时代,wgs84_lon,wgs84_lat
第一批,三元里平英团遗址,革命遗址及革命纪念建筑物,1841年,113.2590338920129,23.176997753565185
第一批,金田起义地址,革命遗址及革命纪念建筑物,1851年,110.08090563647283,23.402492125722965
第一批,太平天国忠王府,革命遗址及革命纪念建筑物,1860－1863年,120.63081679233562,31.33156541370968
第一批,韶山冲毛主席旧居,革命遗址及革命纪念建筑物,1893年,112.95204279950048,27.788396556912414
第一批,江孜宗山抗英遗址,革命遗址及革命纪念建筑物,1904年,89.60582729957632,28.92401391616764
第一批,黄花岗七十二烈士墓,革命遗址及革命纪念建筑物,1911年,113.29567276421388,23.149519765308877
第一批,武昌起义军政府旧址,革命遗址及革命纪念建筑物,1911年,114.3074911841312,30.5503125317995
第一批,北京大学红楼,革命遗址及革命纪念建筑物,,116.40545545828368,39.92959750273036
第一批,上海中山故居,革命遗址及革命纪念建筑物,1919年,121.4679847137308,31.223850725164453
第一批,中国社会主义青年团中央机关旧址,革命遗址及革命纪念建筑物,1920－1921年,121.47009398421152,31.22820970992828
第一批,中国共产党第一次全国代表大会会址,革命遗址及革命纪念建筑物,1921年,121.47792748406506,31.229489904377544
第一批,广州农民运动讲习所旧址,革命遗址及革命纪念建筑物,1926年,113.2775219420303,23.13651871373586
第一批,八一起义指挥部旧址,革命遗址及革命纪念建筑物,1927年,115.9513167471796,28.566699373722976
第一批,秋收起义文家市会师旧址,革命遗址及革命纪念建筑物,1927年,113.93260702779892,28.05226820102877
第一批,海丰红宫、红场旧址,革命遗址及革命纪念建筑物,1927－1928年,115.33757328880895,22.9752155292276
第一批,广州公社旧址,革命遗址及革命纪念建筑物,1927年,113.24157422158342,23.37196846673482
第一批,井冈山革命遗址,革命遗址及革命纪念建筑物,1927－1929年,114.29043123479674,26.757091324913382
第一批,古田会议会址,革命遗址及革命纪念建筑物,1929年,116.82811232034072,25.22534690603166
第一批,中山陵,革命遗址及革命纪念建筑物,1929年,118.84143205770997,32.055838478682105
第一批,瑞金革命遗址,革命遗址及革命纪念建筑物,1931－1934年,116.01580817019968,25.89275665745748
第一批,遵义会议会址,革命遗址及革命纪念建筑物,1935年,106.92250687781367,27.697765096092574
第一批,泸定桥,革命遗址及革命纪念建筑物,1935年,102.23658857247642,29.920829775212123
第一批,延安革命遗址,革命遗址及革命纪念建筑物,1937－1947年,109.62547194038528,36.35317744368455
第一批,卢沟桥,革命遗址及革命纪念建筑物,,116.21931381082469,39.85462047291054
第一批,平型关战役遗址,革命遗址及革命纪念建筑物,1937年,113.89925062802784,39.30110323954876
第一批,八路军总司令部旧址,革命遗址及革命纪念建筑物,1938年,112.8643761242826,36.84303516453903
第一批,新四军军部旧址,革命遗址及革命纪念建筑物,1938－1941年,118.22177526430065,30.65573266002817
第一批,八路军重庆办事处旧址,革命遗址及革命纪念建筑物,1938－1946年,108.65875653710224,28.42893820296394
第一批,冉庄地道战遗址,革命遗址及革命纪念建筑物,1942年,115.37245820700883,38.677724260864544
第一批,天安门,革命遗址及革命纪念建筑物,,116.39771847974718,39.91371480113933
第一批,鲁迅墓,革命遗址及革命纪念建筑物,,121.48477950615352,31.27987574376435
第一批,中苏友谊纪念塔,革命遗址及革命纪念建筑物,1957年,121.23569800994916,38.81443617078856
第一批,人民英雄纪念碑,革命遗址及革命纪念建筑物,1958年,116.39779871632506,39.90960795142786
第一批,云冈石窟,石窟寺,北魏,113.13730937526113,40.11676472636585
第一批,莫高窟,石窟寺,北魏至元,94.81461829240487,40.04805643273867
第一批,榆林窟,石窟寺,北魏至元,95.93928984264484,40.0654226062237
第一批,龙门石窟,石窟寺,北魏至唐,112.47785639450576,34.56579777868035
第一批,麦积山石窟,石窟寺,北魏至明,106.01055016953194,34.35739150948976
第一批,炳灵寺石窟,石窟寺,北魏至明,103.05014589076026,35.813068986781495
第一批,响堂山石窟,石窟寺,东魏、北齐至元,114.15955380901624,36.53858240230296
第一批,克孜尔千佛洞,石窟寺,唐至宋,82.5179282660167,41.78598424437437
第一批,库木吐喇千佛洞,石窟寺,唐至宋,86.54833536615071,42.04239102779598
第一批,皇泽寺摩崖造象,石窟寺,唐,105.81656193499153,32.44859058545892
第一批,广元千佛崖摩崖造象,石窟寺,唐、宋,105.85093902525038,32.48115636044385
第一批,北山摩崖造象,石窟寺,唐、宋,107.30644896526812,31.48132656844712
第一批,宝顶山摩崖造象,石窟寺,宋,104.07094975538206,30.5799869366428
第一批,石钟山石窟,石窟寺,南诏、大理（公元649－1094年）,99.84407036846926,26.36373270005159
第一批,太室阙,古建筑及历史纪念建筑物,东汉,113.07429198848386,34.457658350818456
第一批,少室阙,古建筑及历史纪念建筑物,东汉,112.98364384977786,34.498719144225255
第一批,启母阙,古建筑及历史纪念建筑物,东汉,113.0478741041472,34.48047664045491
第一批,冯焕阙,古建筑及历史纪念建筑物,东汉,107.04514279996243,31.0304377032012
第一批,平阳府君阙,古建筑及历史纪念建筑物,东汉,104.07094975538206,30.5799869366428
第一批,沈府君阙,古建筑及历史纪念建筑物,东汉,107.005073905411,31.062781035001628
第一批,孝堂山郭氏墓石祠,古建筑及历史纪念建筑物,东汉,116.76975150163992,36.18876507481588
第一批,嘉祥武氏墓群石刻,古建筑及历史纪念建筑物,东汉,116.34854072445756,35.40140680601347
第一批,高颐墓阙及石刻,古建筑及历史纪念建筑物,东汉,103.05899716559188,30.029543713823568
第一批,褒斜道石门及其摩崖石刻,古建筑及历史纪念建筑物,汉至宋,107.02488336892308,33.07566523707091
第一批,安济桥（大石桥）,古建筑及历史纪念建筑物,隋,114.9401744686631,37.63015833963945
第一批,安平桥（五里桥）,古建筑及历史纪念建筑物,南宋,118.4505039218705,24.71656317895214
第一批,永通桥（小石桥）,古建筑及历史纪念建筑物,金,114.9401744686631,37.63015833963945
第一批,嵩岳寺塔,古建筑及历史纪念建筑物,北魏,113.02237905304612,34.507607011460244
第一批,四门塔,古建筑及历史纪念建筑物,东魏,117.13354577095603,36.45931869724062
第一批,大雁塔,古建筑及历史纪念建筑物,唐,108.96754508322752,34.23332666105002
第一批,小雁塔,古建筑及历史纪念建筑物,唐,108.94380786683438,34.2470330618202
第一批,崇圣寺三塔,古建筑及历史纪念建筑物,唐、五代,100.1526704005834,25.714319071622768
第一批,房山云居寺塔及石经,古建筑及历史纪念建筑物,隋、唐、辽、金,115.77501121176324,39.6140613004113
第一批,兴教寺塔,古建筑及历史纪念建筑物,唐,109.03602969270013,34.093586886419885
第一批,苏州云岩寺塔,古建筑及历史纪念建筑物,五代,120.58277630848256,31.3441858750245
第一批,祐国寺塔（铁塔）,古建筑及历史纪念建筑物,北宋,114.31489917095384,34.804875527445645
第一批,定县开元寺塔（料敌塔）,古建筑及历史纪念建筑物,北宋,114.56357042694768,36.794566888175886
第一批,佛宫寺释迦塔（应县木塔）,古建筑及历史纪念建筑物,辽,113.18922845496677,39.575344357243125
第一批,六和塔,古建筑及历史纪念建筑物,南宋,120.13270558448404,30.205105848303784
第一批,广惠寺华塔,古建筑及历史纪念建筑物,金,114.572330602813,38.13782516126263
第一批,妙应寺白塔,古建筑及历史纪念建筑物,元,116.36360666561804,39.93015487691414
第一批,真觉寺金刚宝座（五塔寺塔）,古建筑及历史纪念建筑物,明,116.33080372200496,39.94929669383728
第一批,海宝塔,古建筑及历史纪念建筑物,清,106.23409767814786,38.49200390364836
第一批,义慈惠石柱,古建筑及历史纪念建筑物,北齐,115.49737618584284,39.35398823647801
第一批,赵州陀罗尼经幢,古建筑及历史纪念建筑物,北宋,114.9401744686631,37.63015833963945
第一批,南禅寺大殿,古建筑及历史纪念建筑物,唐,113.12039676083396,38.707236134408
第一批,佛光寺,古建筑及历史纪念建筑物,唐至清,113.39352211717032,38.87544519192058
第一批,大昭寺,古建筑及历史纪念建筑物,,91.13843206977889,29.658736017527257
第一批,昌珠寺,古建筑及历史纪念建筑物,,91.77855312617518,29.199859025194343
第一批,光孝寺,古建筑及历史纪念建筑物,五代至明,113.2577296404942,23.138172867691804
第一批,独乐寺,古建筑及历史纪念建筑物,辽,114.53070429438492,38.042641697978986
第一批,晋祠,古建筑及历史纪念建筑物,宋,112.44257482728564,37.704319087945
第一批,奉国寺,古建筑及历史纪念建筑物,辽,121.24907431480868,41.548253814259375
第一批,清净寺,古建筑及历史纪念建筑物,宋,118.78207846359592,24.768957023503543
第一批,善化寺,古建筑及历史纪念建筑物,辽、金,113.29959748148656,40.091972524569805
第一批,隆兴寺,古建筑及历史纪念建筑物,宋,114.58319467632128,38.150008090114845
第一批,保国寺,古建筑及历史纪念建筑物,北宋,121.52335412243303,29.988238517777567
第一批,华严寺,古建筑及历史纪念建筑物,辽、金、清,113.2944360220205,40.09754368909301
第一批,白马寺,古建筑及历史纪念建筑物,金至清,112.56462376797472,34.72387705844529
第一批,永乐宫,古建筑及历史纪念建筑物,元,110.6943969502878,34.72721306492592
第一批,武当山金殿,古建筑及历史纪念建筑物,元、明,109.71447710326495,32.32495686693249
第一批,萨迦寺,古建筑及历史纪念建筑物,元,88.024478099243,28.91116898848653
第一批,广胜寺,古建筑及历史纪念建筑物,元、明,111.81105347754392,36.30650171737008
第一批,观星台,古建筑及历史纪念建筑物,元,113.14691646124976,34.408374490611074
第一批,居庸关云台,古建筑及历史纪念建筑物,元,116.07486362285528,40.29485966741916
第一批,曲阜孔庙及孔府,古建筑及历史纪念建筑物,金至清,116.9924688003398,35.603929766521844
第一批,故宫,古建筑及历史纪念建筑物,明、清,116.3971681566227,39.92268667918668
第一批,万里长城八达岭,古建筑及历史纪念建筑物,明,116.00459334468772,40.36287294117819
第一批,万里长城山海关,古建筑及历史纪念建筑物,明,119.79374915051152,39.97354194341203
第一批,万里长城嘉峪关,古建筑及历史纪念建筑物,明,98.50007279052888,39.73766479330723
第一批,西安城墙,古建筑及历史纪念建筑物,明,108.94882483921708,34.283509257050774
第一批,天坛,古建筑及历史纪念建筑物,明,116.3993057972482,39.89413213587244
第一批,北海及团城,古建筑及历史纪念建筑物,明、清,116.38777864482934,39.93307081753571
第一批,布达拉宫,古建筑及历史纪念建筑物,明至民国,91.12348546379891,29.66305757537633
第一批,噶丹寺,古建筑及历史纪念建筑物,明初至清,91.4797014283882,29.77197844091721
第一批,扎什伦布寺,古建筑及历史纪念建筑物,明初至清,88.87652477408643,29.27444176828038
第一批,智化寺,古建筑及历史纪念建筑物,明,116.4326696756814,39.92222376564629
第一批,塔尔寺,古建筑及历史纪念建筑物,明,101.57260599665814,36.49365953015048
第一批,沈阳故宫,古建筑及历史纪念建筑物,清,123.45614527043044,41.80211592300699
第一批,国子监,古建筑及历史纪念建筑物,清,116.41344950446282,39.95166914245207
第一批,雍和宫,古建筑及历史纪念建筑物,清,116.4175438414629,39.95263990391297
第一批,普宁寺,古建筑及历史纪念建筑物,清,117.95278636440057,41.02049667148033
第一批,普乐寺,古建筑及历史纪念建筑物,清,117.96305120137356,40.95625415644749
第一批,普陀宗乘之庙,古建筑及历史纪念建筑物,清,117.93426745625422,41.017616899346514
第一批,须弥福寿之庙,古建筑及历史纪念建筑物,清,117.94236674647368,41.014983376822144
第一批,武侯祠,古建筑及历史纪念建筑物,清,104.05329194168316,30.65322160537847
第一批,杜甫草堂,古建筑及历史纪念建筑物,清,104.03182065083736,30.66978265547237
第一批,拙政园,古建筑及历史纪念建筑物,明、清,120.63154168887148,31.332360930609784
第一批,颐和园,古建筑及历史纪念建筑物,清,116.27453651655462,40.00332926588793
第一批,避暑山庄,古建筑及历史纪念建筑物,清,117.94295784045052,40.98557093317603
第一批,留园,古建筑及历史纪念建筑物,清,120.59480175049724,31.32389747873564
第一批,西安碑林,石刻及其他,汉至近代,108.94230479196275,34.26462454574539
第一批,爨宝子碑,石刻及其他,东晋,103.80525318368848,25.498660984798097
第一批,爨龙颜碑,石刻及其他,南朝,103.69309235129538,24.931228626049457
第一批,药王山石刻,石刻及其他,隋至明,109.00489405599924,34.91368866860932
第一批,段氏与三十七部会盟碑,石刻及其他,大理（公元937－1094年）,103.8053345188813,25.498773429846363
第一批,重修护国寺感应塔碑（西夏碑）,石刻及其他,西夏（公元1032－1227年）,98.24434276530438,39.80274475488757
第一批,苏州文庙内宋代石刻,石刻及其他,南宋,120.62579969206674,31.3032691852487
第一批,溪州铜柱,石刻及其他,五代,109.948125119687,28.751861040471045
第一批,峨眉山圣寿万年寺铜铁佛像,石刻及其他,宋至明,103.38815870237084,29.587270707428825
第一批,沧州铁狮子,石刻及其他,后周,117.01822744922288,38.2163556050663
第一批,保圣寺罗汉塑像,石刻及其他,北宋,118.89122830222608,31.33065700534556
第一批,周口店遗址,古遗址,旧石器时代,115.9304405905792,39.69460829290218
第一批,丁村遗址,古遗址,旧石器时代,111.42255987208236,35.84129292571668
第一批,仰韶村遗址,古遗址,新石器时代,111.8039565165668,34.79194668511149
第一批,半坡遗址,古遗址,新石器时代,109.0547998940208,34.280242380159294
第一批,城子崖遗址,古遗址,新石器时代,117.52662965897788,36.685341981832174
第一批,郑州商代遗址,古遗址,商,113.6907579938447,34.75827294538551
第一批,殷墟,古遗址,殷,114.32555339104148,36.12609631852142
第一批,丰镐遗址,古遗址,周,108.72046006195464,34.211366108973785
第一批,临淄齐国故城,古遗址,周,118.30952667442952,36.83182467749499
第一批,曲阜鲁国故城,古遗址,周至汉,117.00664481676692,35.60988006060891
第一批,侯马晋国遗址,古遗址,东周,111.34661504929537,35.61248585736743
第一批,楚纪南故城,古遗址,东周,112.42559286254247,30.050447195587573
第一批,郑韩故城,古遗址,东周,113.7637609087342,34.384488507071545
第一批,赵邯郸故城,古遗址,战国,114.4394752836542,36.5791949153512
第一批,燕下都遗址,古遗址,战国,115.5320548202189,39.31180377118228
第一批,阿房宫遗址,古遗址,秦,108.80807409378524,34.25922040259233
第一批,汉长安城遗址,古遗址,西汉,108.89511927503894,34.30139569230911
第一批,汉魏洛阳故城,古遗址,东汉至北魏,112.45410046362376,34.626989743189334
第一批,高昌故城,古遗址,高昌（公元500－640年）,89.53262167644274,42.85726982408762
第一批,雅尔湖故城,古遗址,高昌（公元500－640年）,87.63060111401282,43.797999651706085
第一批,大明宫遗址,古遗址,唐,108.96555670841784,34.319896495765015
第一批,太和城遗址,古遗址,南诏（公元649—902年）,100.20479268572063,25.641743893698127
第一批,渤海国上京龙泉府遗址,古遗址,渤海（公元698－926年）,129.151403183456,44.13653273570187
第一批,辽上京遗址,古遗址,辽,119.39623192332893,43.96924323636743
第一批,辽中京遗址,古遗址,辽,119.16224018213384,41.57622418657529
第一批,古格王国遗址,古遗址,,79.67591363725451,31.472103273044954
第一批,黄帝陵,古墓葬,,109.27240239871816,35.59195340363944
第一批,孔林,古墓葬,东周,116.99254001122566,35.627122531075806
第一批,秦始皇陵,古墓葬,秦,109.25759995853748,34.387035734837134
第一批,茂陵,古墓葬,西汉,108.5776248897715,34.35078280931081
第一批,霍去病墓,古墓葬,西汉,108.49173605397658,34.30689268858776
第一批,辽阳壁画墓群,古墓葬,汉至晋,123.23762840436908,41.27209097695752
第一批,洞沟古墓群,古墓葬,高句丽（公元前37－公元668年）,126.1747035705688,41.11494169910184
第一批,封氏墓群,古墓葬,北魏至隋,116.39142467820322,37.63296867046706
第一批,昭陵,古墓葬,唐,108.42307556353217,34.64564343892014
第一批,乾陵,古墓葬,唐,108.21984052570257,34.58708165290358
第一批,顺陵,古墓葬,唐,108.8059554609259,34.46715835393366
第一批,六顶山古墓群,古墓葬,渤海（公元698－926年）,128.2247699985109,43.320984348084586
第一批,藏王墓,古墓葬,,91.69622435631534,29.02601825487208
第一批,王建墓,古墓葬,五代前蜀,104.05109288676192,30.682085077008463
第一批,岳飞墓,古墓葬,南宋,120.13567650154651,30.260869187613046
第一批,明孝陵,古墓葬,明,118.8411045466292,32.06097324294755
第一批,十三陵,古墓葬,明,116.22539612296885,40.27658319186014
第一批,清东陵,古墓葬,清,117.6826901384105,40.17827896649694
第一批,清西陵,古墓葬,清,115.36117811486928,39.37214543978862
第二批,林则徐销烟池与虎门炮台旧址,革命遗址及革命纪念建筑物,1839年,113.66173071061829,22.83310758898023
第二批,太平天国天王府遗址,革命遗址及革命纪念建筑物,1853至1864年,118.7987069614867,32.05206446536302
第二批,义和团吕祖堂坛口遗址,革命遗址及革命纪念建筑物,1900年,117.15825143229117,39.15086142243902
第二批,安源路矿工人俱乐部旧址,革命遗址及革命纪念建筑物,1922年,113.87218932243174,27.62474919499732
第二批,八七会议会址,革命遗址及革命纪念建筑物,1927年,114.30085875405226,30.59449262400228
第二批,西安事变旧址,革命遗址及革命纪念建筑物,1936年,108.96939323534654,34.264996686140954
第二批,白求恩模范病室旧址,革命遗址及革命纪念建筑物,1938年,113.25466787028404,38.733498968475416
第二批,西柏坡中共中央旧址,革命遗址及革命纪念建筑物,948年,113.9415654473338,38.3458285709091
第二批,北京宋庆龄故居,革命遗址及革命纪念建筑物,1963年,116.3832802851038,39.95032681750743
第二批,宋庆龄墓,革命遗址及革命纪念建筑物,1981年,121.41317415119926,31.203271780699417
第二批,巩县石窟,石窟寺,北魏至宋,113.03008827096976,34.819154334455035
第二批,须弥山石窟,石窟寺,北朝至唐,105.99269552038668,36.28399128930659
第二批,乐山大佛,石窟寺,唐,103.77802154267954,29.553759248033323
第二批,柏孜克里克千佛洞,石窟寺,唐至元,89.54617856285431,42.96208809125894
第二批,飞来峰造象,石窟寺,五代至元,119.98844999246548,30.28435601952722
第二批,修定寺塔,古建筑及历史纪念建筑物,唐,114.4708231246002,36.08856496082462
第二批,玉泉寺及铁塔,古建筑及历史纪念建筑物,宋,111.68667128680522,30.795696344467075
第二批,万部华严经塔,古建筑及历史纪念建筑物,辽,111.74859023869226,40.84697145218203
第二批,华林寺大殿,古建筑及历史纪念建筑物,宋,119.29862904323356,26.109422118435344
第二批,开元寺,古建筑及历史纪念建筑物,宋至清,118.28714735393945,25.32837297320648
第二批,灵岩寺,古建筑及历史纪念建筑物,唐至清,116.9871790298956,36.3715951772605
第二批,玄妙观三清殿,古建筑及历史纪念建筑物,宋,120.62849439673438,31.320589053225635
第二批,岩山寺,古建筑及历史纪念建筑物,金,113.65975623564914,39.23548019652325
第二批,北岳庙,古建筑及历史纪念建筑物,元,114.69768921747688,38.62685770461464
第二批,紫霄宫,古建筑及历史纪念建筑物,明,111.02870370894624,32.43297088472528
第二批,显通寺,古建筑及历史纪念建筑物,明至清,113.59590080900765,39.01517648556937
第二批,哲蚌寺,古建筑及历史纪念建筑物,明,91.05687964661038,29.67971225112472
第二批,色拉寺,古建筑及历史纪念建筑物,明,91.1398425899359,29.702786374135936
第二批,皇史宬,古建筑及历史纪念建筑物,明,116.40400345245776,39.91472300332926
第二批,悬空寺,古建筑及历史纪念建筑物,明,113.71403158572348,39.66774222076528
第二批,天一阁,古建筑及历史纪念建筑物,明至清,121.54229963131203,29.879829578741635
第二批,古观象台,古建筑及历史纪念建筑物,明至清,116.43462528379008,39.91177901540006
第二批,经略台真武阁,古建筑及历史纪念建筑物,明,110.56278615014908,22.864020672330746
第二批,瞿昙寺,古建筑及历史纪念建筑物,明,102.30302016906396,36.36011132179206
第二批,北京城东南角楼,古建筑及历史纪念建筑物,明,116.43566120644532,39.90602468591195
第二批,都江堰,古建筑及历史纪念建筑物,秦至清,103.6514384514156,30.996794655895265
第二批,蓬莱水城及蓬莱阁,古建筑及历史纪念建筑物,明,120.75591990101528,37.827761757022216
第二批,太和宫金殿,古建筑及历史纪念建筑物,清,102.78124422270452,25.09474197331696
第二批,豫园,古建筑及历史纪念建筑物,明至清,121.48987213592204,31.2329644314908
第二批,恭王府及花园,古建筑及历史纪念建筑物,清,116.38617866485328,39.94057252698001
第二批,网师园,古建筑及历史纪念建筑物,清,120.6363810664066,31.306252056608027
第二批,程阳永济桥,古建筑及历史纪念建筑物,民国,109.65050243907255,25.91109047814424
第二批,拉卜楞寺,古建筑及历史纪念建筑物,清,102.51432719191013,35.19977942329535
第二批,常德铁幢,石刻及其他,宋,111.7165155259007,29.176368485523767
第二批,地藏寺经幢,石刻及其他,大理（公元937－－1094年）,102.73331436534,25.04169845974775
第二批,元谋猿人遗址,古遗址,旧石器时代,101.87056635711622,25.712421990434216
第二批,蓝田猿人遗址,古遗址,旧石器时代,109.49575468768448,34.19047941972383
第二批,大汶口遗址,古遗址,新石器时代,117.08918387188606,35.94960687359752
第二批,河姆渡遗址,古遗址,新石器时代,121.35158827490076,29.96946457608497
第二批,周原遗址,古遗址,西周,107.90191483874236,34.383048124334934
第二批,周原遗址,古遗址,西周,107.62283431755915,34.4513085778294
第二批,铜录山古铜矿遗址,古遗址,周至汉,114.98123884117857,30.10424276817581
第二批,丸都山故城,古遗址,高句丽（公元前37－－公元668年）,126.19391085763958,41.129224157102335
第二批,湖田古瓷窑址,古遗址,五代至明,114.35373691916296,27.826029114251963
第二批,金上京会宁府遗址,古遗址,金,126.97135805225167,45.49769487751497
第二批,明中都皇故城及皇陵石刻,古遗址,明,117.55319891402262,32.880225264426045
第二批,司马迁墓和祠,古墓葬,西汉至宋,110.44399683715174,35.48228028044454
第二批,杨粲墓,古墓葬,宋,106.95438224538532,27.634512070532924
第二批,宋陵,古墓葬,北宋,112.9219618761812,34.656117954033014
第二批,李时珍墓,古墓葬,明,115.43691890127948,30.234910198553187
第二批,郑成功墓,古墓葬,清,118.399817289984,24.72666019575887
第二批,清昭陵,古墓葬,清,123.4650715806633,41.68149358058802
第二批,成吉思汗陵,古墓葬,1954年迁建,109.80678192049952,39.37130146808251
第三批,洪秀全故居,革命遗址及革命纪念建筑物,清代中期,113.1739919358402,23.425895702368035
第三批,林则徐墓,革命遗址及革命纪念建筑物,1826年,119.2805002760559,26.12819278260289
第三批,堂子街太平天国壁画,革命遗址及革命纪念建筑物,1853－1864年,118.77028004961828,32.04767081988008
第三批,大沽口炮台,革命遗址及革命纪念建筑物,1858年,117.71022584958264,38.98290995336504
第三批,太平天国侍王府,革命遗址及革命纪念建筑物,1861年,119.66639385365087,29.111854618583425
第三批,望海楼教堂,革命遗址及革命纪念建筑物,1869－1904年,117.19544387139968,39.152477298460845
第三批,黄兴故居、墓,革命遗址及革命纪念建筑物,1874年、1917年,113.10507290962298,28.125787356670468
第三批,绍兴鲁迅故居,革命遗址及革命纪念建筑物,1881－1898年,120.58748672694315,30.00084933182116
第三批,刘公岛甲午战争纪念地,革命遗址及革命纪念建筑物,1888－1895年,122.19238442771491,37.50938723131057
第三批,李大钊故居,革命遗址及革命纪念建筑物,1889年,119.0858661877566,39.39139214912018
第三批,孙中山故居,革命遗址及革命纪念建筑物,1892年,113.52992441297712,22.45234671017282
第三批,朱德故居,革命遗址及革命纪念建筑物,1895－1907年,106.5930421618611,31.47048944521685
第三批,茅盾故居,革命遗址及革命纪念建筑物,1896－1910年,120.49631499599263,30.75008902981925
第三批,周恩来故居,革命遗址及革命纪念建筑物,1898－1910年,119.14316787332965,33.514111847088735
第三批,刘少奇故居,革命遗址及革命纪念建筑物,1898－1916年,112.64781626215628,28.04531158636315
第三批,任弼时故居,革命遗址及革命纪念建筑物,1904－1915年,113.14622940213894,28.52700004340884
第三批,秋瑾故居,革命遗址及革命纪念建筑物,1907年,120.58188250245698,29.99663089304068
第三批,云南陆军讲武堂旧址,革命遗址及革命纪念建筑物,1909－1928年,102.70566322817103,25.05690938609266
第三批,辛亥秋保路死事纪念碑,革命遗址及革命纪念建筑物,1913年,104.0609384303092,30.666991856390364
第三批,国民党“一大”旧址（包括革命广场）,革命遗址及革命纪念建筑物,1924年,113.26609565994583,23.13800573120385
第三批,黄埔军校旧址,革命遗址及革命纪念建筑物,1924－1927年,113.42836644899012,23.09353499410788
第三批,中华全国总工会旧址,革命遗址及革命纪念建筑物,1925－1927年,113.27889855593224,23.12818906223167
第三批,北伐汀泗桥战役遗址,革命遗址及革命纪念建筑物,1926年,114.16979476397913,29.826365263421295
第三批,红安七里坪革命旧址,革命遗址及革命纪念建筑物,1927－1934年,114.6212725107406,31.4901961204534
第三批,龙华革命烈士纪念地,革命遗址及革命纪念建筑物,1927－1937年,121.45399474290984,31.185583862084155
第三批,雨花台烈士陵园,革命遗址及革命纪念建筑物,1927－1949年,118.78151305903728,32.00652797667725
第三批,平江起义旧址,革命遗址及革命纪念建筑物,1928年,113.58211314827818,28.71094299433321
第三批,中国工农红军第七军、第八军军部旧址,革命遗址及革命纪念建筑物,1929－1930年,106.62935093027212,23.91048073901012
第三批,中国工农红军第七军、第八军军部旧址,革命遗址及革命纪念建筑物,1929－1930年,106.62116812281532,23.91108601453016
第三批,长汀革命旧址,革命遗址及革命纪念建筑物,1929－1933年,116.36447424821291,25.841244735178208
第三批,湘鄂西革命根据地旧址,革命遗址及革命纪念建筑物,1930－1932年,113.19417252539633,29.973900000558384
第三批,湘鄂西革命根据地旧址,革命遗址及革命纪念建筑物,1930－1932年,113.19417252539633,29.973900000558384
第三批,宁都起义指挥部旧址,革命遗址及革命纪念建筑物,1931年,116.02541682152366,26.482995518077256
第三批,鄂豫皖革命根据地旧址,革命遗址及革命纪念建筑物,1931年,114.88037347540488,31.651943408841017
第三批,红四方面军总指挥部旧址,革命遗址及革命纪念建筑物,1932－1935年,107.24719574386867,31.92192027146554
第三批,平顶山惨案遗址,革命遗址及革命纪念建筑物,1932年,124.7700675419162,41.41845900518875
第三批,瓦窑堡革命旧址,革命遗址及革命纪念建筑物,1935年,109.6716209017106,37.14154586843653
第三批,八路军西安办事处旧址,革命遗址及革命纪念建筑物,1937－1946年,108.89647502151615,34.29288980217368
第三批,中共中央中原局旧址,革命遗址及革命纪念建筑物,1938－1939年,114.026606028692,32.81009201540578
第三批,陈嘉庚墓,革命遗址及革命纪念建筑物,1953年,118.10897023889396,24.57379585945836
第三批,冯玉祥墓,革命遗址及革命纪念建筑物,1953年,117.1085621808142,36.213447851602425
第三批,郭沫若故居,革命遗址及革命纪念建筑物,1963－1978年,116.38931813469686,39.94000188549424
第三批,聂耳墓,革命遗址及革命纪念建筑物,1980年,102.63890394257308,24.96734215704927
第三批,孔望山摩崖造像,石窟寺,东汉,119.1714427856515,34.571744034300345
第三批,北石窟寺,石窟寺,北魏至宋,107.53841183508564,35.61720998089697
第三批,南石窟寺,石窟寺,北魏至唐,107.45539302047165,35.368728580267735
第三批,万佛堂石窟,石窟寺,北魏,121.1602267831121,41.58087353004105
第三批,驼山石窟,石窟寺,北周至唐,118.4381656511059,36.65450555160271
第三批,南龛摩崖造像,石窟寺,隋至宋,106.76235351455774,31.8514535907556
第三批,千佛崖造像（包括龙虎塔、九顶塔）,石窟寺,唐至明,117.065492468433,36.68521073379971
第三批,大佛寺石窟,石窟寺,唐,107.99791171027276,35.07957364602053
第三批,卧佛院摩崖造像,石窟寺,唐,105.32344911955887,30.308834295890243
第三批,钟山石窟,石窟寺,北宋,108.95567856463812,34.27735079912073
第三批,通天岩石窟,石窟寺,宋至明,114.91130003142824,25.929703862448232
第三批,安丰塘（芍陂）,古建筑及历史纪念建筑物,春秋,116.75849990785125,32.31298752231549
第三批,灵渠,古建筑及历史纪念建筑物,秦,110.6738610288499,25.620593311541235
第三批,它山堰,古建筑及历史纪念建筑物,唐,121.35586763031988,29.77655546238956
第三批,木兰陂,古建筑及历史纪念建筑物,北宋,118.98848205223617,25.415641499306272
第三批,燊海井,古建筑及历史纪念建筑物,清,104.7921783128012,29.383982471190077
第三批,金山岭长城,古建筑及历史纪念建筑物,明,117.24180506742914,40.68661408062898
第三批,南京城墙,古建筑及历史纪念建筑物,明,118.80500333954558,32.06961658385533
第三批,平遥城墙,古建筑及历史纪念建筑物,明,112.1748172819502,37.20950805815932
第三批,崇武城墙,古建筑及历史纪念建筑物,明,118.9325597494537,24.8836512792592
第三批,兴城城墙,古建筑及历史纪念建筑物,明至清,120.71897712004458,40.62743198111082
第三批,正阳门,古建筑及历史纪念建筑物,明至清,116.39795506364716,39.9055198891961
第三批,清远楼,古建筑及历史纪念建筑物,明,115.06247556320984,40.61888945296181
第三批,光岳楼,古建筑及历史纪念建筑物,明,115.9707880584932,36.44982827629008
第三批,岳阳楼,古建筑及历史纪念建筑物,清,113.13052419688432,29.38054792125813
第三批,观音桥,古建筑及历史纪念建筑物,宋,115.50583674154372,24.787754222146347
第三批,洛阳桥,古建筑及历史纪念建筑物,宋至明,118.68255134236614,24.960717110278715
第三批,广济桥,古建筑及历史纪念建筑物,宋至明,116.62509479154772,23.6653625452574
第三批,古纤道,古建筑及历史纪念建筑物,明至清,120.46909252271738,30.055788461676816
第三批,直隶总督署,古建筑及历史纪念建筑物,清,115.49778171422255,38.86475142420319
第三批,卓克基土司官寨,古建筑及历史纪念建筑物,清,102.29789045846724,31.87453951785386
第三批,大屯土司庄园,古建筑及历史纪念建筑物,清至民国,105.75578168811444,27.67055063962808
第三批,白鹿书院,古建筑及历史纪念建筑物,清,115.9556844470274,29.669324376800127
第三批,岳麓书院,古建筑及历史纪念建筑物,清,112.94170273371326,28.189925724341656
第三批,西秦会馆,古建筑及历史纪念建筑物,清,104.78175333752496,29.348447058250592
第三批,聊城山陕会馆,古建筑及历史纪念建筑物,清,115.98588691227764,36.46264940163279
第三批,社旗山陕会馆,古建筑及历史纪念建筑物,清,112.9463627401035,33.06363008437995
第三批,胡庆余堂,古建筑及历史纪念建筑物,清,120.21764140018236,30.25952618905704
第三批,太庙,古建筑及历史纪念建筑物,明至清,116.40004106723148,39.916307474437154
第三批,社稷坛,古建筑及历史纪念建筑物,明至清,116.39451991397732,39.91562085808083
第三批,北京孔庙,古建筑及历史纪念建筑物,元至清,116.41461540169578,39.951373687368346
第三批,孟庙及孟府,古建筑及历史纪念建筑物,明至清,116.3611251539258,34.69232789918138
第三批,龙川胡氏宗祠,古建筑及历史纪念建筑物,明至清,118.67203518731992,30.085292815169502
第三批,陈家祠堂,古建筑及历史纪念建筑物,清,113.24633631935558,23.135331164655152
第三批,泰宁尚书第,古建筑及历史纪念建筑物,明,117.10206505164716,26.92639532232912
第三批,丁村民宅,古建筑及历史纪念建筑物,明至清,111.4202024803104,35.84654695851507
第三批,潜口民宅,古建筑及历史纪念建筑物,明,118.416193960417,29.868602325044424
第三批,东阳卢宅,古建筑及历史纪念建筑物,明至清,120.2259391956986,29.267570598169623
第三批,祥集弄民宅,古建筑及历史纪念建筑物,明,117.20755748969071,29.30210823036303
第三批,崇礼住宅,古建筑及历史纪念建筑物,清,116.42017422183014,39.93514903287666
第三批,牟氏庄园,古建筑及历史纪念建筑物,清至民国,120.83495875423432,37.32470083529797
第三批,寄畅园,古建筑及历史纪念建筑物,明至清,119.84202702745876,31.283292716526088
第三批,环秀山庄,古建筑及历史纪念建筑物,明至清,120.61568770053672,31.31935920281459
第三批,十笏园,古建筑及历史纪念建筑物,明至清,119.10656737765348,36.7204107055412
第三批,罗布林卡,古建筑及历史纪念建筑物,清,91.09668697136271,29.660638448110653
第三批,何园,古建筑及历史纪念建筑物,清,119.45009469687824,32.39329960044501
第三批,个园,古建筑及历史纪念建筑物,清,119.44616572456088,32.40932197495552
第三批,南通博物苑,古建筑及历史纪念建筑物,清,120.87208649852906,32.01944230860873
第三批,樊敏阙及石刻,古建筑及历史纪念建筑物,东汉,102.93758085297836,30.13418762522908
第三批,“治世玄岳”牌坊,古建筑及历史纪念建筑物,明,111.42566104629636,32.63476737806618
第三批,许国石坊,古建筑及历史纪念建筑物,明,118.43691913689555,29.873975507652688
第三批,大土阁,古建筑及历史纪念建筑物,明,109.20924468563044,21.6695965142012
第三批,增冲鼓楼,古建筑及历史纪念建筑物,清,108.70688532526763,25.92227696053898
第三批,开元寺钟楼,古建筑及历史纪念建筑物,唐至清,114.57164145699927,38.14586742727917
第三批,法兴寺,古建筑及历史纪念建筑物,唐,112.91313783280658,35.991063975555065
第三批,天台庵,古建筑及历史纪念建筑物,唐,113.40491035619384,36.38959209301976
第三批,风穴寺及塔林,古建筑及历史纪念建筑物,唐至清,112.89494025744528,34.23160292673533
第三批,昭仁寺大殿,古建筑及历史纪念建筑物,唐,107.8040791835206,35.210311730588224
第三批,青莲寺,古建筑及历史纪念建筑物,唐至清,112.99605852149418,35.463745357520786
第三批,镇国寺,古建筑及历史纪念建筑物,五代至清,112.27694638227752,37.291163482808194
第三批,大云院,古建筑及历史纪念建筑物,五代至清,113.44538105433662,36.37268352487016
第三批,玉皇庙,古建筑及历史纪念建筑物,宋至清,112.37606180119018,35.3807249070914
第三批,大庙飞来殿,古建筑及历史纪念建筑物,宋至元,103.4812491567996,29.62938004501829
第三批,云岩寺,古建筑及历史纪念建筑物,宋至清,104.8134576156368,31.915759344261584
第三批,天宁寺大殿,古建筑及历史纪念建筑物,宋至元,119.66087574083848,29.10864309317576
第三批,崇福寺,古建筑及历史纪念建筑物,金,113.91795857653146,39.44465818853888
第三批,夏鲁寺,古建筑及历史纪念建筑物,元至清,88.99908021470357,29.13313860005849
第三批,法海寺,古建筑及历史纪念建筑物,明,116.159722592478,39.946553321249176
第三批,双林寺,古建筑及历史纪念建筑物,明,112.13155035658107,37.17649966464133
第三批,殊像寺,古建筑及历史纪念建筑物,清,117.91942044879649,41.02511042304893
第三批,安远庙,古建筑及历史纪念建筑物,清,117.958202198527,41.00877934108046
第三批,广允缅寺,古建筑及历史纪念建筑物,清,99.25619696007575,23.161051757333336
第三批,景真八角亭,古建筑及历史纪念建筑物,清,100.31050102108584,21.963575931066792
第三批,岱庙,古建筑及历史纪念建筑物,宋至清,117.15044576422184,36.19886542157912
第三批,西岳庙,古建筑及历史纪念建筑物,明至清,110.10862019789862,34.58562520465932
第三批,北镇庙,古建筑及历史纪念建筑物,明至清,121.76283364000342,41.5998807286815
第三批,玄贞观,古建筑及历史纪念建筑物,明,122.36518147180368,40.40756834960303
第三批,万荣东岳庙,古建筑及历史纪念建筑物,元至清,110.83587095154836,35.4224131830707
第三批,解州关帝庙,古建筑及历史纪念建筑物,清,110.84986159699709,34.91647201437241
第三批,花戏楼,古建筑及历史纪念建筑物,清,115.78055639461655,33.888724870637006
第三批,青龙洞,古建筑及历史纪念建筑物,清,108.44198991503008,27.061209364654225
第三批,泉州天后宫,古建筑及历史纪念建筑物,清,118.5908138568829,24.90426086475224
第三批,牛街礼拜寺,古建筑及历史纪念建筑物,明至清,116.364957259061,39.89023159357548
第三批,西安清真寺,古建筑及历史纪念建筑物,明至清,108.63067892277178,34.07543605433604
第三批,同心清真大寺,古建筑及历史纪念建筑物,清,105.91806483836125,36.97098701853729
第三批,净藏禅师塔,古建筑及历史纪念建筑物,唐,113.050497126267,34.46188462989898
第三批,云龙寺塔,古建筑及历史纪念建筑物,唐,113.61209141431462,25.10523970507193
第三批,凌霄塔,古建筑及历史纪念建筑物,唐至宋,114.57167800083208,38.15124610299081
第三批,朝阳北塔,古建筑及历史纪念建筑物,唐至辽,120.46296983385562,41.585355712355096
第三批,灵光塔,古建筑及历史纪念建筑物,渤海,128.2017094984999,41.42358325681379
第三批,闸口白塔,古建筑及历史纪念建筑物,五代,120.2109868490973,30.25551660270541
第三批,栖霞寺舍利塔,古建筑及历史纪念建筑物,五代,118.95961617657876,32.15961265774542
第三批,三影塔,古建筑及历史纪念建筑物,北宋,114.3152617694626,25.125230531563417
第三批,广教寺双塔,古建筑及历史纪念建筑物,北宋,118.74257098393274,30.98131192689609
第三批,崇觉寺铁塔,古建筑及历史纪念建筑物,北宋,116.5831438942971,35.41640051761613
第三批,瑞光塔,古建筑及历史纪念建筑物,北宋,120.58823956478577,31.30574972157744
第三批,飞英塔,古建筑及历史纪念建筑物,南宋,120.10798392962704,30.881321706099516
第三批,释迦文佛塔,古建筑及历史纪念建筑物,南宋,119.2976356351517,26.109452918936043
第三批,天宁寺塔,古建筑及历史纪念建筑物,辽,116.34642799011856,39.899348605636135
第三批,崇兴寺双塔,古建筑及历史纪念建筑物,辽,121.80111661134272,41.61106454072143
第三批,辽阳白塔,古建筑及历史纪念建筑物,辽至金,123.1753624924284,41.273901405887166
第三批,银山塔林,古建筑及历史纪念建筑物,金至元,116.32583702491532,40.32380395872766
第三批,拜寺口双塔,古建筑及历史纪念建筑物,西夏,105.96594184799292,38.685757878511765
第三批,一百零八塔,古建筑及历史纪念建筑物,元,105.98624284872956,37.88043614775548
第三批,广德寺多宝塔,古建筑及历史纪念建筑物,明,112.04216794483108,32.01641016138682
第三批,曼飞龙塔,古建筑及历史纪念建筑物,清,100.97563473799002,21.865682875852563
第三批,金刚座舍利宝塔,古建筑及历史纪念建筑物,清,111.74859023869226,40.84697145218203
第三批,苏公塔,古建筑及历史纪念建筑物,清,89.21022724703911,42.9400834063281
第三批,旅顺监狱旧址,古建筑及历史纪念建筑物,1898－1945年,121.14960527169563,38.82148516275894
第三批,息烽集中营旧址,古建筑及历史纪念建筑物,1937－1946年,106.74420212217194,27.050492392416277
第三批,上饶集中营旧址,古建筑及历史纪念建筑物,1941－1942年,117.96294695572006,28.42419527858905
第三批,“中美合作所”集中营旧址,古建筑及历史纪念建筑物,1943－1949年,106.55319162491335,29.57290130660968
第三批,将军崖岩画,石刻及其他,新石器时代,119.13765332699414,34.53886617902355
第三批,花山岩画,石刻及其他,战国至东汉,107.01370693452732,22.261182228914823
第三批,亚沟石刻,石刻及其他,金,127.07577326738652,45.48555880168742
第三批,南京南朝陵墓石刻,石刻及其他,南朝,118.88993277831034,32.10483945164099
第三批,丹阳南朝陵墓石刻,石刻及其他,南朝,119.70154161564396,32.089937266761275
第三批,老君岩造像,石刻及其他,宋,118.60104000549292,24.953381445556232
第三批,云峰山、天柱山摩崖石刻,石刻及其他,北魏,117.41249503435088,35.13149524849483
第三批,云峰山、天柱山摩崖石刻,石刻及其他,北魏,119.94248847298246,36.96781244881551
第三批,铁山、岗山摩崖石刻,石刻及其他,北周,119.93675133701308,35.90756454393488
第三批,白鹤梁题刻,石刻及其他,唐至清,104.07094975538206,30.5799869366428
第三批,浯溪摩崖石刻,石刻及其他,唐至清,111.84827564384943,26.57443971829664
第三批,袁滋题记摩崖石刻,石刻及其他,唐,104.23931442606168,28.117835673631028
第三批,怡亭铭摩崖石刻,石刻及其他,唐,114.89656638755122,30.39926807395313
第三批,九日山摩崖石刻,石刻及其他,宋,118.52767070247316,24.96014082300358
第三批,焦山碑林,石刻及其他,南朝至清,119.4885066842198,32.24496751599239
第三批,大金得胜陀颂碑,石刻及其他,金,125.61968436876482,45.36416250955325
第三批,松江唐经幢,石刻及其他,唐,121.24387465811786,31.01351117574921
第三批,南诏铁柱,石刻及其他,南诏,100.44249224036209,25.351145389545405
第三批,腊玛古猿化石地点,古遗址,,102.06321895923348,25.225255135302824
第三批,西侯度遗址,古遗址,旧石器时代,110.30534341333151,34.70348596043036
第三批,金牛山遗址,古遗址,旧石器时代,122.21998459888518,40.662884588192895
第三批,和县猿人遗址,古遗址,旧石器时代,118.20602611890122,31.89251639962432
第三批,水洞沟遗址,古遗址,旧石器时代,106.51892151215095,38.29908360988109
第三批,穿洞遗址,古遗址,旧石器时代,105.72073964366074,26.291193090566345
第三批,大窑遗址,古遗址,旧石器时代,112.00185704491815,40.93619002189367
第三批,磁山遗址,古遗址,新石器时代,114.1055527904883,36.580675963622326
第三批,大地湾遗址,古遗址,新石器时代,105.91075127211433,35.018302109428284
第三批,马家窑遗址,古遗址,新石器时代,103.81467645995818,35.31409126229631
第三批,马厂塬遗址,古遗址,新石器时代,102.83457428370949,36.32584560770732
第三批,陶寺遗址,古遗址,新石器时代,111.50031812156048,35.89367502740298
第三批,平粮台古城遗址,古遗址,新石器时代,114.9286048553759,33.71523691935635
第三批,屈家岭遗址,古遗址,新石器时代,113.120430879705,31.02641452152204
第三批,牛河梁遗址,古遗址,新石器时代,119.398838963662,41.20013742691916
第三批,昂昂溪遗址,古遗址,新石器时代,123.83882940964534,47.1502582070439
第三批,二里头遗址,古遗址,夏商,112.69625667420934,34.69454999309906
第三批,尸乡沟商城遗址,古遗址,商,112.77074224534516,34.734174592726525
第三批,盘龙城遗址,古遗址,商,114.26751606855684,30.701868701978743
第三批,三星堆遗址,古遗址,商周,104.20581091388038,31.000301481337992
第三批,琉璃河遗址,古遗址,西周,116.0311516133929,39.61555906939296
第三批,薛城遗址,古遗址,东周,117.26366521158698,34.80200895165134
第三批,淹城遗址,古遗址,东周,119.9255881984556,31.710438122736
第三批,秦雍城遗址,古遗址,东周,107.36427839618293,34.47218847419517
第三批,禹王城遗址,古遗址,东周至汉,111.18079879316356,35.189876417822646
第三批,中山古城遗址,古遗址,战国,114.20527080685872,38.335663655534695
第三批,秦咸阳城遗址,古遗址,战国至秦,108.86260157144528,34.42190872046395
第三批,姜女石遗址,古遗址,秦汉,120.3448389822661,40.33035117962964
第三批,居延遗址,古遗址,汉,101.06016888974231,41.958430982084266
第三批,居延遗址,古遗址,汉,99.93638548939111,40.58969846800554
第三批,玉门关及长城烽燧遗址（包括大方盘小方盘）,古遗址,汉,93.97612589168313,40.41452045754214
第三批,楼兰故城遗址,古遗址,汉至晋,88.17098729170873,39.033083819195085
第三批,西海郡故城遗址,古遗址,汉至南北朝,100.98852861824211,36.90954438578664
第三批,邺城遗址,古遗址,曹魏至北齐,114.40708100106204,36.280012901178345
第三批,嘎仙洞遗址,古遗址,北魏,123.61052231507084,50.63459996668568
第三批,平城遗址,古遗址,北魏,113.29739841898405,40.08079109381473
第三批,隋唐洛阳城遗址,古遗址,隋唐,112.46717608039678,34.63899994722794
第三批,北庭故城遗址,古遗址,唐,89.21506380332256,44.07107216001248
第三批,北宋东京城遗址,古遗址,北宋,114.31489917095384,34.804875527445645
第三批,蒲与路故城遗址,古遗址,金,126.24872162698088,48.04603057329206
第三批,元上都遗址,古遗址,元,116.18663507115708,42.365678644279285
第三批,圆明园遗址,古遗址,清,116.31214423420803,40.00751264738124
第三批,上林湖越窑遗址,古遗址,东汉至宋,121.3389328317394,30.13441580177979
第三批,什邡堂邛窑遗址,古遗址,隋至宋,103.45267758638796,30.40682113073186
第三批,长沙铜官窑遗址,古遗址,唐至宋,112.83318202991498,28.42693882893876
第三批,涧磁村定窑遗址,古遗址,唐至元,114.6928890340702,38.80216894533438
第三批,黄堡镇耀州窑遗址,古遗址,唐至元,109.021817976755,35.00628814911184
第三批,钧台钧窑遗址,古遗址,宋,113.4795934180803,34.18364814274963
第三批,大窑龙泉窑遗址,古遗址,宋至明,118.9899436576842,27.91749231996751
第三批,屈斗宫德化窑遗址（包括浔中、盖德、三班）,古遗址,宋至明,118.18179757822163,25.51379947771286
第三批,八岭山古墓群,古墓葬,东周至明,112.07697294607529,30.44377799828884
第三批,擂鼓墩古墓群,古墓葬,战国,113.34504005182472,31.73483023280093
第三批,田齐王陵,古墓葬,战国,118.37339639547668,36.78797150714215
第三批,长陵,古墓葬,西汉,108.88319555281798,34.44054937730699
第三批,杜陵,古墓葬,西汉,108.99918926769725,34.167916621549324
第三批,中山靖王墓,古墓葬,西汉,115.29498232070408,38.9531620695259
第三批,广武汉墓群,古墓葬,汉,112.77702761639428,39.23285071258509
第三批,张衡墓,古墓葬,东汉,112.61533915598,33.17688665814348
第三批,麻浩崖墓,古墓葬,东汉至南北朝,103.77818255518493,29.54768058270272
第三批,打虎亭汉墓,古墓葬,东汉,113.288786803908,34.51516277708593
第三批,张仲景墓及祠,古墓葬,东汉,111.4900615679378,33.122058997432376
第三批,阿斯塔那古墓群,古墓葬,晋至唐,89.53321448017331,42.88891493692738
第三批,磁县北朝墓群,古墓葬,北朝,114.32292994861294,36.31444226823705
第三批,桥陵,古墓葬,唐,109.45427716217227,34.97690675874039
第三批,龙头山古墓群,古墓葬,渤海,129.01081095222705,42.54989121440936
第三批,南唐二陵,古墓葬,五代,118.73997505848534,31.89563856071341
第三批,司马光墓,古墓葬,北宋,111.12322101884465,35.20569821944113
第三批,辽陵及奉陵邑（包括祖陵及祖州城、庆陵及庆州城）,古墓葬,辽,119.3795158711328,43.97408529802871
第三批,辽陵及奉陵邑（包括祖陵及祖州城、庆陵及庆州城）,古墓葬,辽,118.66394565031364,43.537925816600925
第三批,西夏陵,古墓葬,西夏,106.23409767814786,38.49200390364836
第三批,僰人悬棺葬（墓）,古墓葬,宋至清,104.82772707964097,28.038607671842648
第三批,伊斯兰教圣墓,古墓葬,元,118.62207102205244,24.915939740664424
第三批,奢香墓,古墓葬,明,105.6092836002524,27.16651897685645
第三批,苏禄王墓,古墓葬,明,116.29642608503984,37.47670039394239
第三批,显陵,古墓葬,明,112.58890524509474,31.17639326969057
第三批,徐光启墓,古墓葬,明,121.4366040618539,31.198124270827257
第三批,李自成墓,古墓葬,清,114.48414080884132,29.615189572830023
第三批,永陵,古墓葬,清,124.8331556617608,41.71498342452703
第三批,福陵,古墓葬,清,123.57413070530586,41.824847920520334
第三批,阿巴和加麻扎（墓）,古墓葬,清,75.97076311927115,39.51882603488303
第四批,龙骨坡遗址,古遗址,更新世,104.07094975538206,30.5799869366428
第四批,镇朔楼,,明,115.0623673505089,40.61681078176878
第四批,许家窑侯家窑遗址,古遗址,旧石器时代,113.9692549781394,40.112559810292055
第四批,许家窑侯家窑遗址,古遗址,旧石器时代,113.984715696205,40.10672545157357
第四批,沉香阁,,清,121.49224666912023,31.23516832497534
第四批,梁南康简王肖绩墓石刻,,南朝,119.17007583350969,31.952841990587466
第四批,鸡公山遗址,古遗址,旧石器时代,112.23981443649252,30.343399492536918
第四批,戚继光牌坊,,明,116.99644471668516,35.600732343223186
第四批,大洞遗址,古遗址,旧石器时代,104.47622182012408,25.71864480447665
第四批,辟雍碑,,西晋,113.75320671795902,34.772699929957554
第四批,西阴村遗址,古遗址,新石器时代,111.22726904748848,35.22134150866061
第四批,兴隆洼遗址,古遗址,新石器时代,120.78896260558685,42.296182524972615
第四批,繁塔,,宋,114.36280538616091,34.776142522000335
第四批,查海遗址,古遗址,新石器时代,121.8352389289734,42.180810393050486
第四批,延庆观,,元,114.34670809212584,34.799395293818755
第四批,南山石篆山摩崖造像,,宋,104.74953208087612,31.457871768352884
第四批,良渚遗址,古遗址,新石器时代,119.97839730404628,30.39394635900695
第四批,良渚遗址,古遗址,新石器时代,119.99261019495437,30.398287344334044
第四批,薛家岗遗址,古遗址,新石器时代,116.59619776378538,30.56444953737894
第四批,石门山摩崖造像,,宋,104.07094975538206,30.5799869366428
第四批,北庄遗址,古遗址,新石器时代,117.66594258640136,34.997540917396364
第四批,岭山寺塔,,宋,109.49566702001997,36.59896130666704
第四批,丹土遗址,古遗址,新石器时代,119.5306225151334,35.61021997221185
第四批,中国共产党六届六中全会旧址,,１９３８年,109.52746212164809,36.62754323737469
第四批,西山遗址,古遗址,新石器时代,113.53843990287928,34.91754957331293
第四批,东千佛洞石窟,,北魏－西夏,96.42999479930003,40.17267124013628
第四批,王城岗及阳城遗址,古遗址,新石器时代－东周,113.1456342895374,34.41649761468451
第四批,羑里城遗址,古遗址,新石器时代、商、周,114.35571326317302,35.96115407078478
第四批,石家河遗址,古遗址,新石器时代,113.09028685404547,30.77050429278518
第四批,雕龙碑遗址,古遗址,新石器时代,112.93967311305502,32.27588618942895
第四批,城头山遗址,古遗址,新石器时代,111.66237196679693,29.67206277529211
第四批,石佛洞遗址,古遗址,新石器时代,99.43768752754822,23.374630733259576
第四批,卡若遗址,古遗址,新石器时代,97.21188233843074,31.070214930644923
第四批,姜寨遗址,古遗址,新石器时代,109.21434294492155,34.38683418963846
第四批,齐家坪遗址,古遗址,新石器时代,103.83731004531155,35.502949891047535
第四批,大甸子遗址,古遗址,青铜时代,120.61550424196304,42.30715213743575
第四批,白金宝遗址,古遗址,青铜时代,124.45638954507758,45.492985229447136
第四批,旌介遗址,古遗址,商,111.91695107527654,36.90443697694989
第四批,吴城遗址,古遗址,商,115.29534672301573,27.99117308818284
第四批,曲村天马遗址,古遗址,周,111.56942288520192,35.742843243743344
第四批,曲村天马遗址,古遗址,周,111.58641540125724,35.742112072453864
第四批,大工山凤凰山铜矿遗址,古遗址,西周－宋,118.24403192290846,30.842799988638223
第四批,大工山凤凰山铜矿遗址,古遗址,西周－宋,118.03688931529308,30.861891493034705
第四批,蔡国故城,古遗址,西周、春秋,114.25224846375627,33.281054272486
第四批,酒店冶铁遗址,古遗址,战国、汉,114.02153909595786,33.39540602061044
第四批,戚城遗址,古遗址,春秋,115.02586746556564,35.75767967923525
第四批,郑国渠首遗址,古遗址,战国,108.61447445116978,34.63425355799415
第四批,魏长城遗址,古遗址,战国,110.07939587271296,34.56336378838497
第四批,魏长城遗址,古遗址,战国,110.07939587271296,34.56336378838497
第四批,北戴河秦行宫遗址,古遗址,秦,119.53072348497535,39.82318850069252
第四批,固阳秦长城遗址,古遗址,秦,110.051600535301,41.11242246444398
第四批,秦代造船遗址、南越国宫署遗址及南越文王墓,古遗址,秦、西汉,113.27100571026624,23.13571428167752
第四批,五女山山城,古遗址,高句丽（公元前37-668年）,125.41719446180336,41.331066937794205
第四批,凤凰山山城,古遗址,高句丽（公元前37-668年）,124.08070232940852,40.41443597996665
第四批,城村汉城遗址,古遗址,汉,118.05161984151884,27.552696947343662
第四批,甘泉宫遗址,古遗址,汉,108.552971262517,34.97733355749887
第四批,骆驼城遗址,古遗址,汉－唐,99.58720855735469,39.36124796875079
第四批,尼雅遗址,古遗址,西汉－西晋,82.72522235602196,37.98306492529992
第四批,洪州窑遗址,古遗址,东晋－唐,115.85670268364385,28.279928017002256
第四批,统万城遗址,古遗址,十六国,108.8787865984727,37.99993691530907
第四批,磁州窑遗址,古遗址,北齐、隋、宋、元,114.18719794269192,36.42715092123072
第四批,磁州窑遗址,古遗址,北齐、隋、宋、元,114.37683720620224,36.379495783149565
第四批,苏巴什佛寺遗址,古遗址,南北朝－唐,83.05249438772172,41.86093581788424
第四批,邢窑遗址,古遗址,隋－五代,114.44923607699268,37.29080420648464
第四批,邢窑遗址,古遗址,隋－五代,114.49949853893096,37.45011857070141
第四批,隋大兴唐长安城遗址（包括青龙寺遗址）,古遗址,隋、唐,108.91047099591776,34.254412560120215
第四批,隋仁寿宫唐九成宫遗址,古遗址,隋、唐,107.79035783496724,34.684666514160064
第四批,灞桥遗址,古遗址,隋－元,109.0831319893142,34.32049073624276
第四批,锁阳城遗址,古遗址,隋、唐,96.21003679809311,40.257363529893695
第四批,渤海中京城遗址,古遗址,渤海（公元698-926年）,129.15324313284862,42.718698464622285
第四批,扬州城遗址,古遗址,隋－宋,119.417182116116,32.43515084527633
第四批,华清宫遗址,古遗址,唐,109.21645199459392,34.36646939733367
第四批,缸瓦窑遗址,古遗址,辽,118.51509861524455,42.13770538046551
第四批,钓鱼城遗址,古墓葬,宋、元,104.07094975538206,30.5799869366428
第四批,敖伦苏木城遗址,古墓葬,元,110.43325334569148,41.70245615614865
第四批,大伊山石棺墓,古墓葬,新石器时代,119.2397619874922,34.319580811575726
第四批,石棚山石棚,古墓葬,青铜时代,122.06572411514271,40.07284219186403
第四批,虢国墓地,古墓葬,周,111.21127536798596,34.79336572926378
第四批,纪山楚墓群,古墓葬,东周,112.17688820985306,30.543440694541665
第四批,献县汉墓群,古墓葬,汉,116.17754693024108,38.19547974391231
第四批,帽儿山墓地,古墓葬,汉,126.54996033883243,43.841329032154405
第四批,汉楚王墓群,古墓葬,汉,117.28480872582251,34.21394557854012
第四批,汉楚王墓群,古墓葬,汉,117.16978784341504,34.18733303323816
第四批,汉梁王墓群,古墓葬,西汉,116.45007017055592,33.93607593841882
第四批,合浦汉墓群,古墓葬,汉,109.19211529963428,21.65198464989823
第四批,郪江崖墓群,古墓葬,汉,105.09605261781208,30.818189651137043
第四批,曹植墓,古墓葬,三国,116.21974846280656,36.18206506016009
第四批,武侯墓,古墓葬,三国,106.6548660708182,33.13098559315079
第四批,泰陵,古墓葬,隋,108.71073615497826,34.3369072724832
第四批,永陵,古墓葬,西魏,109.18131551239908,34.75827649611889
第四批,热水墓群,古墓葬,唐,98.3040151542562,36.183465126444005
第四批,下八里墓群,古墓葬,辽,115.02739136225902,40.65266790563861
第四批,明祖陵,古墓葬,明,118.47716218301822,33.08975952837062
第四批,潞简王墓,古墓葬,明,113.92598670081124,35.423602823668524
第四批,海瑞墓,古墓葬,明,110.2024375417898,20.05424422891963
第四批,明蜀王陵,古墓葬,明,104.19349696012048,30.65211354442824
第四批,大禹陵,古建筑,清,120.60940116365076,29.975061196913934
第四批,炎帝陵,古建筑,清,113.67180084636044,26.42856589843715
第四批,龙脑桥,古建筑,明,105.38471246494,29.160609217370855
第四批,仙游寺法王塔,古建筑,隋,108.20391809836156,34.06373527541396
第四批,治平寺石塔,古建筑,唐,114.41481811647664,37.63276792986532
第四批,开福寺舍利塔,古建筑,北宋,116.26950907389632,37.699134969416285
第四批,兴圣教寺塔,古建筑,北宋,121.248155546267,31.012295319033395
第四批,罗汉院双塔及正殿遗址,古建筑,北宋,120.63617518987635,31.31484214860641
第四批,怀圣寺光塔,古建筑,唐,113.2601605466504,23.131916814222198
第四批,美榔双塔,古建筑,元,110.00924115857876,19.746229489499843
第四批,妙湛寺金刚塔,古建筑,明,102.76223419120502,24.965668299356324
第四批,娲皇宫及石刻,古建筑,北齐、明、清,113.6195173000434,36.64594079200741
第四批,初祖庵及少林寺塔林,古建筑,唐－清,112.94177305027787,34.51456692115804
第四批,桑耶寺,古建筑,789-799年,91.50905738744008,29.332356405499592
第四批,正定文庙大成殿,古建筑,五代,114.5677827513122,38.149780537442346
第四批,龙门寺,古建筑,五代－清,113.62935172192286,36.39649599050232
第四批,府州城,古建筑,五代－清,111.08951892466968,39.03728675809517
第四批,戒台寺,古建筑,辽－清,116.086792830882,39.87501404520349
第四批,阁院寺,古建筑,辽,114.6884464398059,39.358936266998704
第四批,开善寺,古建筑,辽,115.98983813418288,39.25141504270236
第四批,晋城二仙庙,古建筑,宋,112.74525447312904,35.65176158954371
第四批,崇庆寺,古建筑,宋,112.96621675128056,35.9862384498057
第四批,关王庙,古建筑,宋,113.57475043052372,37.834023479093325
第四批,则天庙,古建筑,金,112.04470016484706,37.48298649653545
第四批,南、北吉祥寺,古建筑,宋－清,113.11833754701836,35.803499122325384
第四批,孔氏南宗家庙,古建筑,南宋－清,118.878661095185,28.9686619282571
第四批,元妙观三清殿,古建筑,宋,119.01965978574532,25.44431008503348
第四批,青、白礁慈济宫,古建筑,宋－清,118.1197770701798,24.488400952952794
第四批,青、白礁慈济宫,古建筑,宋－清,117.95442131356728,24.48632652727952
第四批,赣州城墙,古建筑,宋、明,114.94193422673568,25.880329625473
第四批,广饶关帝庙大殿,古建筑,南宋,118.40710144880345,37.063186407074056
第四批,济渎庙,古建筑,宋－清,112.58283090955965,35.115607973140015
第四批,龙兴寺,古建筑,宋－清,110.3942780531763,28.459063266286694
第四批,梅庵,古建筑,北宋,112.4491463086054,23.059164643207943
第四批,托林寺,古建筑,宋,79.80420159736715,31.489679626663992
第四批,扎塘寺,古建筑,1081-1093年,91.33798513601576,29.249266153186024
第四批,张掖大佛寺,古建筑,西夏、清,100.46093552965858,38.936191630349406
第四批,北京东岳庙,古建筑,元－清,116.44425878466872,39.929383831029135
第四批,慈云阁,古建筑,元,115.80835973152446,39.26845085991168
第四批,姬氏民居,古建筑,元,113.0667666474072,35.87246913746917
第四批,牛王庙戏台,古建筑,元,111.4964481864043,36.24429850696452
第四批,绛州大堂,古建筑,元,111.22534379699556,35.62284854802587
第四批,榆次城隍庙,古建筑,元－清,112.75264756286514,37.68425729011842
第四批,霍州州署大堂,古建筑,元,111.74867214342387,36.5686861898792
第四批,真如寺大殿,古建筑,元,121.40312643008112,31.257335240219614
第四批,延福寺,古建筑,元,119.60770121391006,28.71673900141216
第四批,南阳武侯祠,古建筑,元－清,112.50804946563886,32.987000596127054
第四批,南岩宫,古建筑,元、明,111.01780386444383,32.42936632365191
第四批,德庆学宫,古建筑,元,111.76975320662903,23.14807607527322
第四批,七曲山大庙,古建筑,元－清,105.1972718885658,31.702499783338684
第四批,韩城大禹庙,古建筑,元,110.48525325802466,35.48933679513788
第四批,兴国寺,古建筑,元,105.67421650664448,34.86688875890233
第四批,大高玄殿,古建筑,明,116.39346901390336,39.92933412853752
第四批,历代帝王庙,古建筑,明、清,116.36773091259155,39.92937741034932
第四批,北京鼓楼、钟楼,古建筑,明、清,116.41616648199614,39.933430910974415
第四批,蔚州玉皇阁,古建筑,明,114.57035566030994,39.85480990259455
第四批,万里长城紫荆关,古建筑,明,115.17851873247164,39.431242154589945
第四批,毗卢寺,古建筑,明,114.51558397891904,38.04771317946287
第四批,千佛庵,古建筑,明,110.9334832716404,36.70716982601497
第四批,美岱召,古建筑,明,110.71038128602996,40.608958589057615
第四批,万里长城九门口,古建筑,明,119.95611821183856,40.09859680884671
第四批,万里长城九门口,古建筑,明,119.24285569392076,39.88936280482561
第四批,䌽衣堂,古建筑,明,120.75510170202016,31.66147620705792
第四批,诸葛、长乐村民居,古建筑,明、清,119.2818745095214,29.26569907516234
第四批,蒲壮所城,古建筑,明,120.44910367077344,27.24444724434751
第四批,镇海口海防遗址,古建筑,明－近代,121.7284273827775,29.96713036483201
第四批,棠樾石牌坊群,古建筑,明、清,118.37010038577688,29.87595628074053
第四批,老屋阁及绿绕亭,古建筑,明,118.2855407909218,29.84351594199032
第四批,罗东舒祠,古建筑,明,118.287044717005,29.93121437620323
第四批,东山关帝庙,古建筑,明、清,117.53839262162276,23.742848069904447
第四批,漳州石牌坊,古建筑,明、清,117.65401825169852,24.51403567484232
第四批,归德府城墙,古建筑,明,115.61924766776062,34.39352484729708
第四批,太昊陵庙,古建筑,明、清,114.88876622922338,33.75814564853061
第四批,比干庙,古建筑,明、清,114.0877537341649,35.47194489201809
第四批,襄阳“古隆中”,古建筑,明、清,114.33704556406656,30.685354341674863
第四批,荆州城墙,古建筑,明、清,112.19886154840094,30.356783895199836
第四批,许附马府,古建筑,明,116.6490966896456,23.6798063026574
第四批,佛山祖庙,古建筑,明、清,113.12303545194754,23.030316622522264
第四批,莫土司衙署,古建筑,明、清,108.67873372840856,24.06883414798319
第四批,靖江王府及王陵,古建筑,明,110.30322882629416,25.28883778379145
第四批,丘浚故居及墓,古建筑,明,110.35064032701978,20.00811415123714
第四批,丘浚故居及墓,古建筑,明,110.35064032701978,20.00811415123714
第四批,平武报恩寺,古建筑,明,104.53629132742353,32.41729905429381
第四批,真武山古建筑群,古建筑,明、清,104.6183190932988,28.78091163726768
第四批,张桓侯祠,古建筑,明、清,106.00768979249536,31.56620328124638
第四批,大宝积宫与琉璃殿,古建筑,明,100.2313364424403,26.86420679584265
第四批,白居寺,古建筑,明,89.60161932235012,28.93035715726638
第四批,西安钟楼、鼓楼,古建筑,明,108.9488188951439,34.2671822680386
第四批,水陆庵,古建筑,明,109.41786680716152,34.13931061629597
第四批,武威文庙,古建筑,明,102.64826775281291,37.93017122727288
第四批,鲁土司衙门旧址,古建筑,明、清,102.84195980535848,36.5961228554056
第四批,南堂,古建筑,清,116.37575537624214,39.90514443586995
第四批,觉生寺,古建筑,清,116.33840834950838,39.97343478688752
第四批,万荣后土庙,古建筑,清,110.83905979980162,35.42160168925491
第四批,祆神楼,古建筑,清,111.93102886912972,37.04018124918444
第四批,五当召,古建筑,清,110.27063773976444,40.67814713775064
第四批,盂城驿,古建筑,清,119.44025017018124,32.77861190421873
第四批,玉海楼,古建筑,清,120.63433142977756,27.79145299964213
第四批,二宜楼,古建筑,清,117.5357280156689,25.01299427790315
第四批,魏氏庄园,古建筑,清,117.75486943955345,37.2961571017335
第四批,丁氏故宅,古建筑,清,120.52976678032428,37.65681118079664
第四批,开封城墙,古建筑,清,114.3346308847751,34.80774926448865
第四批,周口关帝庙,古建筑,清,114.64651184176532,33.63901366348807
第四批,内乡县衙,古建筑,清,111.8498563301167,33.05614079583981
第四批,马田鼓楼,古建筑,清,109.85909393358102,26.26782984717897
第四批,宁远文庙,古建筑,清,111.9418892609145,25.60024468286963
第四批,满堂围,古建筑,清,113.981368952158,24.61865751272549
第四批,雷祖祠,古建筑,明、清,110.0700552491632,20.902479536578586
第四批,东坡书院,古建筑,明、清,109.36004808004316,19.748281885068412
第四批,德格印经院,古建筑,清,98.58705988795109,31.81220962859996
第四批,夕佳山民居,古建筑,明、清,105.11714472909046,28.60882431782824
第四批,杨升庵祠及桂湖,古建筑,清,104.24025485267984,30.793509947854503
第四批,中心镇公堂,古建筑,清,101.26858348554411,26.63694843012408
第四批,隆务寺,石窟寺及石刻,明、清,102.01548710166908,35.51510653827096
第四批,伊犁将军府,石窟寺及石刻,清,81.28131171493686,43.91411294249684
第四批,森木塞姆千佛洞,石窟寺及石刻,晋－宋,89.12762650078729,43.984247492369576
第四批,马蹄寺石窟群,石窟寺及石刻,十六国－清,100.42489390560829,38.49133496178442
第四批,灵泉寺石窟,石窟寺及石刻,东魏－宋,114.0828843026388,36.04907519536295
第四批,龙山石窟,石窟寺及石刻,元,112.43593010036754,37.73850235389409
第四批,贺兰山岩画,石窟寺及石刻,,106.02811731246037,38.747318604299984
第四批,龙兴观道德经幢,石窟寺及石刻,唐,115.49815824162695,39.34809192524182
第四批,天护陀罗尼经幢,石窟寺及石刻,唐,114.7753084973318,37.75306603932421
第四批,瑞岩弥勒造像,石窟寺及石刻,元,119.46572490104396,25.718635152899267
第四批,千唐志斋石刻,近现代重要史迹及代表性建筑,西晋－民国,112.02143219401977,34.74495434874549
第四批,草庵石刻,近现代重要史迹及代表性建筑,元,118.55395168199983,24.790807533401427
第四批,天津利顺德饭店旧址,近现代重要史迹及代表性建筑,清－民国,117.21640623942304,39.12594881342096
第四批,南开学校旧址,近现代重要史迹及代表性建筑,清－民国,117.1715871266912,39.13636710978235
第四批,大连俄国建筑,近现代重要史迹及代表性建筑,清,121.61668192273036,38.91816760720094
第四批,瞿秋白故居,近现代重要史迹及代表性建筑,清,119.9540031661424,31.788594191895264
第四批,马江海战炮台、烈士墓及昭忠祠,近现代重要史迹及代表性建筑,清,119.66040731001696,26.44950639397208
第四批,胡里山炮台,近现代重要史迹及代表性建筑,清,118.1079564954128,24.43825282598946
第四批,烟台福建会馆,近现代重要史迹及代表性建筑,清,121.39851212224852,37.54350101983621
第四批,青岛德国建筑,近现代重要史迹及代表性建筑,清,120.38432003503226,36.07194540569526
第四批,谭嗣同故居,近现代重要史迹及代表性建筑,清,113.63196935375564,28.151033574190546
第四批,魏源故居,近现代重要史迹及代表性建筑,清,110.90561308761986,27.482523053624185
第四批,广州沙面建筑群,近现代重要史迹及代表性建筑,清,113.24445273956847,23.114832813418232
第四批,康有为故居,近现代重要史迹及代表性建筑,清,112.9037430412222,23.03076344446831
第四批,梁启超故居,近现代重要史迹及代表性建筑,清,113.07234041076934,22.46876607572795
第四批,大邑刘氏庄园,近现代重要史迹及代表性建筑,清、民国,103.62834715745122,30.516528063737425
第四批,纳楼长官司署,近现代重要史迹及代表性建筑,清,102.83205951409764,23.643725023300707
第四批,南甸宣抚司署,近现代重要史迹及代表性建筑,清、民国,98.30362230745384,24.816122401196736
第四批,广州圣心大教堂,近现代重要史迹及代表性建筑,1888年,113.26132815792278,23.12348209424826
第四批,镇江英国领事馆旧址,近现代重要史迹及代表性建筑,1889-1890年,119.43314025430058,32.22142558165097
第四批,向警予故居,近现代重要史迹及代表性建筑,1895年,110.59690842185468,27.91749341623103
第四批,硇州灯塔,近现代重要史迹及代表性建筑,1899年,110.61266267255868,20.90689837069408
第四批,庐山会议旧址及庐山别墅建筑群,近现代重要史迹及代表性建筑,1902-1937年,115.97829668338078,29.567261965252413
第四批,上海外滩建筑群,近现代重要史迹及代表性建筑,1906-1937年,121.49985308192116,31.23489258009061
第四批,上海外滩建筑群,近现代重要史迹及代表性建筑,1906-1937年,121.49898144165068,31.256196117428058
第四批,张学良旧居,近现代重要史迹及代表性建筑,1914年,123.4650715806633,41.68149358058802
第四批,蒋氏故居,近现代重要史迹及代表性建筑,民国,121.28720831433516,29.689357254321934
第四批,李宗仁故居（包括李宗仁官邸）,近现代重要史迹及代表性建筑,1921、1948年,110.00310342855452,25.176981114300776
第四批,李宗仁故居（包括李宗仁官邸）,近现代重要史迹及代表性建筑,1921、1948年,110.2955887063672,25.28074839590754
第四批,李济深故居,近现代重要史迹及代表性建筑,民国,111.55045327912158,23.84880806878316
第四批,哈尔滨颐园街一号欧式建筑,近现代重要史迹及代表性建筑,1922年,126.64314339055332,45.76336117361511
第四批,上海邮政总局,近现代重要史迹及代表性建筑,1924年,121.4869170553254,31.25212397194491
第四批,圣索菲亚教堂,近现代重要史迹及代表性建筑,1923-1932年,126.62769222377533,45.77426354013648
第四批,哈尔滨文庙,近现代重要史迹及代表性建筑,1926-1929年,126.5355972842778,45.80686168090926
第四批,武汉国民政府旧址,近现代重要史迹及代表性建筑,1926-1927年,114.28784320894258,30.583974968965176
第四批,湘南年关暴动指挥部旧址,近现代重要史迹及代表性建筑,1928年,112.95020024326809,25.40869026405076
第四批,右江工农民主政府旧址,近现代重要史迹及代表性建筑,1929年,107.12177958035812,23.608202935250933
第四批,广州大元帅府旧址,近现代重要史迹及代表性建筑,民国,113.27969637515508,23.11903771326092
第四批,国立紫金山天文台旧址,近现代重要史迹及代表性建筑,1931年,118.8320366117088,32.072938376854616
第四批,湘赣省委机关旧址,近现代重要史迹及代表性建筑,1931-1934年,114.19655127915723,26.986633039761152
第四批,闽浙赣省委机关旧址,近现代重要史迹及代表性建筑,1932-1934年,117.653429794219,28.62260887841269
第四批,红二十五军长征出发地,近现代重要史迹及代表性建筑,1934年,114.30031074605988,31.82428534196775
第四批,会宁红军会师旧址,近现代重要史迹及代表性建筑,1936年,105.05566117383736,35.69691196585818
第四批,晋察冀边区政府及军区司令部旧址,近现代重要史迹及代表性建筑,1938-1948年,114.17722767865808,38.73808502224233
第四批,南岳忠烈祠,近现代重要史迹及代表性建筑,1938-1942年,112.74008770200176,27.241684056793183
第四批,八路军桂林办事处旧址,近现代重要史迹及代表性建筑,1938年,110.30155103180158,25.295784681384305
第四批,晋绥边区政府及军区司令部旧址,近现代重要史迹及代表性建筑,1939年,111.03835495782629,38.48097497639986
第四批,八路军一二九师司令部旧址,近现代重要史迹及代表性建筑,1940年,113.63563082830213,36.59339940118255
第四批,八路军前方总部旧址,近现代重要史迹及代表性建筑,1941-1943年,113.37864682789372,37.08789477148744
第四批,八路军一一五师司令部旧址,近现代重要史迹及代表性建筑,1941-1945年,118.77359635054172,35.34500138485612
第四批,新四军五师司令部旧址,近现代重要史迹及代表性建筑,1942-1945年,114.20824774140092,31.43764601687096
第四批,国殇墓园,近现代重要史迹及代表性建筑,1945年,98.4873148107165,25.03476160020802
第四批,中国共产党代表团办事处旧址（梅园新村）,近现代重要史迹及代表性建筑,1946-1947年,118.80288722838196,32.05147934568812
第四批,渡江战役总前委旧址,近现代重要史迹及代表性建筑,1949年,117.45750562904313,31.850582975684127
第四批,泸州大曲老窖池,其他,明,105.41077150166176,28.90149469994568
第四批,延一井旧址,其他,清,110.01298232933844,36.58519723185653
第五批,黑城遗址,,西夏至元,100.98201426948624,41.82541777597351
第五批,金中都水关遗址,古遗址,金,116.359001903202,39.86695267822685
第五批,泥河湾遗址群,古遗址,旧石器时代,114.67099892134448,40.219125820983216
第五批,采石场遗址,,汉至魏、晋,126.19391085763958,41.129224157102335
第五批,南庄头遗址,古遗址,新石器时代,115.65687057200716,39.11621074821668
第五批,国内城,,汉至魏、晋,126.18607813841048,41.126437112954704
第五批,西寨遗址,古遗址,新石器时代,118.48097284757624,40.16280847912561
第五批,高岭瓷工矿遗址,,元至清,115.77188733566489,28.869209614273608
第五批,兆伦铸钱遗址,,汉,108.66935810825495,34.18898559557667
第五批,代王城遗址,古遗址,春秋至汉,114.67143888526468,39.895917162520206
第五批,怀陵及奉陵邑,,辽,118.66394565031364,43.537925816600925
第五批,井陉窑遗址,古遗址,隋至清,114.06679000814025,37.99206583356416
第五批,元中都遗址,古遗址,元,114.65414622080132,41.26645109546369
第五批,长川古墓群,,汉至魏、晋,126.19391085763958,41.129224157102335
第五批,柿子滩遗址,古遗址,旧石器时代,110.52006905485824,36.028300638340056
第五批,交河故城沟西沟北墓地及雅尔湖石窟,,汉至唐,89.05837619564666,42.96061932926379
第五批,骆驼城墓群,,汉至唐,99.64898667256074,39.3556252803013
第五批,东下冯遗址,古遗址,新石器时代至商,111.31155379754324,35.26065241039332
第五批,绛州三楼,,明,111.22189603379992,35.61984695015668
第五批,晋阳古城遗址,古遗址,春秋至五代,112.55173220208214,37.89276356471823
第五批,泰宁尚书第建筑群,,明、清,117.17904062471152,26.90737996871353
第五批,蒲津渡与蒲州故城遗址,古遗址,唐至明,110.29217116104388,34.85394119992992
第五批,曲回寺石像冢,古遗址,唐,114.06297890583645,39.19379725683834
第五批,苏州文庙,,明,120.62579969206674,31.3032691852487
第五批,赵家村汉阙、王家坪汉阙、蒲家湾汉阙,,汉,107.05613832471438,31.024887643030084
第五批,萨拉乌苏遗址,古遗址,旧石器时代,108.81939096800104,38.609576669943024
第五批,水宁寺摩崖造像、西龛北龛摩崖造像,,隋至宋,106.7762614496526,31.87197541902415
第五批,岱海遗址群,古遗址,新石器时代,112.50749283389688,40.54399447697181
第五批,庙子沟遗址,古遗址,新石器时代,113.36006874781172,40.76329064017699
第五批,清源山石造像群,,宋至元,118.61384292244678,24.954309707013536
第五批,庐山河东路175号别墅,,近代,115.98440510594163,29.571070950797875
第五批,架子山遗址群,古遗址,青铜时代,118.7041618756812,41.93009878488345
第五批,大井古铜矿遗址,古遗址,青铜时代,118.27371937042398,43.69619278959894
第五批,廖仲恺、何香凝墓，邓演达墓，谭延闿墓，国民革命军阵亡将士公墓,,1931年至1935年,118.87146728878048,32.06261617239043
第五批,张謇墓,,1926年,120.9111658152101,31.9742853118536
第五批,城子山遗址,古遗址,青铜时代,119.84021208496064,42.4898544058751
第五批,中共代表团驻地旧址,,1945年至1946年,106.5517625021706,29.56621474689188
第五批,和林格尔土城子遗址,古遗址,汉至唐,111.5808386873584,40.52298771428003
第五批,《新华日报》营业部旧址,,1940年至1946年,106.57175124359988,29.56197610036018
第五批,黑山头城址,古遗址,金、元,119.57756746302694,50.21991849514034
第五批,金界壕遗址,古遗址,金,118.4951920528548,44.255364094329735
第五批,金界壕遗址,古遗址,金,120.8727063720446,46.70064572156275
第五批,金界壕遗址,古遗址,金,122.24497086100314,43.65562053516114
第五批,金界壕遗址,古遗址,金,118.4951920528548,44.255364094329735
第五批,金界壕遗址,古遗址,金,118.4951920528548,44.255364094329735
第五批,金界壕遗址,古遗址,金,109.9540920997915,40.62600513320037
第五批,金界壕遗址,古遗址,金,123.50561705191402,47.92474718818042
第五批,金界壕遗址,古遗址,金,123.204856729247,47.34138481501032
第五批,金界壕遗址,古遗址,金,123.91801355024948,47.35793052541971
第五批,秦氏支祠,,近代,121.54205043192476,29.879092832537708
第五批,嘉兴南湖中共“一大”会址,,1921年,120.76805881468285,30.77240560023716
第五批,应昌路故城遗址,古遗址,元,116.48709381361286,43.27364874770998
第五批,海城仙人洞遗址,古遗址,旧石器时代,122.98086176918862,40.58533090727523
第五批,福建土楼,,清至近代,116.98027610887397,24.66875864500594
第五批,福建土楼,,清至近代,117.09698128764836,24.674918768022213
第五批,福建土楼,,清至近代,117.31755777854828,24.371094729746844
第五批,新乐遗址,古遗址,新石器时代,123.4158472581879,41.85062168844402
第五批,东山嘴遗址,古遗址,新石器时代,119.79839671946004,41.12856091168906
第五批,汉书遗址,古遗址,青铜时代,124.0013163765386,45.70950441952167
第五批,西团山遗址,古遗址,青铜时代,126.50069288263138,43.80926216180882
第五批,万发拨子遗址,古遗址,战国至晋,125.9362636456641,41.69901949264062
第五批,二龙湖古城遗址,古遗址,战国,124.79638315583512,43.1947907876694
第五批,罗通山城,古遗址,汉至魏、晋,125.98389396979566,42.38706075563002
第五批,八连城遗址,古遗址,唐、五代,130.29459585496818,42.86625066607078
第五批,宝山一六道沟冶铜,古遗址,唐、五代,127.19436455130857,41.60790521221672
第五批,塔虎城,古遗址,辽、金,124.35932646382234,45.41575075366479
第五批,三江平原汉魏时期遗址,古遗址,汉、魏,130.31954260739258,46.80344974857661
第五批,三江平原汉魏时期遗址,古遗址,汉、魏,131.13983327127647,46.6801308841663
第五批,三江平原汉魏时期遗址,古遗址,汉、魏,131.80684573745023,46.77086619144563
第五批,三江平原汉魏时期遗址,古遗址,汉、魏,132.19608810040205,46.33051228067397
第五批,三江平原汉魏时期遗址,古遗址,汉、魏,132.03659472974448,47.25338890044745
第五批,奥里米城址,古遗址,金,131.74654873124166,47.29634532399048
第五批,八里城遗址,古遗址,金,125.86010499662868,45.68546370081717
第五批,福泉山遗址,古遗址,新石器时代,121.1789940060278,31.208709500074995
第五批,龙虬庄遗址,古遗址,新石器时代,119.51436739260348,32.838190771437084
第五批,罗家角遗址,古遗址,新石器时代,120.47092614985344,30.637943264402164
第五批,马家浜遗址,古遗址,新石器时代,120.70758771491404,30.71112692697366
第五批,下菰城遗址,古遗址,春秋,120.11052093659724,30.789412839811572
第五批,临安城遗址,古遗址,南宋,119.7266212180984,30.242275156630267
第五批,铁店窑遗址,古遗址,宋、元,119.51010217336778,29.004323695872124
第五批,陈山遗址,古遗址,旧石器时代,118.87216511347034,30.87916534606289
第五批,凌家滩遗址,古遗址,新石器时代,118.05675268899785,31.469150902485374
第五批,尉迟寺遗址,古遗址,新石器时代,116.75839232284665,33.35884888370618
第五批,寿春城遗址,古遗址,战国,116.81341295638178,32.578118221788124
第五批,寿州窑遗址,古遗址,南朝至唐,116.77759195449508,32.45216526413192
第五批,柳孜运河码头遗址,古遗址,唐至宋,116.60655601161386,33.82970643457292
第五批,繁昌窑遗址,古遗址,宋,118.20013247443752,31.110053298710994
第五批,万寿岩遗址,古遗址,旧石器时代,117.45692091899848,26.27641742048731
第五批,昙石山遗址,古遗址,新石器时代至商、周,119.1335425071896,26.15907686914459
第五批,建窑遗址,古遗址,唐至宋,118.35479945368844,27.376696389262456
第五批,仙人洞、吊桶环遗址,古遗址,新石器时代,117.17570266076538,28.73538918361716
第五批,筑卫城遗址,古遗址,新石器时代至东周,115.6143123114074,28.043006789346997
第五批,铜岭铜矿遗址,古遗址,商、周,115.54752590998297,29.755898968696854
第五批,吉州窑遗址,古遗址,宋、元,115.02085959336728,27.033401891619228
第五批,西河遗址,古遗址,新石器时代,117.34324789118172,36.74333625891836
第五批,桐林遗址,古遗址,新石器时代,118.25300713364102,36.909346365972695
第五批,丁公遗址,古遗址,新石器时代,117.85077549138651,36.95100641948484
第五批,景阳岗遗址,古遗址,新石器时代,115.88563689970071,36.201967410491925
第五批,安邱固堆遗址,古遗址,新石器时代至商,115.48172235197876,35.23981751355446
第五批,即墨故城遗址,古遗址,东周至北齐,120.25450646761398,36.70080080860476
第五批,裴李岗遗址,古遗址,新石器时代,113.65769193245076,34.44323444310984
第五批,贾湖遗址,古遗址,新石器时代,113.6731512895036,33.620628232981844
第五批,八里岗遗址,古遗址,新石器时代,112.1406351673353,32.695684231582746
第五批,北阳平遗址,古遗址,新石器时代,110.66244006052126,34.52888209344505
第五批,庙底沟遗址,古遗址,新石器时代,111.16409003699724,34.779865113218825
第五批,大河村遗址,古遗址,新石器时代,113.69512321526956,34.844225913268886
第五批,孟庄遗址,古遗址,新石器时代至商、周,113.84050578604024,35.43070591978389
第五批,古城寨城址,古遗址,新石器时代,113.6547086966301,34.46923408187725
第五批,府城遗址,古遗址,商,113.16710162213884,35.21428484179806
第五批,番国故城遗址,古遗址,东周,115.66856820872054,32.202185500473554
第五批,城阳城址,古遗址,东周,114.04044585474018,32.362678951268265
第五批,古荥冶铁遗址,古遗址,汉,113.53425971760755,34.88281315683259
第五批,黄冶三彩窑址,古遗址,唐,113.04696203345564,34.742252421969994
第五批,清凉寺汝官窑遗址,古遗址,宋,112.8640519309044,33.93332924214409
第五批,鹿邑太清宫遗址,古遗址,宋、金,115.5548993447598,33.864887334206095
第五批,学堂梁子遗址,古遗址,旧石器时代,110.81326222816858,32.84271197763572
第五批,关庙山遗址,古遗址,新石器时代,111.83346154471003,30.516737268102847
第五批,门板湾遗址,古遗址,新石器时代,113.54293611167172,30.91921138223998
第五批,走马岭遗址,古遗址,新石器时代,112.42558845748113,29.72945655191377
第五批,阴湘城遗址,古遗址,新石器时代,112.028157136895,30.52017563908045
第五批,磨盘山遗址,古遗址,东周,112.00148004747356,30.68849236409225
第五批,龙湾遗址,古遗址,东周,112.71790154178264,30.23792933487094
第五批,鄂王城城址,古遗址,东周,114.56042216288805,29.995891812349655
第五批,季家湖城址,古遗址,东周,111.92982684399988,30.55138281289239
第五批,楚皇城城址,古遗址,东周至秦、汉,112.30512963706416,31.660199760046464
第五批,湖泗瓷窑址群,古遗址,五代至明,114.45690055270416,30.06725353241328
第五批,玉虚宫遗址,古遗址,明,111.08453246911068,32.51396102179082
第五批,玉蟾岩遗址,古遗址,新石器时代,111.48220849427756,25.58805158249453
第五批,彭头山遗址,古遗址,新石器时代,111.67810009765454,29.689937768236987
第五批,八十档遗址,古遗址,新石器时代,111.76414644684698,29.649015630922527
第五批,老司城遗址,古遗址,五代至清,109.9650791555168,29.0083829288056
第五批,石峡遗址,古遗址,新石器时代,113.60632137763834,24.69147284615694
第五批,莲花山古采石场,古遗址,西汉至清,113.50884058329942,22.991747488888464
第五批,笔架山潮州窑遗址,古遗址,宋,116.66032215862272,23.671647555850157
第五批,落笔洞遗址,古遗址,旧石器时代,109.5461633884249,18.32861365762138
第五批,百谷和高岭坡遗址,古遗址,旧石器时代,107.20493947228172,23.574090113816016
第五批,百谷和高岭坡遗址,古遗址,旧石器时代,107.20493947228172,23.574090113816016
第五批,甑皮岩遗址,古遗址,新石器时代,110.28572623113207,25.221827493511785
第五批,顶蛳山遗址,古遗址,新石器时代,108.4894998264763,22.767443593438543
第五批,高家镇遗址,古遗址,旧石器时代,107.86681768667503,30.02665813498806
第五批,罗家坝遗址,古遗址,新石器时代至东汉,107.72897074540371,31.361934915188566
第五批,成都平原史前城址,古遗址,新石器时代,104.07023157474984,30.581437788377382
第五批,成都平原史前城址,古遗址,新石器时代,103.90336478863811,30.80223877795697
第五批,成都平原史前城址,古遗址,新石器时代,103.86147097039492,30.69121509204772
第五批,成都平原史前城址,古遗址,新石器时代,103.6514384514156,30.996794655895265
第五批,成都平原史前城址,古遗址,新石器时代,103.67728908277792,30.639273566180588
第五批,十二桥遗址,古遗址,商至西周,104.05071099039093,30.67180954908504
第五批,汉庄城址,古遗址,汉,99.17202121433516,25.08885753957328
第五批,黔西观音洞遗址,古遗址,旧石器时代,105.97426271419177,26.86320445134718
第五批,可乐遗址,古遗址,战国至汉,104.38012126832734,27.24255810740448
第五批,拉加里王宫遗址,古遗址,13世纪至18世纪,92.20131205542688,29.072008004407877
第五批,甜水沟遗址,古遗址,旧石器时代,109.73584901143788,34.87245811262102
第五批,花石浪遗址,古遗址,旧石器时代,110.14908187353524,34.09841328806459
第五批,元君庙泉护村遗址,古遗址,新石器时代,109.86877120431092,34.539380283135664
第五批,康家遗址,古遗址,新石器时代,109.3780275076199,34.59080688446301
第五批,老牛坡遗址,古遗址,新石器时代至商,109.1425594571587,34.26374544523784
第五批,栎阳城遗址,古遗址,战国至汉,109.2871649396386,34.67421174933377
第五批,京师仓遗址,古遗址,西汉,110.17188186686204,34.61505237628383
第五批,良周遗址,古遗址,秦、汉,109.876123059946,35.37400247933368
第五批,东渭桥遗址,古遗址,唐,109.120363412275,34.44366176325816
第五批,玉华宫遗址,古遗址,唐,108.91892165899824,35.33962400444008
第五批,南佐遗址,古遗址,新石器时代,107.60598118675416,35.692162518967685
第五批,大堡子山遗址及墓群,古遗址,西周至春秋,105.28822213824546,34.22442926004349
第五批,黑水国遗址,古遗址,汉至魏、晋,100.3516282920994,39.02467578498833
第五批,悬泉置遗址,古遗址,汉至魏、晋,94.66746669639728,40.14722760281165
第五批,许三湾城及墓群,古遗址,汉至唐,99.49958073716404,39.35035073953885
第五批,白塔寺遗址,古遗址,元,102.7446970927932,37.77199947905199
第五批,喇家遗址,古遗址,新石器时代,102.81230851952232,35.86788964292465
第五批,塔温搭里哈遗址,古遗址,青铜时代,98.10198018998275,36.3076952828286
第五批,开城遗址,古遗址,元,106.2889179602337,35.97333095050821
第五批,奴拉赛铜矿遗址,古遗址,青铜时代,82.51513974281366,43.80338492840946
第五批,圆沙古城,古遗址,汉,81.68108482397844,36.86332499475136
第五批,克孜尔尕哈烽燧,古遗址,汉,82.90514157971681,41.799245213988186
第五批,孔雀河烽燧群,古遗址,汉至晋,86.11871504006704,41.06182382465189
第五批,罗布泊南古城遗址,古遗址,汉至晋,89.51175603701061,39.20991567822245
第五批,莫尔寺遗址,古遗址,汉至唐,75.86632576260567,39.38123209796977
第五批,托库孜萨来遗址,古遗址,汉至唐,79.03647873561737,39.98485725307646
第五批,米兰遗址,古遗址,汉至唐,88.94144028924269,39.2394575427481
第五批,安迪尔古城遗址,古遗址,汉至唐,83.66342346218039,37.93677513779647
第五批,石头城遗址,古遗址,晋至清,75.22776237208016,37.77912922180261
第五批,七个星佛寺遗址,古遗址,晋至宋,86.34877122990864,41.94003803035266
第五批,热瓦克佛寺遗址,古遗址,南北朝,80.16739743814047,37.35400962540878
第五批,白杨沟佛寺遗址,古遗址,唐,92.98185666945145,43.01818657867337
第五批,大河古城,古遗址,唐,93.02134486516684,43.60399734879729
第五批,乌拉泊古城,古遗址,唐至元,87.41273294507153,43.47539147112711
第五批,台藏塔遗址,古遗址,唐至宋,89.52478516498687,42.87488752744254
第五批,景泰陵,古墓葬,明,116.24280954324644,40.008154259326666
第五批,赵王陵,古墓葬,战国,114.42549327727954,36.71311955283094
第五批,赵王陵,古墓葬,战国,114.54491978540447,36.74743954809835
第五批,汉中山王墓,古墓葬,汉,115.18556033301124,38.260627106756885
第五批,逯家庄壁画墓,古墓葬,东汉,115.51953831140848,38.23993152507704
第五批,北齐高氏墓群,古墓葬,北朝至隋,116.18381382092645,37.60604815656752
第五批,梳妆楼元墓,古墓葬,元,115.78503793682845,41.66375413503566
第五批,马茂庄墓群,古墓葬,东汉,111.10580321158896,37.515104041217285
第五批,方山永固陵,古墓葬,北魏,113.35241545273536,40.28602596185556
第五批,马村砖雕墓,古墓葬,宋、金,110.92715830771944,35.59317226790772
第五批,宝山、罕苏木墓群,古墓葬,辽,119.95709192518908,44.26572799573828
第五批,析木城石棚,古墓葬,青铜时代,122.95792976087743,40.67259021016361
第五批,叶茂台辽墓,古墓葬,辽,122.88591365214396,42.33265082644061
第五批,干沟子墓群,古墓葬,战国至西汉,127.95926388453702,41.45826283830744
第五批,完颜希尹家族墓地,古墓葬,金,126.96540732995848,44.41026328246297
第五批,普哈丁墓,古墓葬,宋,119.45568374281004,32.40248649305723
第五批,浡泥国王墓,古墓葬,明,118.79724759738988,32.06673825347477
第五批,浙南石棚墓群,古墓葬,商、周,120.65761254146211,27.78726929049158
第五批,浙南石棚墓群,古墓葬,商、周,120.56859968169772,27.67108857631353
第五批,浙南石棚墓群,古墓葬,商、周,120.42926277691014,27.526096289683736
第五批,印山越国王陵,古墓葬,春秋、战国,120.4976419772814,30.091766875802115
第五批,临安吴越国王陵,古墓葬,五代,119.67486947775238,30.188291732843275
第五批,皖南土墩墓群,古墓葬,西周至春秋,118.3856670194493,30.88252351291477
第五批,皖南土墩墓群,古墓葬,西周至春秋,118.3856670194493,30.88252351291477
第五批,曹氏家族墓群,古墓葬,东汉、三国,116.0153217302769,33.80513767988922
第五批,朱然家族墓地,古墓葬,三国,118.49477511939985,31.6766643169747
第五批,仙水岩崖墓群,古墓葬,春秋、战国,116.96511148388151,28.09918978970505
第五批,汉济北王墓,古墓葬,西汉,117.18642232055012,36.98116958150675
第五批,北寨墓群,古墓葬,东汉,118.42417978772262,35.55118358644608
第五批,汉鲁王墓,古墓葬,西汉,117.00000290019334,35.51508326168085
第五批,汉鲁王墓,古墓葬,西汉,117.00863753505718,35.40774156403274
第五批,邙山陵墓群,古墓葬,汉至北魏,112.41566883453368,34.7389864440825
第五批,邙山陵墓群,古墓葬,汉至北魏,112.41566883453368,34.7389864440825
第五批,恭陵,古墓葬,唐,113.75320671795902,34.772699929957554
第五批,后周皇陵,古墓葬,五代,113.70670024679492,34.569865999154146
第五批,朱载育墓,古墓葬,明,112.9513885044578,35.094552344705555
第五批,明楚王墓,古墓葬,明,114.30612745781116,30.600863233398456
第五批,成都古蜀船棺合葬墓,古墓葬,东周,104.06161342572469,30.672942647754017
第五批,江口崖墓,古墓葬,汉,103.91040420533244,30.22540634597786
第五批,安丙家族墓地,古墓葬,南宋,106.7925009171924,30.38018463883944
第五批,石寨山占墓群,古墓葬,战国至汉,102.70144143082408,24.72759631889275
第五批,李家山古墓群,古墓葬,战国至汉,102.63401528003264,24.29429033883382
第五批,烈山墓地,古墓葬,唐,93.08001795382962,29.05492010585255
第五批,吉堆吐蕃墓群,古墓葬,唐,90.8026447578084,28.39340710104101
第五批,西汉帝陵,古墓葬,西汉,108.95237425171538,34.44942463545151
第五批,西汉帝陵,古墓葬,西汉,108.9417907527364,34.3488094636154
第五批,唐代帝陵,古墓葬,唐,109.15635402922165,34.87032045566809
第五批,唐代帝陵,古墓葬,唐,109.5874774239664,34.962316306207505
第五批,唐代帝陵,古墓葬,唐,108.942746092567,34.62443076876115
第五批,唐代帝陵,古墓葬,唐,108.8447401003734,34.53473571081162
第五批,唐代帝陵,古墓葬,唐,108.4267616833065,34.488551322527464
第五批,唐代帝陵,古墓葬,唐,108.24070300436374,34.5353141374412
第五批,果园新城墓群,古墓葬,魏至唐,98.50007279052888,39.73766479330723
第五批,果园新城墓群,古墓葬,魏至唐,98.43982128083243,39.85864546441991
第五批,汪氏家族墓地,古墓葬,元至明,104.47581083295589,34.85525570201239
第五批,雷台汉墓,古墓葬,东汉,102.64321142072238,37.94517005761327
第五批,三海子墓葬及鹿石,古墓葬,青铜时代,89.7265536590611,47.18246108854844
第五批,焉不拉克古墓群,古墓葬,青铜时代,92.83239335576404,43.039646775877465
第五批,察吾乎古墓群,古墓葬,青铜时代至春秋,86.38770378619076,42.32786954513518
第五批,切木尔切克石人及石棺墓群,古墓葬,青铜时代至汉、魏,87.97317567297505,47.80297641778159
第五批,扎滚鲁克古墓群,古墓葬,青铜时代至魏、晋,85.45496506451128,38.10493106309467
第五批,山普拉古墓群,古墓葬,汉至晋,80.19325208920871,37.07974113764661
第五批,吐虎鲁克铁木尔汗麻扎,古墓葬,元,80.88297934185589,44.06136839480951
第五批,潭柘寺,古建筑,清,116.03110585708215,39.910559766193096
第五批,可园,古建筑,清,116.40209016794,39.94145057303812
第五批,孚王府,古建筑,清,116.44337772294315,39.92501836830076
第五批,景山,古建筑,明、清,116.36628939154949,39.91673763977564
第五批,白云观,古建筑,清,116.34416458775227,39.90532945890124
第五批,万佛堂、孔水洞石刻及塔,古建筑,隋、唐至明,115.987460027478,39.79506516676273
第五批,法源寺,古建筑,清,116.37017918083993,39.890039137758016
第五批,先农坛,古建筑,明、清,116.39419047411126,39.88227229786609
第五批,碧云寺,古建筑,明、清,116.19164046285172,40.00217382634412
第五批,大慧寺,古建筑,明,116.29934246757324,39.964217970511015
第五批,十方普觉寺,古建筑,清,116.29934246757324,39.964217970511015
第五批,清净化城塔,古建筑,清,116.3908373440489,39.96970724018425
第五批,天津广东会馆,古建筑,清,117.18189893170911,39.14555141245417
第五批,临济寺澄灵塔,古建筑,金,114.57366249542784,38.14087789868422
第五批,药王庙,古建筑,明、清,115.31969971367371,38.41225560758431
第五批,昭化寺,古建筑,明,114.46915233023512,40.46914762810288
第五批,鸡鸣驿城,古建筑,明,115.31539008008824,40.45702179596424
第五批,幽居寺塔,古建筑,唐,114.04157279627972,38.59851624814196
第五批,定州贡院,古建筑,清,115.00787318665276,38.519693995131405
第五批,溥仁寺,古建筑,清,117.95686656713735,40.99658301706424
第五批,源影寺塔,古建筑,金,119.15920126287602,39.71631713259795
第五批,泊头清真寺,古建筑,明,116.5694511647678,38.06933412988165
第五批,普利寺塔,古建筑,北宋,114.50813005421512,37.44393559863591
第五批,涿州双塔,古建筑,辽,116.03479841327014,39.46931640253162
第五批,南安寺塔,古建筑,辽,114.5706674374792,39.84312977273057
第五批,释迦寺,古建筑,元、明,114.5707400342488,39.83991096316512
第五批,腰山王氏庄园,古建筑,清,115.21796433585077,38.898128485873045
第五批,古莲花池,古建筑,金至清,115.49862625005962,38.86241061323396
第五批,庆化寺花塔,古建筑,辽,115.58879211132108,39.487059787496506
第五批,万荣稷王庙,古建筑,金,110.78077511856272,35.45576643711515
第五批,大同九龙壁,古建筑,明,113.36617994119996,40.10145554109391
第五批,广济寺大雄宝殿,古建筑,元,113.25951797483616,38.72880143956026
第五批,介休后土庙,古建筑,明、清,111.91792502567252,37.035357508449295
第五批,正觉寺,古建筑,金至明,113.01789918215646,36.12218531197557
第五批,龙岩寺,古建筑,金、明,113.19251032121868,35.76915039624981
第五批,荆庄大云寺大雄宝殿,古建筑,金,113.61200822096224,39.638979124851154
第五批,窦大夫祠,古建筑,元至清,112.43946769743437,38.01681857939048
第五批,观音堂,古建筑,明,113.0833355717545,36.23360037284316
第五批,潞安府城隍庙,古建筑,元至清,113.11602871767415,36.18863469337672
第五批,阿育王塔,古建筑,元,112.95898615518564,39.0738900218662
第五批,边靖楼,古建筑,明,112.95446417040756,39.06940961198906
第五批,淳化寺,古建筑,金,113.59305046009833,36.35891229709454
第五批,明惠大师塔,古建筑,五代,113.6312504611187,36.24124501856488
第五批,九天圣母庙,古建筑,北宋至清,113.34340399429394,36.23050619257435
第五批,慈相寺,古建筑,北宋至清,112.28930209681376,37.24619418094209
第五批,平遥文庙,古建筑,金至清,112.19010510852992,37.206972687635286
第五批,兴东垣东岳庙,古建筑,金至清,110.95249865094544,37.05497789886764
第五批,大悲院,古建筑,宋、金,111.55165622445276,35.740575870220226
第五批,太符观,古建筑,金至清,111.92419601911338,37.349885172914064
第五批,沁县大云院,古建筑,宋至清,112.69913116542298,36.76198669364177
第五批,觉山寺塔,古建筑,辽,114.3100953664969,39.375335622492464
第五批,资寿寺,古建筑,明,111.83565333314284,36.897373008852405
第五批,清凉寺,古建筑,元,110.83298407123915,34.7880914269227
第五批,广仁王庙,古建筑,唐,110.6885803500551,34.73609314392162
第五批,芮城城隍庙,古建筑,北宋至清,110.691456260441,34.69894278517008
第五批,泛舟禅师塔,古建筑,唐,110.94105357809326,35.02704172411575
第五批,洪福寺,古建筑,金,113.06149163387468,38.635062538437424
第五批,洪济院,古建筑,金至清,112.67170991935332,36.98821395684915
第五批,武乡县大云寺,古建筑,宋至清,112.66733459754424,36.947682128758736
第五批,会仙观,古建筑,金至清,113.04532733928048,36.75783782765197
第五批,大王庙,古建筑,金至明,113.66252985953376,38.16067224428606
第五批,临晋县衙,古建筑,元至近代,110.55406015068984,35.103592324552224
第五批,香严寺,古建筑,金至明,110.9040676609786,37.44492720568841
第五批,洪洞玉皇庙,古建筑,元,111.78823684708615,36.31026212473042
第五批,浑源永安寺,古建筑,元,113.69217534574126,39.70680431435256
第五批,太阴寺,古建筑,金,111.65493864892476,35.499078048891185
第五批,三峻庙,古建筑,金至清,112.96414546624364,35.98176982541639
第五批,乔家大院,古建筑,清,112.43347516563443,37.41735540836653
第五批,泽州岱庙,古建筑,宋至明,112.73105143609035,35.42471638433337
第五批,安国寺,古建筑,明,111.0574781125405,37.530606118492486
第五批,小会岭二仙庙,古建筑,北宋至清,113.17521106967578,35.684635821991066
第五批,崔府君庙,古建筑,金至清,113.12321556686425,35.80550271643599
第五批,西溪二仙庙,古建筑,金至清,113.25572412801957,35.7711156614968
第五批,崇明寺,古建筑,北宋至明,113.01511422919616,35.72053075787606
第五批,开化寺,古建筑,北宋至清,113.04356026468882,35.87658262566935
第五批,游仙寺,古建筑,北宋至清,112.9359230095522,35.74633506486739
第五批,定林寺,古建筑,元至清,112.98103077819,35.78687786393441
第五批,福胜寺,古建筑,元、明,111.17468443877718,35.758374100000474
第五批,稷益庙,古建筑,明,111.1211727624494,35.51309691066589
第五批,柏山东岳庙,古建筑,元至清,111.11290162866923,36.39831681224312
第五批,青龙寺,古建筑,元,110.92842195017064,35.59481345881748
第五批,原起寺,古建筑,宋,113.22908580976885,36.33965472632103
第五批,汇宗寺,古建筑,清,116.4800064185692,42.2120264505247
第五批,福会寺,古建筑,清,118.4989460730183,41.83877929364155
第五批,喀喇沁亲王府及家庙,古建筑,清,118.50656221856114,41.84467936614666
第五批,和硕恪靖公主府,古建筑,清,111.6543652885467,40.8430663578376
第五批,开鲁县佛塔,古建筑,元,121.31947496493038,43.60392711800221
第五批,广济寺古建筑群,古建筑,辽至清,121.1258796769987,41.11529636111903
第五批,徐霞客故居及晴山堂石刻,古建筑,明,120.32525203829906,31.71794382934362
第五批,退思园,古建筑,清,120.72237102683728,31.16625984122404
第五批,宝带桥,古建筑,明,120.65313539091184,31.276864454803764
第五批,耦园,古建筑,清,120.64099842347574,31.32423440416433
第五批,龙王庙行宫,古建筑,清,118.12102242825326,34.040054830897795
第五批,水绘园,古建筑,清,120.571585939252,32.404242023431074
第五批,古月桥,古建筑,宋,120.07767514660684,29.3145531038012
第五批,黄山八面厅,古建筑,清,119.91221294297776,29.347458409250955
第五批,国清寺,古建筑,清,121.04933306275451,29.178933066366447
第五批,刘基庙及墓,古建筑,明,120.09287896539142,27.79624465573184
第五批,南阁牌楼群,古建筑,明,121.07676288723054,28.4058946321842
第五批,庆安会馆,古建筑,清,121.56531112218715,29.880978478284643
第五批,湖镇舍利塔,古建筑,宋,119.29980093258122,29.0726974217504
第五批,如龙桥,古建筑,明,119.18216595620068,27.500090728318305
第五批,通济堰,古建筑,南朝至清,119.7308797909276,28.313414202808826
第五批,凤凰寺,古建筑,元至清,120.17185781810323,30.25363768268664
第五批,文澜阁,古建筑,清,118.97749742555506,29.61308618665354
第五批,俞源村古建筑群,古建筑,元至清,119.66885534225304,28.776724895566016
第五批,八字桥,古建筑,宋,120.59394062417576,30.008750962048968
第五批,吕府,古建筑,明,120.57701920691896,30.01626649146505
第五批,功臣塔,古建筑,五代,119.7357376385368,30.23541823176615
第五批,台州府城墙,古建筑,宋至清,121.11274591384112,28.85516181828692
第五批,桃渚城,古建筑,明、清,121.54246369068134,28.83547873391122
第五批,郑义门古建筑群,古建筑,清,120.0144304341725,29.492077122059992
第五批,盐官海塘及海神庙,古建筑,清,120.54866010365076,30.410869377103225
第五批,绮园,古建筑,清,120.94907917549352,30.52631747374386
第五批,斯氏古民居建筑群,古建筑,清,120.45313385900684,29.577911547906336
第五批,时思寺,古建筑,清,119.63781865190828,27.98294867903672
第五批,永昌堡,古建筑,明,120.81851285174469,27.914419042795043
第五批,嘉业堂藏书楼及小莲庄,古建筑,清,120.43127028054506,30.87756800547932
第五批,庙沟后、横省石牌坊,古建筑,宋、元,119.61280619432416,30.702801404024868
第五批,水西双塔,古建筑,宋,118.39247125765183,30.701163167969423
第五批,亳州古地道,古建筑,宋、元,115.8073590330114,33.872353187817794
第五批,白崖寨,古建筑,元至清,116.15743554196308,30.37576753915367
第五批,程氏三宅,古建筑,明,118.32006937670772,29.71815536968794
第五批,呈坎村古建筑群,古建筑,明、清,118.28066691206566,29.92335255807336
第五批,渔梁坝,古建筑,唐至清,118.44962247435063,29.865341989098265
第五批,宏村古建筑群,古建筑,明、清,117.99149241366418,30.011211324364744
第五批,西递村古建筑群,古建筑,明、清,117.99813693028143,29.911357305575525
第五批,寿县古城墙,古建筑,宋至清,116.78488306430124,32.57883693156306
第五批,查济古建筑群,古建筑,元至清,118.03500121091722,30.521183409959384
第五批,天中万寿塔,古建筑,宋,118.86950117276632,25.25917775510407
第五批,安贞堡,古建筑,清,117.76618803533482,25.997517885699995
第五批,陈太尉宫,古建筑,宋至清,119.43315093542006,26.60560950728664
第五批,蔡氏古民居建筑群,古建筑,清,118.415539792416,24.822244702381745
第五批,泉州府文庙,古建筑,宋至清,118.59205918668737,24.914394079649792
第五批,宝山寺大殿,古建筑,元,117.8100987481035,26.800313741392536
第五批,崇妙保圣坚牢塔,古建筑,五代,119.30208961196556,26.086678866983647
第五批,漳州府文庙大成殿,古建筑,明,117.65542598969868,24.51343335776068
第五批,江东桥,古建筑,宋,117.78529221972208,24.52135457323907
第五批,赵家堡诒安堡,古建筑,明、清,117.8193617599405,24.18254513243197
第五批,流坑村古建筑群,古建筑,明、清,115.77560308086636,27.274659342142435
第五批,关西新围、燕翼围,古建筑,清,114.94673498674868,24.853604038879343
第五批,颜庙,古建筑,元至清,116.99483941402148,35.60648922731726
第五批,临清运河钞关,古建筑,明、清,115.6985626043567,36.84565018365339
第五批,宝轮寺塔,古建筑,金,111.15543835091862,34.79749018413269
第五批,山陕甘会馆,古建筑,清,114.3538309039539,34.8045176202056
第五批,康百万庄园,古建筑,清,112.95130590590352,34.77003844562082
第五批,天宁寺三圣塔,古建筑,金,112.95132685816284,35.09305828373281
第五批,妙乐寺塔,古建筑,五代,113.32721244262984,35.08096833623086
第五批,嘉应观,古建筑,清,113.5068170765887,35.04339413349712
第五批,小商桥,古建筑,宋,113.96816807689824,33.72495122503627
第五批,南阳知府衙门,古建筑,清,112.53796710346568,33.00196156425991
第五批,潞泽会馆,古建筑,清,112.48958299562676,34.686068414185755
第五批,大明寺,古建筑,元至清,112.60156405573862,35.04335970289731
第五批,奉仙观,古建筑,金至清,112.58004341486496,35.1065479676342
第五批,荆紫关古建筑群,古建筑,清,111.02290932896696,33.25674229944884
第五批,慈胜寺,古建筑,元,112.891326550702,34.97888038635394
第五批,汤阴岳飞庙,古建筑,明,114.35551081109313,35.926334500560536
第五批,安阳天宁寺塔,古建筑,五代至清,114.34998436575256,36.1042884059756
第五批,明福寺塔,古建筑,宋,114.5551373048758,35.55960957770951
第五批,会善寺,古建筑,元至清,113.00534168164832,34.49847077020776
第五批,永泰寺塔,古建筑,唐,112.98197681353226,34.52754124653783
第五批,法王寺塔,古建筑,唐,113.02747616023196,34.51042829243321
第五批,中岳庙,古建筑,清,113.07425094194603,34.46505262489251
第五批,百泉,古建筑,明、清,113.78951111393154,35.489156269306385
第五批,四祖寺塔,古建筑,唐、宋、元,115.79481526690454,30.131456284300874
第五批,大水井古建筑群,古建筑,清,109.0391878441092,30.58326024835251
第五批,襄阳城墙,古建筑,明,112.15221178274264,32.03389116760575
第五批,襄阳王府绿影壁,古建筑,明,112.15853652257732,32.02165106187866
第五批,柳子庙,古建筑,清,111.60960700701956,26.227453279168387
第五批,屈子祠,古建筑,清,113.04002774093745,28.893843713735784
第五批,邵阳北塔,古建筑,明,111.45291073456188,27.25475517522738
第五批,岳阳文庙,古建筑,宋至清,113.1165919057309,29.15296248291202
第五批,张谷英村古建筑群,古建筑,明、清,113.48198714795711,29.01904708742089
第五批,芋头侗寨古建筑群,古建筑,明、清,109.71775003474755,26.143578336711897
第五批,东莞可园,古建筑,清,113.74467280904952,23.05136393477313
第五批,南华寺,古建筑,明、清,113.6379164343644,24.65543253473271
第五批,东华里古建筑群,古建筑,清、民国,113.12461411080751,22.81327017512368
第五批,元山寺,古建筑,明、清,115.83651126955506,22.82588609892419
第五批,大鹏所城,古建筑,明、清,114.51565596702126,22.60359354877787
第五批,悦城龙母祖庙,古建筑,清,112.13521498144148,23.09934924305889
第五批,肇庆古城墙,古建筑,宋至清,112.46763785770968,23.055980926391424
第五批,潮州开元寺,古建筑,唐至清,116.65098897932631,23.67211947100037
第五批,己略黄公祠,古建筑,清,116.6503404746822,23.674486106588887
第五批,岜团桥,古建筑,清,109.61019213882923,25.79205766598624
第五批,临贺故城,古建筑,汉至清,111.66662189596002,24.33610561862728
第五批,张桓侯庙,古建筑,清,108.70790667098942,30.91814860922279
第五批,石宝寨,古建筑,明、清,108.19765394707132,30.427991662335707
第五批,丁房阙无铭阙,古建筑,东汉,108.02367719613096,30.292331060469785
第五批,宝光寺,古建筑,清,104.16479252455171,30.84065496660581
第五批,直波碉楼,古建筑,清,102.1084661011962,31.921132795405107
第五批,石塔寺石塔,古建筑,宋,103.12867388838,30.317243826599054
第五批,松潘古城墙,古建筑,明,103.60471063131226,32.645872241556894
第五批,觉苑寺,古建筑,明,105.27921964611008,31.893071677752147
第五批,阆中永安寺,古建筑,元至清,106.21957001862236,31.49859483612263
第五批,五龙庙文昌阁,古建筑,元,105.86198250934376,31.483480178705456
第五批,隆昌石牌坊,古建筑,清,105.29477237427216,29.33972834483949
第五批,富顺文庙,古建筑,清,105.00695474917929,29.188062846633684
第五批,观音寺,古建筑,明,104.21017302055752,30.437670308061985
第五批,德阳文庙,古建筑,清,104.39536740848384,31.137975122365603
第五批,棒托寺,古建筑,明、清,101.06401023524938,32.528612114775534
第五批,罨画池,古建筑,清,103.67871119946992,30.63622161613117
第五批,天台山伍龙寺,古建筑,明、清,106.18188631446596,26.361303325012763
第五批,石阡万寿宫,古建筑,明,108.23442656056471,27.53254105079828
第五批,云山屯古建筑群,古建筑,明,106.08937425060876,26.29867775449292
第五批,福泉城墙,古建筑,明,107.52063511722416,26.697586598912
第五批,郎德上寨古建筑群,古建筑,明、清,108.06436261772716,26.479205010791784
第五批,海龙屯,古建筑,宋至明,106.8326891183419,27.54596145862305
第五批,地坪风雨桥,古建筑,清,109.2440679656346,25.770827815523624
第五批,安顺文庙,古建筑,明,105.93855234192692,26.258679255685053
第五批,喜洲白族古建筑群,古建筑,明、清,100.13280856796408,25.860512111040094
第五批,建水文庙,古建筑,明、清,102.82745080992169,23.62340862305213
第五批,筇竹寺,古建筑,清,102.62959833814288,25.074471628820262
第五批,朗色林庄园,古建筑,明,91.34213728069692,29.25411039924055
第五批,曲德寺、卓玛拉康、大唐天竺使出铭,古建筑,10世纪、1274年、658年,85.31539876066682,28.88739008080008
第五批,色喀古托寺,古建筑,1080年,90.86530915301508,28.39539591112319
第五批,科迦寺,古建筑,996年,81.27428647057347,30.20149711576245
第五批,小昭寺,古建筑,641年,91.13724647583612,29.664433907305376
第五批,吉如拉康,古建筑,唐至清,91.8359505956719,29.38462572107363
第五批,三原城隍庙,古建筑,明,108.9334115820802,34.62519711621077
第五批,鸠摩罗什舍利塔,古建筑,唐,108.60419171365128,34.078449196044545
第五批,公输堂,古建筑,明,108.58888180996352,34.21021447374885
第五批,仓颉墓与庙,古建筑,明、清,109.6987415949654,35.37804270528566
第五批,泰塔,古建筑,北宋,108.33979085035212,35.122099528480234
第五批,香积寺善导塔,古建筑,唐,108.89436840734128,34.130827658157955
第五批,西安城隍庙,古建筑,明、清,108.93915567344142,34.2687193675521
第五批,白云山庙,古建筑,明、清,110.5206535804462,38.00566549856151
第五批,八云塔,古建筑,唐,108.21337675463876,34.16786120568931
第五批,泾阳崇文塔,古建筑,明,108.94400578475312,34.502832928926125
第五批,彬县开元寺塔,古建筑,北宋,108.0804966701135,35.04138334468844
第五批,韩城普照寺,古建筑,元,110.5005872641017,35.549832125696554
第五批,韩城文庙,古建筑,明,110.44210309345176,35.46638529752062
第五批,韩城城隍庙,古建筑,明,110.44262581665495,35.46953804863331
第五批,党家村古建筑群,古建筑,明、清,110.47999992152738,35.533436805486524
第五批,耀县文庙,古建筑,明,108.95452563217324,34.26042280866578
第五批,澄城城隍庙神楼,古建筑,明,109.93228037964548,35.19654135021608
第五批,伏羲庙,古建筑,明、清,105.7096679421008,34.586979049924885
第五批,胡氏古民居建筑,古建筑,明、清,105.72536157721169,34.58787750385039
第五批,凝寿寺塔,古建筑,五代、宋,107.94823703728308,35.27974131577921
第五批,圆通寺塔,古建筑,明、清,100.7306515817189,38.65441042291427
第五批,圣容寺塔,古建筑,唐,101.93401523029355,38.3276894674981
第五批,东华池塔,古建筑,北宋,108.46017693770484,36.24784958439682
第五批,武康王庙,古建筑,明、清,107.03664647423145,35.30903805104925
第五批,贵德文庙及玉皇阁,古建筑,明、清,101.43472471072904,36.05325777296784
第五批,藏娘佛塔及桑周寺,古建筑,北宋至清,96.82660932585183,33.3265904626998
第五批,昭苏圣佑庙,古建筑,清,81.11733525213297,43.16771953998894
第五批,艾提尕尔清真寺,古建筑,明,75.99064114197397,39.478331048047465
第五批,五公祠,古建筑,宋至清,110.3620751271636,20.01529391044024
第五批,长城,古建筑,春秋至明,116.39936121558486,40.5591162552671
第五批,长城,古建筑,春秋至明,114.57663646529812,38.16159144495107
第五批,长城,古建筑,春秋至明,113.58066152611865,40.357739540592696
第五批,长城,古建筑,春秋至明,116.67762615911398,42.0825082072003
第五批,长城,古建筑,春秋至明,108.41121074608093,37.32297502488604
第五批,长城,古建筑,春秋至明,118.07393513080038,34.71010975089599
第五批,长城,古建筑,春秋至明,106.37945724204414,39.030179465314
第五批,长城,古建筑,春秋至明,121.32237323787363,38.94076484376801
第五批,大观圣作之碑,石窟寺及石刻,宋,114.77791610501232,37.753050719325856
第五批,大唐清河郡王纪功载政之颂碑,石窟寺及石刻,唐,114.57185080920362,38.14884644347077
第五批,天龙山石窟,石窟寺及石刻,东魏至唐,112.38349391342292,37.74185813930958
第五批,国山碑,石窟寺及石刻,三国,119.82680218599737,31.345055628914015
第五批,干佛崖石窟及明征君碑,石窟寺及石刻,六朝、唐,118.79724759738988,32.06673825347477
第五批,仙都摩崖题记,石窟寺及石刻,唐至近代,120.12492636885015,28.70443501826361
第五批,宝成寺麻曷葛剌造像,石窟寺及石刻,元,120.16924969375911,30.24222317902124
第五批,东钱湖石刻,石窟寺及石刻,宋至明,121.6329825911356,29.79094277511385
第五批,梵天寺经幢,石窟寺及石刻,五代,120.16910904874612,30.22570043189145
第五批,天柱山山谷流泉摩崖石刻,石窟寺及石刻,宋至清,116.48398255498256,30.67834382953676
第五批,鼓山摩崖石刻,石窟寺及石刻,宋至近代,119.36908659939364,26.10022316681331
第五批,泰山石刻,石窟寺及石刻,北齐至唐,117.1085524982736,36.212384011206
第五批,白佛山石窟造像,石窟寺及石刻,隋、唐,116.43425066117392,35.95631020866053
第五批,鸿庆寺石窟,石窟寺及石刻,北魏,111.97767728141828,34.714408020125795
第五批,小南海石窟,石窟寺及石刻,北齐,114.4708231246002,36.08856496082462
第五批,大丕山摩崖大佛及石刻,石窟寺及石刻,北朝至明,114.5625060437463,35.66875311884059
第五批,受禅碑与受禅台,石窟寺及石刻,三国,113.81096591904203,33.871981880871566
第五批,大唐嵩阳观纪圣德感应之颂碑,石窟寺及石刻,唐,113.03663696044518,34.463287957036314
第五批,七星岩摩崖石刻,石窟寺及石刻,唐至近代,112.47836733106496,23.08177964190055
第五批,桂林石刻,石窟寺及石刻,唐至清,110.29850254816677,25.276443366981496
第五批,毗卢洞石刻造像,石窟寺及石刻,宋,105.62753425834354,29.93249735828944
第五批,元世祖平云南碑,石窟寺及石刻,元,100.30691283458916,25.68763389956994
第五批,沧源崖画,石窟寺及石刻,新石器时代,99.2518976086194,23.155653752633658
第五批,重阳宫祖庵碑林,石窟寺及石刻,元至清,108.49617300412616,34.1159381895549
第五批,慈善寺石窟,石窟寺及石刻,隋、唐,107.84086735316278,34.68400511704492
第五批,西峡颂摩崖石刻,石窟寺及石刻,汉,105.74457353375188,33.758259233178755
第五批,水帘洞大像山石窟,石窟寺及石刻,北朝至唐,105.0199575681522,34.77281892244208
第五批,水帘洞大像山石窟,石窟寺及石刻,北朝至唐,105.31662951123876,34.73921474778071
第五批,天梯山石窟,石窟寺及石刻,北朝至唐,102.74927233830708,37.56916525331968
第五批,文殊山石窟,石窟寺及石刻,北朝至西夏,99.62067022683397,38.84283292343245
第五批,克孜尔尕哈石窟,石窟寺及石刻,北朝至唐,82.44398867224643,41.83267970133354
第五批,平定准噶尔勒铭碑,石窟寺及石刻,清,81.13441828411044,43.161996089807886
第五批,东交民巷使馆建筑群,近现代重要史迹及代表性建筑,近代,116.41275028231183,39.90617081464801
第五批,未名湖燕园建筑,近现代重要史迹及代表性建筑,近代,116.30930567103066,39.99856210931102
第五批,清华大学早期建筑,近现代重要史迹及代表性建筑,近代,116.32546568946324,40.0066203548421
第五批,天津劝业场大楼,近现代重要史迹及代表性建筑,1928年,117.20079516020938,39.13150977491704
第五批,大连中山广场近代建筑群,近现代重要史迹及代表性建筑,近代,121.64547266220605,38.92664157431151
第五批,东北大学旧址,近现代重要史迹及代表性建筑,近代,123.42296198570712,41.65724887610678
第五批,瑷珲新城遗址,近现代重要史迹及代表性建筑,清,127.49052923793488,49.98889527845859
第五批,大庆第一口油井,近现代重要史迹及代表性建筑,1959年,124.88107609727138,46.6184413440072
第五批,上海宋庆龄故居,近现代重要史迹及代表性建筑,1948年至1981年,121.440715082975,31.212248094546315
第五批,张闻天故居,近现代重要史迹及代表性建筑,近代,121.76497824270022,31.13964461580998
第五批,薛福成故居建筑群,近现代重要史迹及代表性建筑,清,120.29789472944496,31.57859832012437
第五批,原国民政府旧址,近现代重要史迹及代表性建筑,1912年至1949年,118.82311674636983,32.047954352657754
第五批,西泠印社,近现代重要史迹及代表性建筑,近代,120.16996300219188,30.248472478000338
第五批,蔡元培故居,近现代重要史迹及代表性建筑,近代,120.58571446217027,30.0158337251529
第五批,南浔张氏旧宅建筑群,近现代重要史迹及代表性建筑,1899年至1906年,120.2105177112058,30.76861542919935
第五批,龙山虞氏旧宅建筑群,近现代重要史迹及代表性建筑,916年至1929年,121.55484820960346,30.09563259361577
第五批,新四军苏浙军区旧址,近现代重要史迹及代表性建筑,1943年至1945年,119.65955708434912,31.150651973161292
第五批,福建船政建筑,近现代重要史迹及代表性建筑,清,119.4497053232558,25.99604464205923
第五批,青岛八大关近代建筑,近现代重要史迹及代表性建筑,近代,120.35254679752988,36.05950575046662
第五批,龙港革命旧址,近现代重要史迹及代表性建筑,1927年至1930年,114.95927875199152,29.622918067436967
第五批,武汉农民运动讲习所旧址,近现代重要史迹及代表性建筑,1927年,114.3015284409483,30.56180774717832
第五批,大智门火车站,近现代重要史迹及代表性建筑,1903年,114.29267321949854,30.591689208348825
第五批,江汉关大楼,近现代重要史迹及代表性建筑,1924年,114.27208791298136,30.609725192720585
第五批,武汉大学早期建筑,近现代重要史迹及代表性建筑,近代,114.36048447717997,30.54961290239413
第五批,詹天佑故居,近现代重要史迹及代表性建筑,1912年,114.30071695446394,30.59331620343495
第五批,彭德怀故居,近现代重要史迹及代表性建筑,近代,112.65753000672112,27.66826176877569
第五批,中山纪念堂,近现代重要史迹及代表性建筑,1931年,113.265844539916,23.141764102961016
第五批,余荫山房,近现代重要史迹及代表性建筑,近代,113.396561515106,23.020215000741626
第五批,开平碉楼,近现代重要史迹及代表性建筑,近代,112.5810293341786,22.382245964097688
第五批,叶剑英故居,近现代重要史迹及代表性建筑,近代,116.12472227316412,24.29681440064856
第五批,北海近代建筑,近现代重要史迹及代表性建筑,近代,109.12224317428472,21.489231623992065
第五批,刘永福、冯子材旧居建筑群,近现代重要史迹及代表性建筑,清,108.62736835563165,21.992913046392275
第五批,桂园,近现代重要史迹及代表性建筑,近代,106.5497720242922,29.571996110180194
第五批,赵世炎故居,近现代重要史迹及代表性建筑,1904年至1914年,108.97690712745404,28.770339154794257
第五批,邓小平故居,近现代重要史迹及代表性建筑,近代,106.63928503977888,30.527030465598013
第五批,洛川会议旧址,近现代重要史迹及代表性建筑,1937年,109.49788626094394,35.825664273121866
第五批,杨家沟革命旧址,近现代重要史迹及代表性建筑,1947年至1948年,110.33078462994584,37.763367527845936
第五批,哈达铺会议旧址,近现代重要史迹及代表性建筑,1935年至1936年,104.23241797132614,34.23423097980592
第五批,第一个核武器研制基地旧址,近现代重要史迹及代表性建筑,1957年至1995年,100.9988327217933,36.90227014024543
第五批,中共琼崖第一次代表大会旧址,近现代重要史迹及代表性建筑,1926年,110.34158531151864,20.047888242726028
第五批,水井街酒坊遗址,其他,明、清,104.09002522399004,30.65326901975238
第五批,四堡书坊建筑,其他,明、清,116.71392861289746,25.901823844544246
第五批,南风古灶、高灶陶窑,其他,明,113.08106284632046,23.01643693482114
第五批,四连碓造纸作坊,其他,明,120.4227853552098,28.00854349072935
第五批,花鸟灯塔,其他,1870年,122.67978507181418,30.86661463704521
第五批,焦裕禄烈士墓,近现代重要史迹及代表性建筑,1966年,114.82235362441578,34.83929765414423
第五批,阿尔寨石窟,石窟寺及石刻,西夏至明代,107.29924919894232,39.845917928163374
第六批,元大都城墙遗址,古遗址,元,116.43289655284784,39.982861964217264
第六批,元大都城墙遗址,古遗址,元,116.35451366546732,39.977423804823225
第六批,金界壕遗址,,金,116.64635431174038,41.213596641998514
第六批,十字寺遗址,古遗址,元,115.90782790245112,39.74959227354207
第六批,青龙山城址,,汉至三国,132.0143046661834,46.1927097767388
第六批,天妃宫遗址,古遗址,元至清,117.2521331616668,39.133490308794535
第六批,东辉遗址,,汉至三国,131.0854152298392,46.73843721303414
第六批,御码头遗址,,清,118.12276487593212,34.04315712527764
第六批,爪村遗址,古遗址,旧石器时代,118.72191694537727,39.95179972304674
第六批,石北口遗址,古遗址,新石器时代,114.43934865090168,36.806911556999104
第六批,徐州汉代采石厂遗址,,汉,117.23826675455108,34.26033611850452
第六批,北福地遗址,古遗址,新石器时代,115.3852404807138,39.29586982408941
第六批,寺龙口和开刀山窑遗址,,唐至宋,121.26824436029112,30.177692285679008
第六批,壮士所城、白湾堡和巡检司遗址,,明至清,120.41320777841106,27.425581167789748
第六批,钓鱼台遗址,古遗址,新石器时代,114.74538948174356,38.627713094371344
第六批,遇林亭窑址,,宋,117.9383101028414,27.69141201626222
第六批,台西遗址,古遗址,商,114.7206982190914,38.04737810459376
第六批,南坑窑址,,宋至明,118.31776266654452,24.953019857847348
第六批,东先贤遗址,古遗址,商,114.42298731149133,37.04798229861536
第六批,荥阳故城,,汉,113.38288031016792,34.79459827643028
第六批,南阳遗址,古遗址,周,116.0052007238829,39.04659937785555
第六批,讲武城遗址,古遗址,战国至汉,114.34472696306602,36.28764549146771
第六批,神垕钧窑址,,唐至元,113.2303533855434,34.12946392798778
第六批,巩义窑址,,隋至唐,113.04696203345564,34.742252421969994
第六批,常山郡故城,古遗址,汉,114.47747942129064,37.8325123847697
第六批,土城子城址,古遗址,南北朝,113.98312288670104,41.057463765890944
第六批,南越国木构水闸遗址,,汉,113.26848158945396,23.13125182566001
第六批,马坝人遗址,,旧石器时代,113.5864435523947,24.678693503254905
第六批,边关地道遗址,古遗址,宋,116.49951424300014,39.32678300734288
第六批,会州城,古遗址,辽至明,118.63875068112684,40.92614279150848
第六批,大渔村和瓦窑山窑址,,南北朝至宋,103.2907734463058,30.2850126977637
第六批,陈炉窑址,,金至民国,109.16153921382742,35.03066963400555
第六批,刘伶醉烧锅遗址,古遗址,金至元,115.63883448275764,39.00817192871887
第六批,下八里二区辽墓,,辽,115.02739136225902,40.65266790563861
第六批,九连城城址,古遗址,金至元,114.99432366418765,41.56611587967856
第六批,海丰镇遗址,古遗址,金,117.33012599871942,38.376701853204096
第六批,北园三号墓,,汉,123.1898890086197,41.305241951989125
第六批,鹅房壁画墓,,汉至三国,123.21999221754696,41.25549528514424
第六批,小宏城遗址,古遗址,元,115.75448200150366,41.7455054754734
第六批,米仓沟墓,,汉至晋,125.3658938949177,41.18579431220852
第六批,大名府故城,古遗址,宋,115.15868639162083,36.28973383298416
第六批,塔水河遗址,古遗址,旧石器时代,113.24039419772036,35.50112170457712
第六批,上古城子墓群,,唐,125.3329410125192,41.30197920544965
第六批,上郭城址和邱家庄墓群,古遗址,周至汉,111.26284866809608,35.33624354666644
第六批,渤海国三灵坟,,唐,129.48211457606,44.344770491979865
第六批,南村城址,古遗址,战国至晋,111.218780317153,37.73130211743472
第六批,明功臣墓,,明,118.79724759738988,32.06673825347477
第六批,吴汉月墓,,五代,120.15487351676414,30.21761412119201
第六批,黄河栈道遗址,古遗址,汉至清,111.21749653927968,34.84386933679167
第六批,孟林,,战国至汉,117.0550216585662,35.47469005723533
第六批,霍州窑址,古遗址,宋至元,111.74867214342387,36.5686861898792
第六批,上蔡楚国贵族墓地,,周至战国,114.22295603705882,33.28521265519952
第六批,洪山窑址,古遗址,宋至清,111.97819947404383,37.05609393946385
第六批,韩王陵,,战国,113.74028601787565,34.40305113636468
第六批,阿善遗址,古遗址,新石器时代,110.6366896814489,41.804185528514125
第六批,雨台山墓群,,周,112.23981443649252,30.343399492536918
第六批,赵宝沟遗址,古遗址,新石器时代,120.13442793048527,42.33896368392143
第六批,天星观墓群,,周至汉,112.46162726696774,30.420432997298157
第六批,红山遗址群,古遗址,新石器至青铜时代,118.99566234281224,42.32748312011078
第六批,灵照墓,,宋至元,110.00924115857876,19.746229489499843
第六批,夏家店遗址群,古遗址,新石器时代至战国,119.10972155965985,42.32721905254947
第六批,朱开沟遗址,古遗址,新石器时代至商,110.32207047595271,39.61318734189331
第六批,陈道叙周氏墓,,宋,110.00924115857876,19.746229489499843
第六批,秦直道遗址,古遗址,秦,109.61982499877756,39.55528523294357
第六批,秦直道遗址,古遗址,秦,108.33561603777278,35.11855421073725
第六批,江渎崖墓,,汉,103.9296699115859,30.27548681820836
第六批,麻池城址和召湾墓群,古遗址,汉,109.78338699042229,40.54329970267815
第六批,朱悦燫墓,,明,104.08164526389884,30.73937427160079
第六批,锁阳城墓群,,汉至唐,95.9858108258168,40.26888905787537
第六批,黑城城址,古遗址,汉,118.83160345726226,41.48395463330476
第六批,朔方郡故城,古遗址,汉,107.00940526820436,40.33537694035
第六批,朔方郡故城,古遗址,汉,107.3887965453693,40.74790417433568
第六批,宣化城墙,,明,115.0988300855406,40.6130469475255
第六批,霍洛柴登城址,古遗址,汉,108.73718162998922,39.83777526444536
第六批,开元寺须弥塔,,唐,114.57117260138092,38.1458765141962
第六批,五台山古建筑群,,明至清,113.63178169621774,38.954382447186006
第六批,克里孟城址,古遗址,汉至南北朝,113.19133501438768,41.43979745926433
第六批,沃野镇故城,古遗址,汉至南北朝,108.65348340932594,40.74092613751216
第六批,兴城古城,,明至清,120.64186966073189,40.60299322232779
第六批,白灵淖尔城址,古遗址,南北朝,110.0603147396556,41.038427635965824
第六批,福建土楼,,清,117.09698128764836,24.674918768022213
第六批,福建土楼,,清,117.691435106079,25.02925697631966
第六批,福建土楼,,清,117.31755777854828,24.371094729746844
第六批,福建土楼,,清,117.61571923510438,24.126361506774497
第六批,福建土楼,,清,116.98027610887397,24.66875864500594
第六批,福建土楼,,清,116.98027610887397,24.66875864500594
第六批,十二连城城址,古遗址,隋至唐,110.987017048267,40.2063526091244
第六批,元佑宫,,明,112.59522154409126,31.17010924338487
第六批,灵宝塔,,唐,103.77767075914544,29.554512032329924
第六批,城川城址,古遗址,唐,108.33317952346782,37.71471232588111
第六批,查干浩特城址,古遗址,辽至明,119.7818103113135,44.510929865648656
第六批,阿坝羌寨碉群,,明至清,103.17140711054596,31.44468061929356
第六批,阿坝羌寨碉群,,明至清,103.85743958347206,31.68915654784355
第六批,阿坝羌寨碉群,,明至清,103.59448853522532,31.485398350145
第六批,峨眉山古建筑群,,明至清,103.36651973915296,29.60935576885749
第六批,安答堡子城址,古遗址,金至元,110.43325334569148,41.70245615614865
第六批,净州路故城,古遗址,金至元,111.76570220144738,40.82173357540473
第六批,显教寺和雷坛,,明,102.8439717869298,36.595447451669
第六批,砂井路总管府故城,古遗址,元,111.70544198403,41.5374471672424
第六批,长城,,战国至明,116.39936121558486,40.5591162552671
第六批,长城,,战国至明,116.67762615911398,42.0825082072003
第六批,长城,,战国至明,121.32237323787363,38.94076484376801
第六批,长城,,战国至明,113.62502901098796,34.76052907152838
第六批,长城,,战国至明,102.90771754046882,37.91699866107398
第六批,西湖南山造像,,五代,120.04376476786842,30.23070839172318
第六批,巴彦乌拉城址,古遗址,元,118.91617697360368,48.44821827548594
第六批,庙后山遗址,古遗址,旧石器时代,124.135247412371,41.23622728589052
第六批,明中都城附属建筑,,明,117.56388848950436,32.870738453110434
第六批,高台山遗址,古遗址,新石器时代,122.87976625981928,42.07081700537911
第六批,葛山和峄山摩崖,,南北朝,117.11334691476372,35.42676312736621
第六批,石台子山城,古遗址,汉至唐,123.69285661079762,41.95614163316564
第六批,观音岩石窟,,唐,106.74045156582535,32.31828394600664
第六批,安岳石窟,,唐至清,105.627291262649,29.93212849382987
第六批,赫图阿拉故城,古遗址,明,125.0401918188671,41.73754432572934
第六批,门塘得乌琼石刻,,唐,90.86530915301508,28.39539591112319
第六批,百草沟遗址,古遗址,战国至晋,129.60926921250922,43.2391844535489
第六批,自安山城,古遗址,南北朝,125.4281169731927,42.37732741694897
第六批,药王山庙,,唐,109.00489405599924,34.91368866860932
第六批,龙潭山城,古遗址,晋,126.59127747209612,43.89990109047798
第六批,仙人崖石窟,,南北朝至清,106.0540048251824,34.402567184396915
第六批,苏密城,古遗址,唐,126.780796813201,42.99127230935604
第六批,鲁恭姬造像碑,,南北朝,106.13934282897776,34.75488029820974
第六批,城山子山城,古遗址,唐,128.14872216290448,43.29064747385535
第六批,温巴什石窟,,唐至宋,81.85575375304614,41.79959442767884
第六批,台台尔石窟,,唐至宋,81.85575375304614,41.79959442767884
第六批,磨盘村山城,古遗址,唐至金,129.6065493047189,42.93932698318002
第六批,胜金口石窟,,唐至宋,89.5629326594547,42.91911956861242
第六批,偏脸城城址,古遗址,辽至金,124.34502700628796,43.36427836256141
第六批,阿艾石窟,,唐,87.63060111401282,43.797999651706085
第六批,秦家屯城址,古遗址,辽至金,124.60330585840477,43.80735285212891
第六批,城四家子城址,古遗址,辽至元,122.93217611111191,45.381591189716495
第六批,玛扎伯哈石窟,,唐至宋,87.63060111401282,43.797999651706085
第六批,叶赫部城址,古遗址,明,124.35200350422336,43.18506580522808
第六批,托乎拉克艾肯石窟,,晋至唐,82.12827057785198,41.555598792274914
第六批,八路军一二九师司令部旧址,,1937年,113.37864682789372,37.08789477148744
第六批,辉发城址,古遗址,明,126.25499133053324,42.75789954026681
第六批,五排山城址,古遗址,战国至汉,130.7987211539978,43.9375062175343
第六批,八路军总司令部北村旧址,,1938～1939年,113.03238156292988,36.43771657997878
第六批,小四方山城址,古遗址,战国至金,130.6988616908286,44.87410129673695
第六批,大生纱厂,,1895年,120.8973761334292,31.988721910935237
第六批,胡雪岩旧居,,清,120.17492400442104,30.24532970077864
第六批,雁窝岛城址,古遗址,隋,132.21007662976572,46.33558853653128
第六批,塔子城址,古遗址,辽,123.05142336960104,46.61282394764798
第六批,溪口镇建筑群,,清至民国,121.2839435423963,29.6978178136352
第六批,瓦里霍吞城址,古遗址,辽至清,130.71775894704777,47.026554648197575
第六批,秋瑾烈士纪念碑,,民国,120.5839149875312,30.009217449339868
第六批,桃温万户府故城,古遗址,元,129.90418046109073,46.73340415000528
第六批,独山和金寨革命旧址群,,1929～1934年,116.50389969684808,31.76177741323415
第六批,独山和金寨革命旧址群,,1929～1934年,115.93551076738925,31.735615132206096
第六批,莽吉塔站故城,古遗址,明,134.384566735283,48.38563955487375
第六批,古田会议旧址群,,1929～1930年,116.61952633031812,25.36169382816972
第六批,古田会议旧址群,,1929～1930年,116.61952633031812,25.36169382816972
第六批,行洲红军标语遗址,,1928～1929年,114.20924720833982,26.52330907435602
第六批,南京人化石地点,古遗址,旧石器时代,119.04567663745873,32.06546838066243
第六批,小井红四军医院旧址,,1928～1929年,114.29043123479674,26.757091324913382
第六批,藤花落遗址,古遗址,新石器时代,119.35646506071,34.68669818499842
第六批,大墩子遗址,古遗址,新石器时代,117.96859205338885,34.66740308600379
第六批,大井朱德和陈毅同志旧居,,1928年,114.13048927446948,26.57176561978947
第六批,遂川县工农兵政府旧址,,1928年,114.51520419360888,26.33222634995979
第六批,花厅遗址,古遗址,新石器时代,118.33155220765312,34.24134242869565
第六批,三星村遗址,古遗址,新石器时代,119.49481380148818,31.69017673261348
第六批,七溪岭战斗指挥所和龙源口桥,,1928年,114.24428861114758,26.954920585346045
第六批,骆驼墩遗址,古遗址,新石器时代,119.70954754682656,31.362118256778498
第六批,中华苏维埃共和国粮食人民委员部旧址,,1934年,116.0285317688134,25.894619691948552
第六批,中华苏维埃共和国邮政局旧址,,1931～1932年,116.0285317688134,25.894619691948552
第六批,青墩遗址,古遗址,新石器时代,120.25651731996018,32.61660366475216
第六批,绰墩遗址,古遗址,新石器时代至周,120.85102438777494,31.407716980120384
第六批,中国工农红军总政治部旧址,,1933～1934年,116.0285317688134,25.894619691948552
第六批,天目山遗址,古遗址,周,120.14712452477193,32.535491375444586
第六批,中华苏维埃共和国财政人民委员部旧址,,1933～1934年,116.00980838499324,25.89164718046683
第六批,中华苏维埃共和国审计人民委员会旧址,,1933～1934年,116.0285317688134,25.894619691948552
第六批,宜兴窑址,古遗址,晋至清,119.87405541106838,31.264874089784943
第六批,中华苏维埃共和国土地人民委员部旧址,,1933～1934年,116.01045209869488,25.88976444746365
第六批,钟山建筑遗址,古遗址,南北朝,118.84624206269557,32.07484301021007
第六批,明故宫遗址,古遗址,明,118.81963415589335,32.04780767966137
第六批,中华苏维埃共和国临时中央政府警卫营旧址,,1931～1933年,116.00034345235086,25.891949603347825
第六批,中华苏维埃共和国国民经济人民委员部旧址,,1933年,116.01140213295824,25.89237611798631
第六批,龙江船厂遗址,古遗址,明,118.7371391087042,32.069813485508725
第六批,中华苏维埃共和国总金库旧址,,1933年,116.07336021138138,25.91523905506071
第六批,跨湖桥遗址,古遗址,新石器时代,120.22777428695896,30.153556247342195
第六批,中华苏维埃共和国国家银行旧址,,1932～1933年,116.07347145212788,25.91517091029132
第六批,上山遗址,古遗址,新石器时代,119.97737203812969,29.46188590432984
第六批,谭家湾遗址,古遗址,新石器时代,120.51110926478692,30.735483817994204
第六批,中央革命博物馆旧址,,1933～1934年,116.0285317688134,25.894619691948552
第六批,中华苏维埃共和国中央出版局旧址,,1931～1933年,116.07378285436609,25.915462253366883
第六批,南河浜遗址,古遗址,新石器时代,120.87866561183584,30.75164647832757
第六批,红色中华通讯社旧址,,1931～1933年,116.07325904858332,25.915537266650716
第六批,钱山漾遗址,古遗址,新石器时代至周,120.1495388731514,30.820813081924197
第六批,茅湾里窑址,古遗址,周至战国,120.2852900433187,30.01522562229043
第六批,中华苏维埃共和国临时中央政府电话传令排旧址,,1931～1934年,116.00034345235086,25.891949603347825
第六批,富盛窑址,古遗址,周至战国,120.4976419772814,30.091766875802115
第六批,红军无线电总队旧址,,1931～1933年,116.0731325286493,25.915459577807283
第六批,递铺城址,古遗址,春秋至南北朝,119.6884382137746,30.640140055516667
第六批,中华苏维埃共和国临时中央政府电话总机室旧址,,1931～1933年,116.00034345235086,25.891949603347825
第六批,小仙坛窑址,古遗址,汉,120.87043679547946,30.04086580982036
第六批,云石山中华苏维埃共和国中央政府旧址,,1934年,115.87981813856416,25.86722815222081
第六批,红四军大柏地战斗旧址,,1929年,116.0479412396159,26.10876249062664
第六批,郊坛下和老虎洞窑址,古遗址,宋至元,119.1524021121376,29.836452849888985
第六批,秋收起义安源军事会议旧址,,1927年,113.85493786085652,27.654052897173678
第六批,永丰库遗址,古遗址,元,121.62673338022512,29.868679059198364
第六批,安源路矿工人大罢工谈判处旧址,,1922年,113.88846669641016,27.668207551869465
第六批,人字洞遗址,古遗址,旧石器时代,117.324922184234,31.736189727737397
第六批,工农红军革命军第一军第一师师部旧址,,1927年,114.54857879378122,29.0342593704664
第六批,临涣城址,古遗址,战国,116.5606736391723,33.702975363487546
第六批,北苑御焙遗址,古遗址,宋,118.44319743926272,27.080840543633343
第六批,青岛德国建筑群,,近代,119.99916037757886,36.774105005845406
第六批,韶山冲毛泽东旧居增补点,,1873～1962年,112.4756247229308,27.902582216612053
第六批,磁灶窑址,古遗址,宋至元,118.5031850214652,24.84545699249074
第六批,北海近代建筑群,,近代,109.12224317428472,21.489231623992065
第六批,德济门遗址,古遗址,宋至明,118.59052304390904,24.903511544331785
第六批,南胜窑址,古遗址,明至清,117.40840334819671,24.14823401673337
第六批,邓小平青少年时代活动旧址,,清,106.59198727493568,30.368102255083677
第六批,朱德诞生地,,清,106.60340117964996,31.47003478372698
第六批,樊城堆遗址,古遗址,新石器时代,115.33106059103166,28.04239715199765
第六批,牛头城址,古遗址,商至周,115.38828066135775,27.749159116589308
第六批,况场朱德旧居,,清,105.31295526540404,28.86807530789072
第六批,红军强渡大渡河遗址,,1935年,102.29104060801556,29.281062666090587
第六批,白口城址,古遗址,汉至南北朝,114.8776717396434,26.78248652077267
第六批,李渡烧酒作坊遗址,古遗址,元至清,116.165802105357,28.23004962664216
第六批,南泥湾革命旧址,,1940～1945年,109.4912012578538,36.59312593681925
第六批,清凉山新闻出版部门旧址,,1936～1949年,109.49323293547926,36.60864222612315
第六批,御窑厂窑址,古遗址,明至清,117.2082202176922,29.30382604372713
第六批,沂源猿人遗址,古遗址,旧石器时代,118.17161639762504,36.19074764269187
第六批,中共中央党校旧址,,1939～1946年,109.46549480560049,36.61731957139346
第六批,陕甘宁边区银行旧址,,1940～1947年,109.4832983402495,36.58940243186767
第六批,北辛遗址,古遗址,新石器时代,117.28112441385863,34.93608746803528
第六批,王因遗址,古遗址,新石器时代,116.77957569802383,35.458153318506255
第六批,中共中央西北局旧址,,1942～1947年,109.48699578252234,36.5839904700325
第六批,贾柏遗址,古遗址,新石器时代,116.49993024976736,35.71715088424912
第六批,小荆山遗址,古遗址,新石器时代,117.5392094056927,36.85099645247513
第六批,东岳石遗址,古遗址,新石器时代,119.90120595496528,36.99300114464009
第六批,白石村遗址,古遗址,新石器时代,121.364371347901,37.54363879372585
第六批,两城镇遗址,古遗址,新石器时代,119.52801077801752,35.42313902887536
第六批,尧王城遗址,古遗址,新石器时代,119.35098008144143,35.308024548296764
第六批,东海峪遗址,古遗址,新石器时代,119.51550027705456,35.374244000394285
第六批,后李遗址,古遗址,新石器时代,118.38792323007058,36.84455636456802
第六批,三里河遗址,古遗址,新石器时代,120.00456569984512,36.27349649204825
第六批,傅家遗址,古遗址,新石器时代,118.40088322634264,37.04477943659767
第六批,教场铺遗址,古遗址,新石器时代,116.247759651746,36.4078582246247
第六批,归城城址,古遗址,周,120.48028650787334,37.65167067522846
第六批,郯国故城,古遗址,周至汉,118.35755612290905,34.636501760083604
第六批,邾国故城,古遗址,周至汉,117.02405093393662,35.31070151019733
第六批,偪阳故城,古遗址,周至晋,117.53234347510292,34.546732455084964
第六批,东平陵故城,古遗址,汉,117.52662965897788,36.685341981832174
第六批,中陈郝窑址,古遗址,南北朝至清,117.46603195790811,34.890169676311324
第六批,龙华寺遗址,古遗址,南北朝至隋,118.1983459803503,37.20286900567265
第六批,寨里窑址,古遗址,南北朝至唐,118.03926948213768,36.653114846668814
第六批,织机洞遗址,古遗址,旧石器时代,113.3305528958883,34.65122234835518
第六批,杨台寺遗址,古遗址,新石器时代,113.91435220321414,33.038776824226204
第六批,瓦店遗址,古遗址,新石器时代,113.40972918977565,34.197044434260725
第六批,石固遗址,古遗址,新石器时代,113.67696240187,34.170370447808885
第六批,郝家台遗址,古遗址,新石器时代,114.03858071411992,33.60582357069309
第六批,王油坊遗址,古遗址,新石器时代,116.34481567674004,33.815567897015704
第六批,李庄遗址,古遗址,新石器时代,115.18959264657374,34.104901874023966
第六批,王湾遗址,古遗址,新石器时代,112.33201857523132,34.70032774997938
第六批,鹿台岗遗址,古遗址,新石器时代至周,114.89727619135496,34.53396970315394
第六批,新砦遗址,古遗址,新石器时代至夏,113.56262501346528,34.44908877357202
第六批,唐户遗址,古遗址,新石器时代至周,113.6956346529643,34.310220620611155
第六批,蒲城店遗址,古遗址,新石器时代至汉,113.44000688376674,33.73711275138204
第六批,大师姑城址,古遗址,夏至商,113.48735252381056,34.849755515940984
第六批,小双桥遗址,古遗址,商,113.57578843875652,34.85484735939015
第六批,宋国故城,古遗址,周,115.60550021854456,34.37243530933032
第六批,卫国故城,古遗址,周,114.2095400795123,35.627421271300115
第六批,黄国故城,古遗址,周,115.0011717239896,32.169063096208774
第六批,共城城址,古遗址,周,113.81200499194324,35.46342965331039
第六批,滑国故城,古遗址,周,113.75320671795902,34.772699929957554
第六批,叶邑故城,古遗址,周,113.2906138184118,33.49778108326438
第六批,轵国故城,古遗址,周,112.60264016148012,35.07376792510612
第六批,下河湾冶铁遗址,古遗址,战国至汉,113.54636349484332,32.62919075939302
第六批,望城岗冶铁遗址,古遗址,汉,112.90868798746,33.738879709644
第六批,瓦房庄冶铁遗址,古遗址,汉,112.8331938721258,33.32600803015792
第六批,三杨庄遗址,古遗址,汉,114.77349949000318,35.73366447534101
第六批,山阳故城,古遗址,汉,113.29152740814642,35.253511701524275
第六批,段店窑址,古遗址,唐至宋,112.912917422427,33.81820972836471
第六批,大周封祀坛遗址,古遗址,唐,113.050497126267,34.46188462989898
第六批,扒村窑址,古遗址,宋至元,113.44744868963144,34.28257736473212
第六批,当阳峪窑址,古遗址,宋,113.24801505405954,35.284473098563595
第六批,张公巷窑址,古遗址,金至元,112.85093900634044,34.16643143898887
第六批,建始直立人遗址,古遗址,旧石器时代,110.08081243534892,30.66002660269904
第六批,马家垸遗址,古遗址,新石器时代,112.24262733799442,30.69155962239172
第六批,陶家湖遗址,古遗址,新石器时代,113.57387817754984,30.93645248650309
第六批,鸡鸣城遗址,古遗址,新石器时代,111.99100079486406,29.929633219518152
第六批,邓国故址,古遗址,周,112.10504091856065,32.087392489963776
第六批,施州城址,古遗址,宋,109.49026903163671,30.35472649117403
第六批,唐崖土司城址,古遗址,元至清,109.00856088725652,29.709735016858037
第六批,容美土司遗址,古遗址,明至清,110.07606319277086,29.9380296216703
第六批,高庙遗址,古遗址,新石器时代,110.1632805484734,27.370900440997907
第六批,炭河里遗址,古遗址,周,112.11171909997152,28.162207686349813
第六批,舜帝庙遗址,古遗址,宋,111.94721137931889,25.58009566908105
第六批,宝镜湾遗址,古遗址,新石器至青铜时代,113.2476262150281,21.899309419178405
第六批,白莲洞遗址,古遗址,旧石器至新石器时代,109.42982823052265,24.33467177437206
第六批,鲤鱼嘴遗址,古遗址,旧石器至新石器时代,109.41384592559368,24.288035323727843
第六批,感驮岩遗址,古遗址,新石器时代至战国,105.8473148154147,23.42072785629297
第六批,秦城遗址,古遗址,秦至晋,110.47666045583183,25.5796541329244
第六批,智城城址,古遗址,唐,108.71655274677065,23.47097169725809
第六批,甘泉岛遗址,古遗址,唐至宋,111.59225412467768,16.511110422555223
第六批,甘泉岛遗址,古遗址,唐至宋,110.35111406984174,20.02780017338676
第六批,甘泉岛遗址,古遗址,唐至宋,114.33231320312429,15.84348923786002
第六批,北礁沉船遗址,古遗址,唐至清,110.35111406984174,20.02780017338676
第六批,北礁沉船遗址,古遗址,唐至清,108.67308288086596,19.136327109799023
第六批,北礁沉船遗址,古遗址,唐至清,114.33231320312429,15.84348923786002
第六批,儋州故城,古遗址,唐至清,109.58344894903384,19.52912661602204
第六批,营盘山和姜维城遗址,古遗址,新石器时代,103.85743958347206,31.68915654784355
第六批,营盘山和姜维城遗址,古遗址,新石器时代,103.59057387004285,31.482037286571767
第六批,金沙遗址,古遗址,商至周,104.01189491268704,30.692398015678958
第六批,大洋堆遗址,古遗址,周至战国,102.2699859140974,27.904013294371595
第六批,城坝遗址,古遗址,战国至汉,107.0749709889754,31.01192307981785
第六批,剑门蜀道遗址,古遗址,战国至清,105.84904269656025,32.479691092512894
第六批,剑门蜀道遗址,古遗址,战国至清,105.527994728894,32.29585425899581
第六批,严道城址,古遗址,汉,102.84951748611464,29.80200012620977
第六批,老君山硝洞遗址,古遗址,明至清,104.94064146200144,32.029823715862136
第六批,剑南春酒坊遗址,古遗址,清,104.198120665147,31.34960036345908
第六批,宁谷遗址,古遗址,汉,105.98312285089844,26.215216871938694
第六批,万山汞矿遗址,古遗址,唐至清,109.20686942236388,27.526236913415392
第六批,白羊村遗址,古遗址,新石器时代,100.59773111867572,25.85000833526612
第六批,山龙（山字旁加龙）山于（山字旁加于）图山城址,古遗址,唐,100.31230088948064,25.23632771336375
第六批,龙岗寺遗址,古遗址,旧石器时代至汉,106.97274852291822,33.07431044710681
第六批,石峁遗址,古遗址,新石器时代,110.33292324204346,38.57071079482404
第六批,石摞摞山遗址,古遗址,新石器时代,110.32338087761455,38.11843026769465
第六批,李家村遗址,古遗址,新石器时代,107.74848948713084,32.97846430632923
第六批,北首岭遗址,古遗址,新石器时代,107.23988112762454,34.370333843369366
第六批,东龙山遗址,古遗址,新石器时代至汉,109.97079264638072,33.85313886042804
第六批,横阵遗址,古遗址,新石器时代,110.09314404563754,34.5728489061767
第六批,凤凰山遗址,古遗址,商至周,107.6069319284465,34.4946832005616
第六批,李家崖城址,古遗址,商至周,110.42931618906506,37.07648831095641
第六批,梁带村遗址,古遗址,周,110.5029956894648,35.51401810568424
第六批,杨家村遗址,古遗址,周,107.73174784847086,34.286719678205166
第六批,法门寺遗址,古遗址,南北朝至清,107.9054944298013,34.43230441379773
第六批,麟州故城,古遗址,唐至明,110.4996883111735,38.847883847975176
第六批,林家遗址,古遗址,新石器时代,103.27325758349453,35.664157439107164
第六批,牛门洞遗址,古遗址,新石器至青铜时代,104.7572907801557,35.94199955052016
第六批,寺洼遗址,古遗址,新石器至青铜时代,103.86328907184134,35.401261148014655
第六批,西河滩遗址,古遗址,新石器至青铜时代,98.50007279052888,39.73766479330723
第六批,火烧沟遗址,古遗址,青铜时代,97.70702898173032,39.944415980660814
第六批,破城子遗址,古遗址,汉至唐,95.91422278205258,40.31283621622022
第六批,八卦营城址,古遗址,汉至晋,100.97788472258868,38.34763082559343
第六批,八角城城址,古遗址,唐至明,102.52692236646256,35.209125718430215
第六批,永泰城址,古遗址,明,103.85290668496334,37.141592057127454
第六批,柳湾遗址,古遗址,新石器至青铜时代,102.56070949819564,36.46015544907448
第六批,沈那遗址,古遗址,新石器至青铜时代,101.75991332745733,36.65925366805227
第六批,鸽子山遗址,古遗址,旧石器时代,105.86255130829257,38.05414571688042
第六批,菜园遗址,古遗址,新石器时代,105.54591821358726,36.53822640749909
第六批,照壁山铜矿遗址,古遗址,汉,105.24623382932208,37.6053913978986
第六批,灵武窑址,古遗址,宋至明,106.65315756323186,38.08406559417282
第六批,张家场城址,古遗址,汉,107.01934597381543,37.42731642315076
第六批,丹丹乌里克遗址,古遗址,南北朝至唐,81.08770654220974,37.79376485378541
第六批,麻扎塔格戍堡址,古遗址,唐,80.46830889680689,38.6532021303636
第六批,通古斯巴西城址,古遗址,唐,82.37881856871105,41.26631187407099
第六批,金陵,古墓葬,金,116.14322430788476,39.75298784869693
第六批,利玛窦和外国传教士墓地,古墓葬,明至清,116.3481007155441,39.93485240835168
第六批,袁崇焕墓和祠,古墓葬,明至民国,116.43847199935146,39.89967421434728
第六批,邢国墓地,古墓葬,周,114.50558371271474,37.07622436885933
第六批,所药村壁画墓,古墓葬,汉,115.15942508781896,38.71606568199065
第六批,隆尧唐祖陵,古墓葬,唐,114.77231418037198,37.300101883283126
第六批,张柔墓,古墓葬,元,115.315318133267,39.03374880189631
第六批,怡贤亲王墓,古墓葬,清,115.693284074558,39.50106421727727
第六批,纪晓岚墓地,古墓葬,清,116.87866369416646,38.29895716194273
第六批,崔家河墓群,古墓葬,周,111.296483943633,35.25682948173837
第六批,沙梁坡墓群,古墓葬,汉,114.09065306067006,40.42498345864647
第六批,古城堡墓群,古墓葬,汉,113.74856265748724,40.36617690484341
第六批,王家峰墓群,古墓葬,南北朝,112.60953542830734,37.84529959824859
第六批,什贴墓群,古墓葬,南北朝,112.86813882550418,37.81998240308955
第六批,栗毓美墓,古墓葬,清,113.70358503263324,39.70944498756621
第六批,扎赉诺尔墓群,古墓葬,汉,117.79140930440296,49.49086315981912
第六批,王昭君墓,古墓葬,汉,111.6829539335351,40.71441452555526
第六批,韩匡嗣家族墓地,古墓葬,辽,118.9473137892146,44.3839344051189
第六批,吐尔基山墓,古墓葬,辽,122.87434875170231,43.65242943054434
第六批,萧氏家族墓,古墓葬,辽,121.1300355227828,42.42985768793184
第六批,张应瑞家族墓地,古墓葬,元,119.00592604483624,42.93974375940338
第六批,袁台子墓,古墓葬,晋,120.4226883190166,41.48648199411637
第六批,冯素弗墓,古墓葬,十六国,120.5752141909682,41.888351359513344
第六批,辉发河上游石棚墓,古墓葬,周,126.00376367125682,42.67609262722269
第六批,辉发河上游石棚墓,古墓葬,周,126.00376367125682,42.67609262722269
第六批,刀背山墓地,古墓葬,新石器时代,131.03340463406303,45.07326191456626
第六批,鸿山墓群,古墓葬,周,120.50941193344114,31.50068604649795
第六批,徐州墓群,古墓葬,汉,117.23826675455108,34.26033611850452
第六批,徐州墓群,古墓葬,汉,117.17394466401944,34.15046808298806
第六批,象山王氏家族墓地,古墓葬,晋,118.79724759738988,32.06673825347477
第六批,东阳土墩墓群,古墓葬,周,120.2796211533389,29.32036819421621
第六批,高氏家族墓地,古墓葬,明,120.82096367307004,28.03966452876679
第六批,于谦墓,古墓葬,明至清,120.2109868490973,30.25551660270541
第六批,李白墓,古墓葬,唐,118.52166516516483,31.499289633197268
第六批,武夷山崖墓群,古墓葬,青铜时代,117.95781760045708,27.66202994899613
第六批,朱熹墓,古墓葬,宋,117.64445029798036,27.57644662875373
第六批,朱轼墓,古墓葬,清,115.12141169803932,28.41079735913896
第六批,嘴子前墓群,古墓葬,周,121.17543273790076,36.6928303069192
第六批,萧王庄墓群,古墓葬,汉,116.56869824755697,35.45137095656519
第六批,洗砚池墓群,古墓葬,晋,118.34216673363136,35.07553010792894
第六批,崔芬墓,古墓葬,南北朝,118.50836113756796,36.40817128232893
第六批,韩氏家族墓地,古墓葬,唐,115.67165863571974,36.23994074275887
第六批,明鲁王墓,古墓葬,明,117.01255334008948,35.4767511766679
第六批,应国墓地,古墓葬,周至汉,113.13124350059132,33.779580057625594
第六批,许慎墓,古墓葬,汉,114.10017567954448,33.61610064756723
第六批,韩愈墓,古墓葬,唐,112.71790306214037,34.910734014466684
第六批,范仲淹墓,古墓葬,宋,112.54867454772834,34.500835356035815
第六批,欧阳修墓,古墓葬,宋,113.74028601787565,34.40305113636468
第六批,李诫墓,古墓葬,宋,113.61875456267394,34.615795431914435
第六批,青山墓群,古墓葬,周,111.90594091617248,30.55732771881613
第六批,九连墩墓群,古墓葬,战国,112.77257485692124,32.136891746734655
第六批,关陵,古墓葬,三国,111.77358894957528,30.849263374544176
第六批,南汉二陵,古墓葬,五代,113.37866142558792,23.062526756337817
第六批,藤桥墓群,古墓葬,唐至明,109.78040028163215,18.40276983725949
第六批,凉山大石墓群,古墓葬,战国至汉,102.17487086557644,27.37560255372506
第六批,凉山大石墓群,古墓葬,战国至汉,102.41787273108235,28.316008301328765
第六批,瑞峰崖墓群,古墓葬,汉,103.80922421195572,29.74890807692226
第六批,塔梁子崖墓群,古墓葬,汉,104.68291382963184,31.04139248788557
第六批,黄伞崖墓群,古墓葬,汉,104.41657418891944,28.811460465558447
第六批,孟知祥墓,古墓葬,五代,104.1261230488672,30.747143780758783
第六批,石城山崖墓群,古墓葬,宋至明,106.7057315165318,31.757836065891365
第六批,泸县宋墓,古墓葬,宋,105.38471246494,29.160609217370855
第六批,交乐墓群,古墓葬,汉,105.14982194471224,25.34788758963061
第六批,八塔台墓群,古墓葬,周至明,103.89810671159782,25.53516644345273
第六批,营盘村墓群,古墓葬,明至清,100.86350825683957,26.60990162755608
第六批,查木钦墓群,古墓葬,唐,87.64129688779812,29.090891343578058
第六批,秦东陵,古墓葬,秦,109.17232924875688,34.3393778320343
第六批,张骞墓,古墓葬,汉,107.3102035048152,33.16628698165489
第六批,明秦王墓,古墓葬,明,108.9417907527364,34.3488094636154
第六批,蔡伦墓和祠,古墓葬,清,107.65842044617128,33.21271422484382
第六批,明肃王墓,古墓葬,明,104.0641935852906,36.04386602710614
第六批,楼兰墓群,古墓葬,新石器时代至晋,88.17098729170873,39.033083819195085
第六批,五堡墓群,古墓葬,青铜时代,92.85589191611884,42.87266380049625
第六批,洋海墓群,古墓葬,青铜时代至唐,89.67420392786458,42.79317602808281
第六批,阿日夏特石人墓,古墓葬,隋至唐,81.62630396031521,45.07094442728419
第六批,麻赫穆德喀什噶里墓,古墓葬,元,75.51674248477771,39.32021015444791
第六批,速檀歪思汗麻扎,古墓葬,明,81.9527607097747,43.85933751251009
第六批,叶尔羌汗国王陵,古墓葬,明,77.26369593397536,38.42314973244646
第六批,艾比甫艾洁木麻扎,古墓葬,清,75.8950480017415,39.61976886608344
第六批,哈密回王墓,古墓葬,清至民国,93.49385898855216,42.81723227219391
第六批,承恩寺,古建筑,明至清,116.16508010428782,39.94106737169541
第六批,地坛,古建筑,明至清,116.41392361563544,39.96023038363372
第六批,德胜门箭楼,古建筑,明至清,116.37967999056488,39.95449519600656
第六批,月坛,古建筑,明至清,116.34518510995824,39.91923217812048
第六批,中南海,古建筑,明至清,116.36628939154949,39.91673763977564
第六批,大觉寺,古建筑,明至清,116.1064475610272,40.05705830279901
第六批,日坛,古建筑,明至清,116.442455890899,39.92303316721527
第六批,静明园,古建筑,清,116.27543926186,40.00469556756622
第六批,健锐营演武厅,古建筑,清,116.20956211527468,39.98957367650795
第六批,万寿寺,古建筑,清,116.31371200964335,39.95364585307469
第六批,关岳庙,古建筑,清,116.3859145623765,39.95174451020123
第六批,醇亲王府,古建筑,清,116.3846981064342,39.95000182939295
第六批,广济寺,古建筑,清,116.37248042104169,39.92958655724671
第六批,柏林寺,古建筑,清,116.42009899635508,39.95100509532046
第六批,爨底下村古建筑群,古建筑,清,115.6464885806433,40.00051724512952
第六批,安徽会馆,古建筑,清,116.38313320524168,39.89838320397543
第六批,报国寺,古建筑,清,116.35991674641608,39.89564657766262
第六批,石家大院,古建筑,清,117.01076902486068,39.14019445426247
第六批,解村兴国寺塔,古建筑,唐,115.58607099996436,38.4098269225782
第六批,万寿寺塔林,古建筑,五代至清,114.20913463509848,38.36095155654984
第六批,宝云塔,古建筑,宋,115.64243280937949,37.72290551505996
第六批,修德寺塔,古建筑,宋,114.69564985679924,38.62349377223253
第六批,庆林寺塔,古建筑,宋,115.84023467593256,37.31767032364346
第六批,静志寺塔基地宫,古建筑,宋,114.99042156218508,38.52156133766159
第六批,净众院塔基地宫,古建筑,宋,114.99053039911664,38.52341027372735
第六批,天宫寺塔,古建筑,辽,118.12289789257336,39.82763900716282
第六批,圣塔院塔,古建筑,辽,115.45700808911734,39.34885231655985
第六批,西岗塔,古建筑,辽,115.70574646733914,39.40598377329424
第六批,兴文塔,古建筑,辽,114.69437651255576,39.36525013292397
第六批,成汤庙山门,古建筑,金,113.74663619007724,36.61770222148364
第六批,柏林寺塔,古建筑,元,114.78483152054018,37.75310041239359
第六批,正定府文庙,古建筑,元,114.56778394216732,38.14899231937472
第六批,井陉古驿道,古建筑,明至清,114.06679000814025,37.99206583356416
第六批,扁鹊庙,古建筑,明至清,114.2735239606898,37.31640805641696
第六批,永济桥,古建筑,明至清,115.9756035522096,39.48997790825528
第六批,西古堡,古建筑,明至清,114.43408076633672,39.80321982088396
第六批,福庆寺,古建筑,明至清,114.14505560112372,38.0375977407368
第六批,时恩寺,古建筑,明至清,115.06185697855824,40.617296019949336
第六批,寿峰寺,古建筑,明至民国,118.1801987676661,39.63528603745086
第六批,暖泉华严寺,古建筑,明,114.43879896106236,39.807608300669095
第六批,真武庙,古建筑,明,114.56795788942443,39.85116095051509
第六批,常平仓,古建筑,明,114.5712843515009,39.848689442482005
第六批,蔚州灵岩寺,古建筑,明,114.5687819125728,39.84944499633099
第六批,单桥,古建筑,明,114.53070429438492,38.042641697978986
第六批,弘济桥,古建筑,明,114.76484658211344,36.7097612530741
第六批,永年城,古建筑,明,114.72984750683368,36.70803902850788
第六批,纸坊玉皇阁,古建筑,明,115.14757024740226,36.269601801572
第六批,大道观玉皇殿,古建筑,明,114.98922570524452,38.52931647038691
第六批,邢台开元寺,古建筑,明,115.4088604495228,37.0756279330592
第六批,伍仁桥,古建筑,明,115.32713920825113,38.42408237821736
第六批,万全右卫城,古建筑,明,114.74651484644566,40.86919114782004
第六批,洗马林玉皇阁,古建筑,明,114.46407142414073,40.82123611751201
第六批,金门闸,古建筑,清,115.9756035522096,39.48997790825528
第六批,大慈阁,古建筑,清,115.50304525362564,38.86471108728366
第六批,承德城隍庙,古建筑,清,117.92565095974264,40.99131208497175
第六批,普佑寺,古建筑,清,117.9536959523046,41.02072330664915
第六批,净觉寺,古建筑,清,117.92645811464548,39.81754345175786
第六批,老君洞,古建筑,唐至明,111.80531778056216,35.95477276560357
第六批,卦山天宁寺,古建筑,唐至清,112.13655027422384,37.57419661922602
第六批,下交汤帝庙,古建筑,宋至清,112.36340691159576,35.4202453240356
第六批,普光寺,古建筑,宋至清,112.9557023122276,37.779648278728814
第六批,金洞寺,古建筑,宋至清,112.55457296073084,38.49482917065505
第六批,安禅寺,古建筑,宋至明,112.56311579453656,37.87934016991225
第六批,无边寺,古建筑,宋至清,112.55787209401218,37.42860043504973
第六批,狐突庙,古建筑,宋至清,112.3109189994924,37.629547102409234
第六批,北义城玉皇庙,古建筑,宋至清,112.95479299212072,35.64710982960963
第六批,周村东岳庙,古建筑,宋至清,112.6268421851867,35.48181715830278
第六批,张壁古堡,古建筑,宋至清,111.97321817571148,36.96836223996606
第六批,佛头寺,古建筑,宋,113.58279687235252,36.36325452665577
第六批,兴梵寺,古建筑,宋,112.4566224708266,37.39656371554072
第六批,定襄关王庙,古建筑,宋,112.96215660830612,38.49680048532405
第六批,妙道寺双塔,古建筑,宋,110.774843816404,35.15018756982174
第六批,禅房寺塔,古建筑,辽,113.36617994119996,40.10145554109391
第六批,开福寺,古建筑,金至明,112.4150486383212,35.49228908354882
第六批,白台寺,古建筑,金至清,111.0760411673028,35.66961138147435
第六批,灵泽王庙,古建筑,金至清,112.96474432741928,36.4921497666481
第六批,西李门二仙庙,古建筑,金至清,112.98421842084086,35.708729107169454
第六批,润城东岳庙,古建筑,金至清,112.52987336478812,35.50093587033756
第六批,玉泉东岳庙,古建筑,金至清,113.19687245134551,35.68821309071076
第六批,石掌玉皇庙,古建筑,金至清,113.34457849381276,35.731228454937806
第六批,东邑龙王庙,古建筑,金至清,113.2661618538648,36.29972413977881
第六批,乡宁寿圣寺,古建筑,金至明,110.8430349921642,35.97511486580034
第六批,净因寺,古建筑,金至明,112.4403590048953,38.003025104447694
第六批,延庆寺,古建筑,金至清,113.07160488126326,38.75593179149284
第六批,中坪二仙宫,古建筑,金至清,113.07651927768217,35.811979248686
第六批,三圣寺,古建筑,金至清,113.59172257035269,39.3110763358239
第六批,汾城古建筑群,古建筑,金至清,111.279270068524,35.823814095356255
第六批,福祥寺,古建筑,金至清,112.78859047330845,37.07416901755976
第六批,白玉宫,古建筑,金至清,113.24795942242046,35.66349903686119
第六批,二郎庙,古建筑,金至清,112.86043487665994,35.87106366098459
第六批,真圣寺,古建筑,金至清,112.8302316952562,37.419247562493226
第六批,清源文庙,古建筑,金至清,112.34816900013324,37.61694960822568
第六批,南神头二仙庙,古建筑,金至清,113.36612804566111,35.70122595718404
第六批,寺润三教堂,古建筑,金,113.18687112848131,35.83634589415835
第六批,三圣瑞现塔,古建筑,金,113.06141693666552,35.6313634725767
第六批,回龙寺,古建筑,金,113.61708912191176,36.35283277635112
第六批,普照寺大殿,古建筑,金,112.60963477502084,36.7515573088143
第六批,昭泽王庙,古建筑,金,113.05187741817863,36.53697321410913
第六批,天王寺,古建筑,金,112.8815790027911,36.12272544934252
第六批,不二寺,古建筑,金,112.6667700036767,38.05775369591216
第六批,净土寺,古建筑,金,113.19426777682574,39.57222336251192
第六批,义居寺,古建筑,元至清,110.9439289196632,37.7538806099135
第六批,舜帝陵庙,古建筑,元至清,110.91257184853846,35.12616607207556
第六批,崇圣寺,古建筑,元至清,112.73409384020071,37.11989289157543
第六批,崇安寺,古建筑,元至清,113.27784048667908,35.784174492185834
第六批,东羊后土庙,古建筑,元至清,111.50596035034545,36.19863447461743
第六批,府君庙,古建筑,元至清,113.34966591174032,38.33074072416191
第六批,坡头泰山庙,古建筑,元至清,113.5826781512714,38.168146991084654
第六批,懿济圣母庙,古建筑,元至清,113.71182886126542,37.278406183714914
第六批,清虚观,古建筑,元至清,112.19074351503572,37.21238913383473
第六批,汾阳五岳庙,古建筑,元至清,111.64331184695412,37.18624986741704
第六批,清梦观,古建筑,至清,113.0597500746008,35.84523282319233
第六批,大阳汤帝庙,古建筑,元至清,112.64406345684122,35.39468904130938
第六批,霍州观音庙,古建筑,元至清,111.74296586483244,36.57216063383458
第六批,回銮寺,古建筑,元至清,111.93136274647829,36.900200851205845
第六批,夏禹神祠,古建筑,元至清,113.618012831784,36.35152763968312
第六批,金庄文庙,古建筑,元至清,112.23631228306202,37.203271743619325
第六批,乔沟头玉皇庙,古建筑,元至清,111.1643428342114,35.777418552688225
第六批,长治玉皇观,古建筑,元至清,113.14551704842356,35.97056628162983
第六批,四圣宫,古建筑,元至清,111.93380410208938,35.5824257481481
第六批,真泽二仙宫,古建筑,元至清,113.40172721986136,35.8768197066753
第六批,普净寺,古建筑,元至清,111.26942646235072,35.69764709266103
第六批,晋祠庙,古建筑,元至清,111.88583516832368,36.87824617738679
第六批,后稷庙,古建筑,元至明,111.22537467001295,35.36333447204801
第六批,宝峰寺,古建筑,元至明,112.95807785835608,36.38728881878406
第六批,福田寺,古建筑,元至明,112.8644774471758,37.94573881161733
第六批,王曲东岳庙,古建筑,元至民国,111.54094199438984,36.17774465984152
第六批,龙香关帝庙,古建筑,元至民国,111.2941333003665,35.689956718716736
第六批,介休东岳庙,古建筑,元至清,111.9401070452318,36.94614964996296
第六批,新绛龙兴寺,古建筑,元至清,111.22607736324385,35.62407710514018
第六批,襄垣文庙,古建筑,元至清,113.05148126395514,36.537279895707286
第六批,光化寺,古建筑,元至清,112.5010402288312,37.36705622979222
第六批,稷山稷王庙,古建筑,元至清,110.97888286578925,35.60749101416502
第六批,南撖东岳庙,古建筑,元至清,111.82478827287431,35.746742462284125
第六批,古中庙,古建筑,元至清,112.94741218747664,35.89263315629226
第六批,景云宫玉皇殿,古建筑,元,111.40536339368508,35.45975458407492
第六批,大洋泰山庙,古建筑,元,111.27582692622448,35.20224767584911
第六批,二郎庙北殿,古建筑,元,112.01290472546586,35.200945437080584
第六批,埝堆玉皇庙,古建筑,元,112.01292555800924,35.20093027244441
第六批,昔阳崇教寺,古建筑,元,113.70559569140546,37.622276349581256
第六批,左权文庙大成殿,古建筑,元,113.37134233232288,37.0816326025467
第六批,寨里关帝庙献殿,古建筑,元,111.40838604622564,35.11594290348942
第六批,郭村泰山庙大殿,古建筑,元,111.06778287776442,35.28927419345557
第六批,利应侯庙,古建筑,元,112.27575503598273,37.29140263137243
第六批,灵石后土庙,古建筑,元,111.86986231621955,36.89795628113201
第六批,三官庙,古建筑,元,111.227048377709,35.61970643164712
第六批,古垛后土庙,古建筑,元,110.72565333181676,35.712371422595496
第六批,乔泽庙戏台,古建筑,元,111.7190913146472,35.74459877609262
第六批,善庆寺,古建筑,元,110.99516207586262,37.85364545441671
第六批,碛口古建筑群,古建筑,明至清,110.79868174464616,37.647120478900426
第六批,海会寺,古建筑,明至清,112.56731567573662,35.50742287018011
第六批,尧陵,古建筑,明至清,111.78213182651784,36.07445258790894
第六批,水神堂,古建筑,明至清,114.29012156946705,39.76037159635393
第六批,柳氏民居,古建筑,明至清,112.15069880884904,35.56404106213691
第六批,湘峪古堡,古建筑,明至清,112.59426321976876,35.572563291205235
第六批,郭壁村古建筑群,古建筑,明至清,112.53028027382136,35.64082696343563
第六批,窦庄古建筑群,古建筑,明至清,112.5257365041978,35.64973280887587
第六批,平遥清凉寺,古建筑,明至清,112.21846325584318,37.10535629781033
第六批,文峰塔,古建筑,明至清,111.81559334837182,37.25078535348795
第六批,代县文庙,古建筑,明至清,112.95588468399768,39.06539379156519
第六批,公主寺,古建筑,明至清,113.38040826984842,39.15394558267288
第六批,王家大院,古建筑,明至清,111.8739243591517,36.90196432153229
第六批,郭峪村古建筑群,古建筑,明至清,112.57542764471096,35.51186323778969
第六批,孟家沟龙泉寺,古建筑,明至清,112.94531009924606,37.90079768967964
第六批,天贞观,古建筑,明至清,111.14634221176804,37.53167704990638
第六批,曹家大院,古建筑,明至清,112.51367639360512,37.396671424322655
第六批,净信寺,古建筑,明至清,112.67248520047008,37.44509517933918
第六批,明秀寺,古建筑,明至清,112.44081662373692,37.68735678514537
第六批,多福寺,古建筑,明至清,112.55010879711766,37.876479471882895
第六批,永祚寺,古建筑,明至清,112.59743200559777,37.85168265922392
第六批,万泉文庙,古建筑,明,110.80990044449456,35.367055450150694
第六批,董封戏台,古建筑,明,111.64425819106197,35.586250628151284
第六批,云林寺,古建筑,明,113.74815654287993,40.36418618182671
第六批,砥洎城,古建筑,明,112.52800829946992,35.503201103648905
第六批,慈云寺,古建筑,明,114.08587901764813,40.425169391015245
第六批,广武城,古建筑,明,112.815794569181,39.53302848478775
第六批,潞安府衙,古建筑,明,113.10695535165983,36.192645126859816
第六批,渠家大院,古建筑,清,112.32724720232387,37.363141376554445
第六批,杏花村汾酒作坊,古建筑,清,111.91023789699716,37.33991925534572
第六批,秘密寺,古建筑,清,113.2645569048272,39.19428521525417
第六批,铁佛寺,古建筑,清,111.50871850708737,36.08767521205845
第六批,常平关帝庙,古建筑,清,111.00754722219035,35.03341889694685
第六批,中阳楼,古建筑,清,111.80361133966406,37.14164471204534
第六批,师家沟古建筑群,古建筑,清,111.61254247050454,36.634685869376
第六批,娲皇庙,古建筑,清,111.76859114672244,36.567674319927946
第六批,平遥城隍庙,古建筑,清,112.1888581954137,37.20858461462378
第六批,日昇昌旧址,古建筑,清,112.18372626735116,37.21074260571436
第六批,太和岩牌楼,古建筑,清,112.00979612103365,37.13230847214274
第六批,介休五岳庙,古建筑,清,111.9401070452318,36.94614964996296
第六批,锦山龙泉寺,古建筑,明至民国,118.67395819638558,41.93634386803073
第六批,大召,古建筑,明至清,111.65175160777191,40.80424186995028
第六批,绥远城墙和将军衙署,古建筑,清,111.6867613602066,40.831162985284045
第六批,贝子庙,古建筑,清,116.06769533523334,43.95597533321788
第六批,定远营,古建筑,清,105.6777722004816,38.848069610670834
第六批,灵悦寺,古建筑,清,118.6994000435624,41.931704520088886
第六批,诺尔古建筑群,古建筑,清,116.48481564321156,42.21059123770685
第六批,库伦三大寺,古建筑,清,121.77781262924935,42.73536663123128
第六批,僧格林沁王府,古建筑,清,122.92320262856228,43.10706992936865
第六批,宝善寺,古建筑,清,120.06137731729036,43.61026763774781
第六批,云接寺塔,古建筑,辽,120.51237261179126,41.540240145409896
第六批,中前所城,古建筑,明至清,120.3448389822661,40.33035117962964
第六批,广宁城,古建筑,明,121.79003690784516,41.59027906927487
第六批,佑顺寺,古建筑,清,120.4619379860648,41.58049640328907
第六批,圣水寺,古建筑,清,120.60752845851508,41.041489108872085
第六批,吉林文庙,古建筑,清,126.57121935284314,43.84469695774533
第六批,牡丹江边墙,古建筑,唐至金,129.53457544367464,44.79079498509987
第六批,牡丹江边墙,古建筑,唐至金,129.38059189245456,44.286897100471215
第六批,卜奎清真寺,古建筑,清,123.95045043253182,47.35507272517574
第六批,龙华塔,古建筑,宋,121.4537902966352,31.18187344535092
第六批,洪泽湖大堤,古建筑,汉至清,118.81302877716456,33.231046772972455
第六批,洪泽湖大堤,古建筑,汉至清,118.81302877716456,33.231046772972455
第六批,泰伯庙和墓,古建筑,明至清,120.43685414407967,31.54941997434124
第六批,沧浪亭,古建筑,元至清,120.62780246942695,31.302818165571896
第六批,惠山镇祠堂,古建筑,南北朝至民国,120.3139641814812,31.5006853273948
第六批,南通天宁寺,古建筑,宋,120.86525170239004,32.028857084584416
第六批,崇教兴福寺塔,古建筑,宋,120.72154863302492,31.67445192290451
第六批,海清寺塔,古建筑,宋,119.22309697245846,34.60328597844981
第六批,紫金庵罗汉塑像,古建筑,宋至明,120.38833813399512,31.06749208363358
第六批,报恩寺塔,古建筑,宋至清,120.58823956478577,31.30574972157744
第六批,太仓石拱桥,古建筑,元,121.13098429726274,31.466387895145807
第六批,盘门,古建筑,元,120.6165221585754,31.2928367004745
第六批,狮子林,古建筑,元,120.63141103126893,31.32926245355676
第六批,轩辕宫正殿,古建筑,元,120.36355612693652,31.06212128067432
第六批,寂鉴寺石殿,古建筑,元,120.47980208223817,31.304256682425827
第六批,昭关石塔,古建筑,元,119.43218524568536,32.22257860628745
第六批,户部山古建筑群,古建筑,明至民国,117.19043207046845,34.26176462175646
第六批,瞻园,古建筑,明至清,118.7863278338375,32.029394986894
第六批,泰州城隍庙,古建筑,明至清,119.92431356224697,32.498838683924795
第六批,东林书院,古建筑,明至清,120.3105199860065,31.584479390173737
第六批,昭嗣堂,古建筑,明至清,120.45425040704455,31.460548190986906
第六批,赵用贤宅,古建筑,明,120.75510170202016,31.66147620705792
第六批,张溥宅第,古建筑,明,121.13098429726274,31.466387895145807
第六批,东山民居,古建筑,明,120.40858550487094,31.092739215059183
第六批,艺圃,古建筑,明,120.6111184253887,31.321796824457625
第六批,全晋会馆,古建筑,清,120.58823956478577,31.30574972157744
第六批,淮安府衙,古建筑,清,119.14676578840312,33.51844726009283
第六批,师俭堂,古建筑,清,120.50580603372715,30.921289209678765
第六批,莲花桥和白塔,古建筑,清,119.4139448378246,32.40256011286482
第六批,吴氏宅第,古建筑,清,119.45370578631706,32.40132481521043
第六批,扬州大明寺,古建筑,清,119.41348579042432,32.428294644457175
第六批,小盘谷,古建筑,清,119.44733426619878,32.394651868594046
第六批,高邮当铺,古建筑,清,119.4351170036747,32.79961843124055
第六批,甘熙宅第,古建筑,清,118.78299835193796,32.0341763480033
第六批,宁波天宁寺,古建筑,唐,121.54557260041238,29.882956265680107
第六批,独松关和古驿道,古建筑,宋至清,119.71520368977788,30.57004386400179
第六批,新河闸桥群,古建筑,宋至清,121.45970835796535,28.468784144765724
第六批,松阳延庆寺塔,古建筑,宋,119.459927761818,28.4623764811972
第六批,寿昌桥,古建筑,宋,119.97880066717042,30.551074838372177
第六批,赤溪五洞桥,古建筑,宋,120.50776229757506,27.350818008547236
第六批,阿育王寺,古建筑,元至清,121.7450080058194,29.854453554782097
第六批,普陀山多宝塔,古建筑,元,122.39080633064302,29.99269400132348
第六批,白云庄和黄宗羲、万斯同、全祖望墓,古建筑,明至民国,121.52702277217412,29.883353347474426
第六批,白云庄和黄宗羲、万斯同、全祖望墓,古建筑,明至民国,121.1626193968832,30.0425166167066
第六批,白云庄和黄宗羲、万斯同、全祖望墓,古建筑,明至民国,121.40901271720053,29.66344487397596
第六批,芝堰村建筑群,古建筑,明至民国,119.35579960033336,29.367083491172632
第六批,芙蓉村古建筑群,古建筑,明至清,120.68447370588756,28.15976958716758
第六批,衢州城墙,古建筑,明至清,118.8684334740914,28.970789134327667
第六批,安城城墙,古建筑,明至清,119.6867947817698,30.724187856638515
第六批,圣井山石殿,古建筑,明至清,120.43287691188236,27.73351641490444
第六批,慈城古建筑群,古建筑,明至清,121.62673338022512,29.868679059198364
第六批,天童寺,古建筑,明至清,121.79724759873729,29.812574560601416
第六批,王守仁故居和墓,古建筑,明,121.15613802969074,30.04506837858171
第六批,王守仁故居和墓,古建筑,明,121.15613802969074,30.04506837858171
第六批,青藤书屋和徐渭墓,古建筑,明,120.58095351428165,30.003779785519413
第六批,青藤书屋和徐渭墓,古建筑,明,120.5228591707882,29.941243229390203
第六批,宁海古戏台,古建筑,清至民国,121.4755384876672,29.447417275741547
第六批,泰顺廊桥,古建筑,清,119.7188610983423,27.565383316018803
第六批,仕水矴步,古建筑,清,119.90550976114946,27.37006099586617
第六批,玉山古茶场,古建筑,清,120.6843754143972,29.222138055698032
第六批,榉溪孔氏家庙,古建筑,清,120.53522842506372,28.938367058445507
第六批,崇仁村建筑群,古建筑,清,120.71033492912716,29.6124601000038
第六批,三卿口制瓷作坊,古建筑,清,118.54860582003585,28.44977046560773
第六批,顺溪古建筑群,古建筑,清,120.20066085137564,27.571599333067432
第六批,莫氏庄园,古建筑,清,121.0216555602446,30.705500136512995
第六批,法雨寺,古建筑,清,122.3954966163216,30.010404615901752
第六批,蒙城万佛塔,古建筑,宋,116.56155447582246,33.270336837647484
第六批,许村古建筑群,古建筑,明至民国,118.32656813117904,30.00225629477892
第六批,祁门古戏台,古建筑,明至清,117.71885215626044,29.85933067967564
第六批,南屏村古建筑群,古建筑,明至清,117.90742031172768,29.911019049951992
第六批,江村古建筑群,古建筑,明至清,118.3963247545913,30.22358046838711
第六批,振风塔,古建筑,明,117.0558295408071,30.509363219185605
第六批,溪头三槐堂,古建筑,明,118.19260491611357,29.739571742620672
第六批,郑氏宗祠,古建筑,明,118.38272248031622,29.86388536836385
第六批,竹山书院,古建筑,清,118.44594090303475,29.82396176167365
第六批,黄田村古建筑群,古建筑,清,118.50284362905104,30.467286383826035
第六批,世太史第,古建筑,清,117.04870821572727,30.5139751921714
第六批,镇海堤,古建筑,唐至清,119.13318386070404,25.40196296660172
第六批,名山室,古建筑,宋至元,118.7952994301376,25.89254052558137
第六批,泉州港古建筑,古建筑,宋至元,118.606111126143,25.036397615621627
第六批,泉州港古建筑,古建筑,宋至元,118.65002466492108,24.740627505880735
第六批,圣寿宝塔,古建筑,宋,119.52098462375238,25.971230382855158
第六批,无尘塔,古建筑,宋,118.56001443686723,25.579926606758185
第六批,三坊七巷和朱紫坊建筑群,古建筑,明至民国,119.33631819589334,26.08109674059564
第六批,培田村古建筑群,古建筑,明至清,116.64041570484392,25.64835867865572
第六批,南山宫,古建筑,明至清,117.59117004448426,24.98289219257608
第六批,西陂天后宫,古建筑,明至清,116.89584104302608,24.923680484435778
第六批,狮峰寺,古建筑,明至清,119.78133036067024,26.994376748879827
第六批,漳州林氏宗祠,古建筑,明,117.40626811137702,23.69108410834641
第六批,漳浦文庙大成殿,古建筑,明,117.77229531618836,24.618986881780614
第六批,宝严寺大殿,古建筑,明,117.49477871395004,27.34980509610407
第六批,陈埭丁氏宗祠,古建筑,明,118.61231261657308,24.832292315212687
第六批,正顺庙,古建筑,明,117.4123253523098,25.80291735640923
第六批,闽东北廊桥,古建筑,清,118.9878048978366,26.91762724025658
第六批,闽东北廊桥,古建筑,清,119.50665835492433,27.46989075644268
第六批,闽东北廊桥,古建筑,清,119.9031416092242,27.243388260707206
第六批,闽东北廊桥,古建筑,清,118.7478099863646,26.58663029823301
第六批,闽东北廊桥,古建筑,清,118.03640216637451,27.76567068250742
第六批,安溪文庙,古建筑,清,118.18913895199232,25.062893501304863
第六批,德远堂,古建筑,清,117.05167551524552,24.62732716506972
第六批,施琅宅、祠和墓,古建筑,清,118.55395168199983,24.790807533401427
第六批,施琅宅、祠和墓,古建筑,清,118.7988114155583,25.039796651587743
第六批,妈祖庙,古建筑,清,118.96446729443522,25.28531399147709
第六批,林氏义庄,古建筑,清,117.85193709571269,24.502519148857136
第六批,福州文庙,古建筑,清,119.30358685923964,26.08767043961669
第六批,建瓯东岳庙,古建筑,清,118.34875612161072,27.05215924296918
第六批,真如寺塔林,古建筑,唐至元,115.58103575833152,29.10282082288368
第六批,大宝光塔,古建筑,唐,115.24050466026304,26.226643345538157
第六批,赣州佛塔,古建筑,宋,114.86163104105148,25.84973419314345
第六批,赣州佛塔,古建筑,宋,114.36327996600257,25.41031500758605
第六批,赣州佛塔,古建筑,宋,114.92483293434672,25.394975430636283
第六批,赣州佛塔,古建筑,宋,115.39544015061588,25.145376421189773
第六批,赣州佛塔,古建筑,宋,116.34772132493224,26.32214750573137
第六批,鸣水桥,古建筑,宋,115.5876249432928,27.898496675238004
第六批,清华彩虹桥,古建筑,宋至清,117.92882999646054,29.33449851068057
第六批,袁州谯楼,古建筑,宋至清,114.42928624880903,27.805702056033844
第六批,鹅湖书院,古建筑,明至清,117.82129333329011,28.26505621365593
第六批,婺源宗祠,古建筑,明至清,117.71571318864876,29.38466113512754
第六批,理坑村民居,古建筑,明至清,117.82983261577408,29.53118761159099
第六批,梅关和古驿道,古建筑,明,114.36776034156786,25.40383993917651
第六批,陈氏牌坊,古建筑,明,116.29590014552,28.434710361250232
第六批,青云谱,古建筑,清,115.92657204671151,28.630614304408063
第六批,卞桥,古建筑,唐至金,117.5014842727172,35.63921047363295
第六批,隆兴寺铁塔,古建筑,宋,115.98129985697132,36.45386839811477
第六批,颜文姜祠,古建筑,元至清,117.85616997739214,36.48793982129956
第六批,泰山古建筑群,古建筑,明至清,117.1353556294699,36.19922838862939
第六批,曾庙,古建筑,明至清,116.34295006879935,35.413394491998986
第六批,尼山孔庙和书院,古建筑,明至清,117.2242689939979,35.509977505357924
第六批,济宁东大寺,古建筑,明至清,116.5888843755958,35.409453248374206
第六批,蒲松龄故宅,古建筑,清,118.0553606172951,36.81854605306709
第六批,法行寺塔,古建筑,唐至宋,112.85086602046896,34.17114170110796
第六批,三苏祠和墓,古建筑,宋至清,113.21335746551908,33.97891315156911
第六批,阎庄圣寿寺塔,古建筑,宋,114.89632983001698,34.32269713187653
第六批,乾明寺塔,古建筑,宋,114.19497393371452,34.11297454241405
第六批,泗洲寺塔,古建筑,宋至明,112.84325578700488,32.702767626816765
第六批,尉氏兴国寺塔,古建筑,宋至明,114.20425691991842,34.414016843146015
第六批,两程故里,古建筑,宋至明,112.1866225370242,34.22680611874565
第六批,商水寿圣寺塔,古建筑,宋至明,114.26861082246594,33.74476214652537
第六批,鄂城寺,古建筑,宋至清,112.52867632275532,32.99857358631581
第六批,柴庄延庆寺塔,古建筑,宋,112.5623851567967,35.117386311967785
第六批,胜果寺塔,古建筑,宋,113.44552719929622,35.23753228498717
第六批,宝严寺塔,古建筑,宋,114.02903800297088,33.39546607833435
第六批,崇法寺塔,古建筑,宋,116.39740974457024,33.94650920373199
第六批,郏县文庙,古建筑,金至清,113.21514515983549,33.97488039570673
第六批,百家岩寺塔,古建筑,金,113.41746359222886,35.43670783442673
第六批,沁阳北大寺,古建筑,明至清,112.94298819801004,35.101221581797496
第六批,叶县县衙,古建筑,明至清,113.35115968813848,33.628483753061744
第六批,洛阳周公庙,古建筑,明至清,112.46278010665992,34.68282197360903
第六批,关林,古建筑,明至清,112.48269164691736,34.61694186342799
第六批,白云寺,古建筑,明至清,113.5210588495875,35.50475194370408
第六批,新郑轩辕庙,古建筑,明至清,113.87590927598738,34.4673745450007
第六批,千佛阁,古建筑,明至清,113.39113471646723,35.10553932861092
第六批,阳台宫,古建筑,明至清,112.2750516058682,35.15513402401751
第六批,许昌文峰塔,古建筑,明,113.47723742940094,33.821200501336826
第六批,望京楼,古建筑,明,114.08254092650256,35.41547940015164
第六批,仓房香严寺,古建筑,明,111.43866925257862,32.79152523723886
第六批,悟颖塔,古建筑,明,114.36023738358938,33.002137927075324
第六批,福胜寺塔,古建筑,明,112.08870631186174,32.68821837201529
第六批,河南府文庙,古建筑,明,112.4829547803188,34.68836487241212
第六批,祖师庙,古建筑,明,112.08506426151494,34.148664574376575
第六批,洛阳山陕会馆,古建筑,清,112.4825405187468,34.68262929913616
第六批,汝州文庙,古建筑,清,112.84303264490995,34.17017623674631
第六批,朱仙镇清真寺,古建筑,清,114.2649746819597,34.6131481141954
第六批,开封东大寺,古建筑,清,114.36471573370584,34.8010627779541
第六批,陈元光祖祠,古建筑,清,115.67037037689602,32.194143118869206
第六批,太康文庙,古建筑,清,114.8687780561844,34.07291306625995
第六批,柏子塔,古建筑,唐,115.11338184361352,31.26610496998549
第六批,五祖寺,古建筑,唐至清,115.94328556335456,30.19620253997612
第六批,鄂州观音阁,古建筑,元至清,114.89082235264988,30.416643999061076
第六批,鱼木寨,古建筑,明至清,108.65082062773888,30.532660217796334
第六批,荆州三观,古建筑,明至清,112.1906398418744,30.36149566399272
第六批,荆州万寿宝塔,古建筑,明,112.23106791531016,30.32338826717135
第六批,黄陵庙,古建筑,明,111.07972426570348,30.84648301030536
第六批,茨河承恩寺,古建筑,明,111.8016719117413,31.99286804318204
第六批,钟祥文风塔,古建筑,明,112.6000801721311,31.17064133569925
第六批,武当山建筑群,古建筑,明,111.08781607659806,32.51890115653518
第六批,武当山建筑群,古建筑,明,111.08781607659806,32.51890115653518
第六批,凤凰山古建筑群,古建筑,清,110.98807611695273,30.83651917216713
第六批,米公祠,古建筑,清,112.1452412058032,32.0374934126819
第六批,陡山吴氏祠,古建筑,清,114.68186172825304,31.06837241435657
第六批,上甘棠村古建筑群,古建筑,明至清,111.18891850350968,25.15758278778493
第六批,高椅村古建筑群,古建筑,明至清,110.01970828963232,26.961223417062666
第六批,桃花源古建筑群,古建筑,明至清,111.42880552171438,28.791328693649323
第六批,南岳庙,古建筑,明至清,112.73540414535891,27.25414179782213
第六批,洪江古建筑群,古建筑,明至民国,109.83898393773536,27.218562186812544
第六批,坪坦风雨桥,古建筑,清,109.78588402418076,26.167546042688503
第六批,蔡侯祠,古建筑,清,112.86131365729896,26.431621123978413
第六批,余家碑坊,古建筑,清,112.01212408721946,29.66541621306612
第六批,凤凰古城堡,古建筑,清,109.60104027760376,27.957395815549987
第六批,慧光塔,古建筑,宋,112.3878562424843,24.782964248377667
第六批,龟峰塔,古建筑,宋,114.70330736054498,23.735414239302223
第六批,六榕寺塔,古建筑,宋,113.26111961870733,23.13681443826592
第六批,广裕祠,古建筑,明至清,113.54774463412086,23.439535947500744
第六批,南社村和塘尾村古建筑群,古建筑,明至清,113.90572018820784,23.07542049464288
第六批,韩文公祠,古建筑,明至清,116.6621022068482,23.67266731450522
第六批,道韵楼,古建筑,明,116.82953555879104,23.982420422979548
第六批,从熙公祠,古建筑,清,116.6481692706501,23.48097448010922
第六批,陈芳家宅,古建筑,清,113.57752268351936,22.279586501302152
第六批,江头村和长岗岭村古建筑群,古建筑,明至民国,110.22056647641338,25.68710187811321
第六批,马殷庙,古建筑,明至清,111.22363370356078,25.0787533248448
第六批,燕窝楼,古建筑,明至清,111.07427358465648,25.937293958307585
第六批,恭城古建筑群,古建筑,明至清,110.83207447416932,24.83135010231523
第六批,白帝城,古建筑,明至清,109.5780763523837,31.05059836467197
第六批,湖广会馆,古建筑,清,106.58965352017536,29.566805950744424
第六批,李业阙,古建筑,汉,105.15997869420973,31.63008693724927
第六批,杨公阙,古建筑,汉至宋,103.62129466119976,29.699704443144668
第六批,玉台山石塔,古建筑,唐,105.76136745048912,31.03218959357254
第六批,丹巴古碉群,古建筑,唐至清,101.89495923397244,30.88745077342174
第六批,彭州佛塔,古建筑,宋,103.9572152481137,30.983260930617188
第六批,无量宝塔,古建筑,宋,106.10339411979488,30.79368727248562
第六批,圣德寺塔,古建筑,宋,104.55111250860833,30.420247744170148
第六批,淮口瑞光塔,古建筑,宋,104.54857172117914,30.725781416014406
第六批,鹫峰寺塔,古建筑,宋,105.70977526581984,30.766285411763263
第六批,广德寺,古建筑,宋至清,105.5728291017532,30.5001015938708
第六批,平襄楼,古建筑,元,102.93294334491812,30.15273617672357
第六批,庐山青龙寺大殿,古建筑,元,103.02369505143636,30.26099577227011
第六批,措尔机寺,古建筑,元至清,100.98406649567916,32.27348786899479
第六批,日斯满巴碉房,古建筑,元至明,101.09144969238268,31.79980209363031
第六批,眉山报恩寺,古建筑,元至清,103.86028374069936,29.923042343760294
第六批,醴峰观,古建筑,元至民国,105.56935160849277,31.43792023614701
第六批,木门寺,古建筑,明,105.34083555398394,30.247389740079385
第六批,旋螺殿,古建筑,明,104.80410259899703,28.79736697265969
第六批,开善寺正殿,古建筑,明,102.8493262954302,29.80030675704943
第六批,宝梵寺,古建筑,明至清,105.65320034296646,30.730536081032582
第六批,犍为文庙,古建筑,明至清,103.95706844303471,29.212878207702865
第六批,松格嘛呢石经城和巴格嘛呢石经墙,古建筑,明至清,97.96862943389762,33.2560524083062
第六批,隘口石坊,古建筑,清,104.7129934614272,28.44776917235012
第六批,望江楼古建筑群,古建筑,清,104.09723734146294,30.63797842335916
第六批,洛带会馆,古建筑,清,104.32490052573009,30.64995775278472
第六批,春秋祠,古建筑,清,105.4436757866794,28.17774764544152
第六批,波日桥,古建筑,清,100.31707312998596,30.94787735785916
第六批,庞统祠墓,古建筑,清,104.47185761481984,31.297090277772867
第六批,三苏祠,古建筑,清,103.83527215477008,30.04954185353216
第六批,开江牌坊,古建筑,清,107.8711042824113,31.09183639565134
第六批,双堡牌坊,古建筑,清,104.13799487555347,30.00419966913215
第六批,资中文庙和武庙,古建筑,清,104.85680459400815,29.788060371868884
第六批,陈子昂读书台,古建筑,清,105.28035593526886,31.004409086850966
第六批,宝箴塞,古建筑,清至民国,106.07504098445064,30.372460271086062
第六批,织金古建筑群,古建筑,元至清,105.7749225181604,26.676837714839216
第六批,马头寨古建筑群,古建筑,元至清,106.91717084093928,26.943626413661413
第六批,东山古建筑群,古建筑,明至清,108.91524524034598,27.948917699310144
第六批,阳明洞和阳明祠,古建筑,明至清,106.60847823269592,26.85315203767383
第六批,阳明洞和阳明祠,古建筑,明至清,106.60847823269592,26.85315203767383
第六批,寨英村古建筑群,古建筑,明至清,108.91524524034598,27.948917699310144
第六批,思唐古建筑群,古建筑,明至清,108.2572794885052,27.9487707757151
第六批,飞云崖古建筑群,古建筑,明至清,107.98658310552842,26.957155943708724
第六批,旧州古建筑群,古建筑,明至清,107.78602793336005,27.000174127105176
第六批,文昌阁和甲秀楼,古建筑,明,106.72252319915408,26.580749699992925
第六批,葛镜桥,古建筑,明,107.53219337074589,26.691252388877704
第六批,水目寺塔,古建筑,唐至明,100.5564676067467,25.49301391722916
第六批,惠光寺塔和常乐寺塔,古建筑,唐、清,102.71350291815918,25.038191860700454
第六批,佛图寺塔,古建筑,唐,100.21008037263772,25.62283279746792
第六批,大姚白塔,古建筑,唐,101.3350750495116,25.72742367388364
第六批,曹溪寺,古建筑,明至清,102.45329283752989,24.957372293493293
第六批,秀山古建筑群,古建筑,元至民国,102.77064167005231,24.120411595748543
第六批,指林寺大殿,古建筑,元至清,102.827654423959,23.61934367393456
第六批,宝山石头城,古建筑,元,100.4363118682573,27.48019342013574
第六批,安宁文庙,古建筑,元至明,102.4922155104368,24.932493328808867
第六批,州城文庙和武庙,古建筑,明至清,100.59148798785118,25.74736704460689
第六批,真庆观古建筑群,古建筑,明至清,102.73095724975325,25.043717863494876
第六批,黑龙潭古建筑群,古建筑,明至清,100.58139967426617,26.48754920673513
第六批,龙华寺,古建筑,明至清,101.19550157116149,25.59638741426511
第六批,保山玉皇阁,古建筑,明,99.16096069140232,25.12593285593269
第六批,朝阳楼,古建筑,明,102.7742256520996,23.444486630194863
第六批,西门街古建筑群,古建筑,明,99.90896676144968,26.541492001760595
第六批,沙溪兴教寺,古建筑,明至民国,99.85835494868746,26.325889980879627
第六批,金龙桥,古建筑,清,100.39556888394598,26.789546703396397
第六批,孟连宣抚司署,古建筑,清,99.5839338941542,22.33937959250662
第六批,曼短佛寺,古建筑,清,100.3611779033994,21.949591329886196
第六批,双龙桥,古建筑,清,102.77216684530212,23.620761375607326
第六批,长春洞,古建筑,清,100.31230088948064,25.23632771336375
第六批,寿国寺,古建筑,清,99.02077194970116,27.64633919645707
第六批,会泽会馆,古建筑,清,103.31083311259788,26.43345658017912
第六批,松卡石塔,古建筑,唐,91.45413119243858,29.306498900509794
第六批,聂塘卓玛拉康,古建筑,宋,90.95382265537012,29.538665375650016
第六批,查杰玛大殿,古建筑,元至清,96.5095476661979,31.377359116555777
第六批,敏竹林寺,古建筑,明,91.34213728069692,29.25411039924055
第六批,平措林寺,古建筑,明,88.00851355335213,29.373537104016663
第六批,邦纳寺,古建筑,明,93.79092387603124,31.894836588330087
第六批,康松桑卡林,古建筑,清,91.34213728069692,29.25411039924055
第六批,精进寺塔,古建筑,唐至宋,109.93959828767797,35.19589766774098
第六批,长安圣寿寺塔,古建筑,唐,108.96632828039284,34.01392368965124
第六批,长安华严寺塔,古建筑,唐,108.97309794208036,34.14346603415482
第六批,百良寿圣寺塔,古建筑,唐,110.31649663278012,35.30787807503931
第六批,昭慧塔,古建筑,唐,109.1022104498042,34.52878491319394
第六批,开明寺塔,古建筑,唐,107.5482371692938,33.22580197807491
第六批,大秦寺塔,古建筑,宋,108.31404848034026,34.064608772094324
第六批,太平寺塔,古建筑,宋,107.62573045331304,34.45127561007245
第六批,武陵寺塔,古建筑,宋,108.14359183030032,34.699058026808544
第六批,神德寺塔,古建筑,宋,108.98209167657616,34.92936586899903
第六批,法王庙,古建筑,宋至清,110.46659121114406,35.55195716417058
第六批,北营庙,古建筑,元,110.44015667527192,35.470471094249135
第六批,五门堰,古建筑,元,107.25348916635116,33.25248857967357
第六批,吴堡石城,古建筑,明至清,110.75145885617911,37.47639189204512
第六批,周公庙,古建筑,明至清,107.60769854261252,34.503806034900904
第六批,榆林卫城,古建筑,明至清,109.75514010705696,38.297272564071264
第六批,张良庙,古建筑,明至清,106.83895157302196,33.68564677767604
第六批,扶风城隍庙,古建筑,明至清,107.88265824140932,34.36688400167658
第六批,玉皇后土庙,古建筑,明至清,110.50245048711776,35.58886111352526
第六批,玄武庙青石殿,古建筑,明,110.04664990656173,35.20430316567977
第六批,庆安寺塔,古建筑,明,109.51146758468028,34.50705881310957
第六批,咸阳文庙,古建筑,明,108.72648288052508,34.3416534130031
第六批,盘龙山古建筑群,古建筑,明,110.18482946922455,37.76071465998361
第六批,姜氏庄园,古建筑,清,110.33454351418396,37.815189019488905
第六批,丰图义仓,古建筑,清,110.1208813496782,34.79139208542351
第六批,湘乐砖塔,古建筑,宋,108.15043304598817,35.60106491346229
第六批,玉泉观,古建筑,元至清,105.71442089974369,34.5910695722039
第六批,后街清真寺,古建筑,明至清,105.72123431348376,34.59018350584498
第六批,红城感恩寺,古建筑,明至清,103.39682366025306,36.458923442220126
第六批,秦安文庙,古建筑,明至清,105.67516074042446,34.864315043473376
第六批,张掖鼓楼,古建筑,明至清,100.661422486943,38.82010521354571
第六批,西来寺,古建筑,明至清,100.45539863775235,38.93550889835011
第六批,罗川赵氏石坊,古建筑,明,108.361441398425,35.49841583510844
第六批,永昌钟鼓楼,古建筑,明,101.97607028619964,38.25296510501523
第六批,延恩寺塔,古建筑,明,106.66719944828166,35.54968191929138
第六批,张掖会馆,古建筑,清,100.661422486943,38.82010521354571
第六批,格萨尔三十大将军灵塔和达那寺,古建筑,宋、元,95.76448070582504,31.96034648694853
第六批,却藏寺,古建筑,清,101.91075651497346,37.00902508689786
第六批,承天寺塔,古建筑,清,106.27190532967724,38.46878513202736
第六批,董府,古建筑,清,106.08632138249152,37.9288328690233
第六批,靖远寺,古建筑,明,81.16474494239682,43.8399160765122
第六批,京杭大运河,古建筑,春秋至清,116.62114698014138,39.91244726749434
第六批,京杭大运河,古建筑,春秋至清,117.16842514902044,39.187801342097885
第六批,京杭大运河,古建筑,春秋至清,116.85459784512852,38.25433864590696
第六批,京杭大运河,古建筑,春秋至清,116.3532280728082,35.57281177532447
第六批,京杭大运河,古建筑,春秋至清,119.9517557996951,31.775461446573303
第六批,京杭大运河,古建筑,春秋至清,120.14410381436971,30.311020946706385
第六批,千像寺造像,石窟寺及石刻,辽,117.30358828609076,40.09553996557284
第六批,五礼记碑,石窟寺及石刻,唐至宋,115.19318887588148,36.29353899849465
第六批,宋璟碑,石窟寺及石刻,唐,114.5036109939344,36.86081264609906
第六批,大佛顶尊胜陀罗尼经幢,石窟寺及石刻,金,118.86702706715695,39.885305855834496
第六批,羊头山石窟,石窟寺及石刻,南北朝至唐,112.96248987642272,35.92730575208918
第六批,碧落寺,石窟寺及石刻,南北朝至民国,112.81540246695026,35.56648141850966
第六批,金灯寺石窟,石窟寺及石刻,明,113.689148412487,36.027657682569945
第六批,阴山岩画,石窟寺及石刻,新石器至青铜时代,106.80874071994764,40.96640707306418
第六批,阴山岩画,石窟寺及石刻,新石器至青铜时代,106.80874071994764,40.96640707306418
第六批,阴山岩画,石窟寺及石刻,新石器至青铜时代,106.80874071994764,40.96640707306418
第六批,阴山岩画,石窟寺及石刻,新石器至青铜时代,107.00940526820436,40.33537694035
第六批,真寂之寺石窟,石窟寺及石刻,辽,119.36675710984592,43.852052026751856
第六批,阿什哈达摩崖,石窟寺及石刻,明,126.5588205190914,43.88291011879033
第六批,天下第二泉庭院及石刻,石窟寺及石刻,唐至清,120.4692778394138,31.573546837556066
第六批,顾渚贡茶院遗址及摩崖,石窟寺及石刻,唐至宋,119.80816958188495,31.137141693553275
第六批,安国寺经幢,石窟寺及石刻,唐,120.5424949732725,30.41330420180429
第六批,法隆寺经幢,石窟寺及石刻,唐,119.66415737704942,29.0966229593076
第六批,齐云山石刻,石窟寺及石刻,宋至清,118.04063661664983,29.815032796266
第六批,栖云洞造像,石窟寺及石刻,宋至明,119.55193411619636,26.49898675269965
第六批,显应宫泥塑,石窟寺及石刻,明至清,119.65017758211016,25.924543491557177
第六批,灵济宫碑,石窟寺及石刻,明,119.39417078035832,25.90064669420488
第六批,秀峰摩崖,石窟寺及石刻,唐至民国,115.99997485430949,29.47303234229453
第六批,泷冈阡表碑,石窟寺及石刻,宋,115.43881256181204,27.323009114698475
第六批,大智彭氏家族石刻,石窟寺及石刻,明,114.57915440314646,27.552944268821506
第六批,西天寺造像,石窟寺及石刻,南北朝,118.34341226859034,36.862202554230855
第六批,洪顶山摩崖,石窟寺及石刻,南北朝,116.47196089299764,35.94184710349868
第六批,圣经山摩崖,石窟寺及石刻,金至元,121.80342818574584,37.20366356227219
第六批,青天河摩崖,石窟寺及石刻,南北朝至唐,112.99790568371384,35.33290290353661
第六批,西明寺造像碑,石窟寺及石刻,南北朝,113.76822559206352,35.229041084735655
第六批,升仙太子碑,石窟寺及石刻,唐,113.82634145020292,36.066994746824136
第六批,崇唐观造像,石窟寺及石刻,唐,113.04060720719868,34.498598707750446
第六批,元次山碑,石窟寺及石刻,唐,112.90853528497284,33.74656295226838
第六批,云梦山摩崖,石窟寺及石刻,宋至民国,114.07328529843808,35.61435652564407
第六批,彼岸寺碑,石窟寺及石刻,宋,114.0174771366327,33.589175939569934
第六批,刘碑寺碑,石窟寺及石刻,南北朝,113.1962644589899,34.41551544882693
第六批,唐兀公碑,石窟寺及石刻,元,115.22802498507087,35.720643893114286
第六批,三游洞摩崖,石窟寺及石刻,唐至民国,111.26757323051376,30.77357321140025
第六批,仙佛寺石窟,石窟寺及石刻,唐,109.46134416590364,29.55961469155545
第六批,东坡赤壁,石窟寺及石刻,明至民国,114.8706651803167,30.462860985016004
第六批,慈孝沟“采皇木”摩崖,石窟寺及石刻,明,109.72433487119922,32.20325654679156
第六批,阳华岩摩崖,石窟寺及石刻,唐至清,111.6524457503113,25.19445663040765
第六批,却金亭碑,石窟寺及石刻,明,113.75091308464506,23.05784954551786
第六批,柳侯祠碑刻,石窟寺及石刻,宋至民国,109.41712650414294,24.324379817819395
第六批,潼南大佛寺摩崖造像,石窟寺及石刻,隋至清,105.88817825039952,30.3451228481296
第六批,涞滩二佛寺摩崖造像,石窟寺及石刻,宋,106.49820814981238,30.182474800892575
第六批,蒲江石窟,石窟寺及石刻,南北朝至清,103.50852733233246,30.20051036717449
第六批,邛崃石窟,石窟寺及石刻,唐至宋,103.46210707418967,30.41289077580149
第六批,博什瓦黑岩画,石窟寺及石刻,唐至宋,102.49619128496252,27.814360577839096
第六批,荣县大佛石窟,石窟寺及石刻,唐,104.4212675306908,29.453598885184785
第六批,夹江千佛岩石窟,石窟寺及石刻,唐,103.5764472209064,29.74672923899031
第六批,通江千佛岩石窟,石窟寺及石刻,唐,107.2250452084159,31.93204733329589
第六批,牛角寨石窟,石窟寺及石刻,唐,104.17891034057962,30.262753539500373
第六批,卧龙山千佛岩石窟,石窟寺及石刻,唐,105.06057482585854,31.659302247375884
第六批,孟孝琚碑,石窟寺及石刻,汉,103.72373943413618,27.342160033392577
第六批,王仁求碑,石窟寺及石刻,唐,102.4149099963134,24.75757957331208
第六批,马哈只墓碑,石窟寺及石刻,明,102.596126689201,24.6770516694394
第六批,灵岩寺摩崖,石窟寺及石刻,汉至民国,106.14800429400972,33.30675702502495
第六批,石泓寺石窟,石窟寺及石刻,隋至明,108.87861977437647,35.90414336980219
第六批,杨珣碑,石窟寺及石刻,唐,107.91656992401148,34.45839139099221
第六批,万安禅院石窟,石窟寺及石刻,宋,108.937988635468,35.67411501155128
第六批,云崖寺和陈家洞石窟,石窟寺及石刻,南北朝至明,106.3209612805764,35.16917662066487
第六批,木梯寺石窟,石窟寺及石刻,南北朝至元,104.89451329825788,34.72904524994037
第六批,王母宫石窟,石窟寺及石刻,南北朝,107.35709417701509,35.34226508882151
第六批,《新修白水路记》摩崖,石窟寺及石刻,宋,106.09019929223967,33.77662255113115
第六批,贝大日如来佛石窟寺和勒巴沟摩崖,石窟寺及石刻,唐,97.01491106189164,33.00167208091842
第六批,吐峪沟石窟,石窟寺及石刻,南北朝至唐,89.72011891721411,42.88508228301446
第六批,京师大学堂分科大学旧址,近现代重要史迹及代表性建筑,清,116.4005723358308,39.9303588399071
第六批,清陆军部和海军部旧址,近现代重要史迹及代表性建筑,清,116.4152457943532,39.93897762168021
第六批,亚斯立堂,近现代重要史迹及代表性建筑,清,116.41616648199614,39.933430910974415
第六批,清农事试验场旧址,近现代重要史迹及代表性建筑,清,116.36628939154949,39.91673763977564
第六批,西什库教堂,近现代重要史迹及代表性建筑,清,116.37843992960931,39.93008803914971
第六批,国立蒙藏学校旧址,近现代重要史迹及代表性建筑,清,116.3748576113914,39.91506534139036
第六批,北京国会旧址,近现代重要史迹及代表性建筑,清至民国,116.36989761680486,39.905841678540845
第六批,京师女子师范学堂旧址,近现代重要史迹及代表性建筑,清至民国,116.36628939154949,39.91673763977564
第六批,国民政府财政部印刷局旧址,近现代重要史迹及代表性建筑,清至民国,116.35776581429904,39.88092773821253
第六批,大栅栏商业建筑,近现代重要史迹及代表性建筑,清至民国,116.39317257469072,39.89769520347955
第六批,协和医学院旧址,近现代重要史迹及代表性建筑,清至民国,116.4159020863632,39.917566516207046
第六批,北平图书馆旧址,近现代重要史迹及代表性建筑,民国,116.3854259951781,39.92831442748078
第六批,辛亥滦州起义纪念园,近现代重要史迹及代表性建筑,民国,116.29934246757324,39.964217970511015
第六批,孙中山行馆,近现代重要史迹及代表性建筑,1924～1925年,116.4110859292866,39.93878931665665
第六批,北京鲁迅旧居,近现代重要史迹及代表性建筑,1924～1926年,116.36771153017332,39.92630519754565
第六批,盐业银行旧址,近现代重要史迹及代表性建筑,民国,117.21024513771115,39.13481898258672
第六批,法国公议局旧址,近现代重要史迹及代表性建筑,民国,117.21518862260258,39.12238706640589
第六批,梁启超旧居,近现代重要史迹及代表性建筑,1914～1929年,117.19729017057952,39.15244123203166
第六批,山海关八国联军营盘旧址,近现代重要史迹及代表性建筑,清,119.77658096566203,39.983165765114194
第六批,北戴河近代建筑群,近现代重要史迹及代表性建筑,清至民国,119.48543584648804,39.83969460523056
第六批,丰润中学校旧址,近现代重要史迹及代表性建筑,1913～1925年,118.11280079461802,39.73896807030677
第六批,义和拳议事厅旧址,近现代重要史迹及代表性建筑,1898年,115.26764067308874,36.9811263698223
第六批,育德中学旧址,近现代重要史迹及代表性建筑,1907～1937年,115.48450953001311,38.866650435048754
第六批,保定陆军军官学校旧址,近现代重要史迹及代表性建筑,1912～1923年,115.52743295822592,38.87109673819052
第六批,察哈尔都统署旧址,近现代重要史迹及代表性建筑,1914～1928年,114.8898278882111,40.84083881961591
第六批,布里留法工艺学校旧址,近现代重要史迹及代表性建筑,1917～1919年,115.84434670594818,38.63622547834193
第六批,晏阳初旧居,近现代重要史迹及代表性建筑,1926～1936年,115.00608884391832,38.51686316928412
第六批,潘家峪惨案遗址,近现代重要史迹及代表性建筑,1941年,118.1801987676661,39.63528603745086
第六批,中共晋冀鲁豫中央局和军区旧址,近现代重要史迹及代表性建筑,1946～1948年,114.20443800677012,36.70223092126488
第六批,唐山大地震遗址,近现代重要史迹及代表性建筑,1976年,118.11821455030396,39.82937614042258
第六批,徐向前故居,近现代重要史迹及代表性建筑,清,113.1689801349218,38.63567775001671
第六批,大同煤矿万人坑,近现代重要史迹及代表性建筑,1937～1945年,113.13988386623797,40.030998563124825
第六批,西河头地道战遗址,近现代重要史迹及代表性建筑,1942～1947年,112.92786881858189,38.48996144713952
第六批,山西省立第三中学旧址,近现代重要史迹及代表性建筑,民国,113.28020570643476,40.06534451760912
第六批,黄崖洞兵工厂旧址,近现代重要史迹及代表性建筑,1941年,113.44863259353818,36.80753365103632
第六批,乌兰夫故居,近现代重要史迹及代表性建筑,清至民国,111.25412826431152,40.572685347796366
第六批,成吉思汗庙,近现代重要史迹及代表性建筑,民国,122.0568029787428,46.09693356046315
第六批,“独贵龙”运动旧址,近现代重要史迹及代表性建筑,1919～1921年,108.83797231845034,38.60214916416203
第六批,百灵庙起义旧址,近现代重要史迹及代表性建筑,1936年,110.43616537119746,41.70398155198564
第六批,内蒙古自治政府成立大会会址,近现代重要史迹及代表性建筑,1947年,122.09369050063052,46.07581596657624
第六批,万忠墓,近现代重要史迹及代表性建筑,清,121.61668192273036,38.91816760720094
第六批,锡伯族家庙,近现代重要史迹及代表性建筑,清,123.42720373735612,41.81109296314541
第六批,西炮台遗址,近现代重要史迹及代表性建筑,1888年,122.2206204661845,40.62915473545166
第六批,关东厅博物馆旧址,近现代重要史迹及代表性建筑,民国,121.23600746374936,38.81384802890281
第六批,阜新万人坑,近现代重要史迹及代表性建筑,1940～1945年,121.75806359203324,42.06916681146871
第六批,鸭绿江断桥,近现代重要史迹及代表性建筑,1950年,124.39647996255684,40.12179604248953
第六批,抚顺战犯管理所旧址,近现代重要史迹及代表性建筑,1950～1975年,123.90726277964748,41.886856512819584
第六批,四保临江战役指挥部旧址,近现代重要史迹及代表性建筑,1945年,126.91908717461207,41.809688231823806
第六批,哈尔滨莫斯科商场旧址,近现代重要史迹及代表性建筑,清,126.6419215031481,45.76156676108852
第六批,中东铁路建筑群,近现代重要史迹及代表性建筑,清,129.37998242813015,44.59757820972168
第六批,侵华日军第七三一部队旧址,近现代重要史迹及代表性建筑,1936～1945年,126.6380165979384,45.61346572845771
第六批,侵华日军东北要塞,近现代重要史迹及代表性建筑,1934～1945年,131.1238877061802,44.09358521581675
第六批,侵华日军东北要塞,近现代重要史迹及代表性建筑,1934～1945年,132.93644836570644,45.76682376093144
第六批,侵华日军东北要塞,近现代重要史迹及代表性建筑,1934～1945年,132.93644836570644,45.76682376093144
第六批,马勒住宅,近现代重要史迹及代表性建筑,民国,121.44884876967647,31.2357356902558
第六批,国际饭店,近现代重要史迹及代表性建筑,民国,121.47353874580028,31.241620252860443
第六批,俞樾旧居,近现代重要史迹及代表性建筑,清,120.62069235386323,31.317631055137078
第六批,阿炳故居,近现代重要史迹及代表性建筑,清,120.30403467167112,31.58432158350513
第六批,中央体育场旧址,近现代重要史迹及代表性建筑,民国,118.87040395675108,32.0511611589085
第六批,国民大会堂旧址,近现代重要史迹及代表性建筑,民国,118.79431206930133,32.05266859483164
第六批,中央大学旧址,近现代重要史迹及代表性建筑,民国,118.79588843863004,32.06315295978175
第六批,金陵大学旧址,近现代重要史迹及代表性建筑,民国,118.78191291700898,32.062023994712
第六批,金陵女子大学旧址,近现代重要史迹及代表性建筑,民国,118.79724759738988,32.06673825347477
第六批,春在楼,近现代重要史迹及代表性建筑,民国,120.40668824037188,31.08641837453841
第六批,荣氏梅园,近现代重要史迹及代表性建筑,民国,120.2262885508325,31.562654958453237
第六批,张太雷旧居,近现代重要史迹及代表性建筑,1918～1925年,119.97671625177344,31.817816279142072
第六批,柳亚子旧居,近现代重要史迹及代表性建筑,1922～1937年,120.6473582356169,31.146850027142413
第六批,朱自清旧居,近现代重要史迹及代表性建筑,1930～1946年,119.4139448378246,32.40256011286482
第六批,侵华日军南京大屠杀死难同胞丛葬地,近现代重要史迹及代表性建筑,1937年,118.73670226555694,32.10021251765579
第六批,新四军重建军部旧址,近现代重要史迹及代表性建筑,1941～1945年,120.12252747805267,33.388165004631894
第六批,苏皖边区政府旧址,近现代重要史迹及代表性建筑,1945～1949年,119.02963380221728,33.59656410590512
第六批,人民海军诞生地,近现代重要史迹及代表性建筑,1949年,119.97867624810452,32.43355986457493
第六批,大通学堂和徐锡麟故居,近现代重要史迹及代表性建筑,清,120.53856920396709,30.062854622526537
第六批,江北天主教堂,近现代重要史迹及代表性建筑,清,121.56268079533496,29.883320353528784
第六批,利济医学堂旧址,近现代重要史迹及代表性建筑,1885～1902年,120.63630056647972,27.79162040763513
第六批,王国维故居,近现代重要史迹及代表性建筑,1886～1898年,120.53988527484772,30.409818008652163
第六批,马寅初故居,近现代重要史迹及代表性建筑,清至民国,120.86022549498256,29.639608518612278
第六批,马寅初故居,近现代重要史迹及代表性建筑,清至民国,120.09074272320716,30.309942254265398
第六批,莫干山别墅群,近现代重要史迹及代表性建筑,清至民国,119.87027727521004,30.61606552734854
第六批,钱塘江大桥,近现代重要史迹及代表性建筑,民国,120.14230809459804,30.198970532319773
第六批,之江大学旧址,近现代重要史迹及代表性建筑,民国,120.2109868490973,30.25551660270541
第六批,笕桥中央航校旧址,近现代重要史迹及代表性建筑,民国,120.2178465584773,30.326810210392
第六批,章太炎故居,近现代重要史迹及代表性建筑,民国,120.00156153226116,30.297966229472813
第六批,钱业会馆,近现代重要史迹及代表性建筑,民国,121.55922700020514,29.88157621072356
第六批,陈英士墓,近现代重要史迹及代表性建筑,1916年,120.10688248776098,30.85068123119856
第六批,浙东抗日根据地旧址,近现代重要史迹及代表性建筑,1942～1945年,121.08336119971156,29.89141190124591
第六批,浙东抗日根据地旧址,近现代重要史迹及代表性建筑,1942～1945年,121.26824436029112,30.177692285679008
第六批,刘铭传旧居,近现代重要史迹及代表性建筑,清,117.15899981581532,31.71484875615112
第六批,李氏庄园,近现代重要史迹及代表性建筑,清,115.945490247452,32.28274116302525
第六批,冯玉祥旧居,近现代重要史迹及代表性建筑,1936～1937年,117.85014557293448,31.693896338801306
第六批,半塔保卫战旧址,近现代重要史迹及代表性建筑,1941年,118.58912672835216,32.68471143998336
第六批,淮海战役总前委和华东野战军指挥部旧址,近现代重要史迹及代表性建筑,1948年,116.56024612959054,33.69613822034377
第六批,淮海战役总前委和华东野战军指挥部旧址,近现代重要史迹及代表性建筑,1948年,116.93786574814872,34.228290709752784
第六批,陈化成墓,近现代重要史迹及代表性建筑,清,118.1125745205839,24.474575747403595
第六批,鼓浪屿近代建筑群,近现代重要史迹及代表性建筑,清至民国,118.06819583439186,24.45318229964905
第六批,严复故居和墓,近现代重要史迹及代表性建筑,清至民国,119.29890239833723,26.09448713327718
第六批,天一总局旧址,近现代重要史迹及代表性建筑,民国,117.84609558933086,24.494352731781134
第六批,集美学村和厦门大学早期建筑,近现代重要史迹及代表性建筑,民国,118.0942383229523,24.57544556816163
第六批,厦门破狱斗争旧址,近现代重要史迹及代表性建筑,1930年,118.08867343852955,24.45351234459073
第六批,建宁红一方面军领导机关旧址,近现代重要史迹及代表性建筑,1931～1933年,116.84545992592878,26.839600050185982
第六批,中国工农红军东路军领导机关旧址,近现代重要史迹及代表性建筑,1932年,117.64890647531097,24.523276404881088
第六批,美孚洋行旧址,近现代重要史迹及代表性建筑,清,115.98038665049668,29.73102905695132
第六批,兴国革命旧址,近现代重要史迹及代表性建筑,1929～1933年,115.3456158564816,26.33376630229405
第六批,罗坊会议和兴国调查会旧址,近现代重要史迹及代表性建筑,1930年,115.1243161884321,27.860867558093304
第六批,湘鄂赣革命根据地旧址,近现代重要史迹及代表性建筑,1932～1934年,114.44728094141834,28.115332063087045
第六批,中央红军长征出发地旧址,近现代重要史迹及代表性建筑,1934年,115.43387986072726,25.967744677284813
第六批,南昌新四军军部旧址,近现代重要史迹及代表性建筑,1938年,115.89745865924849,28.676746160486683
第六批,洪家楼天主教堂,近现代重要史迹及代表性建筑,清,117.06655490127848,36.691442997343536
第六批,青岛啤酒厂早期建筑,近现代重要史迹及代表性建筑,清,120.54063727551762,36.111421424293866
第六批,王尽美故居,近现代重要史迹及代表性建筑,清,119.16880288055268,35.907023733065024
第六批,烟台山近代建筑群,近现代重要史迹及代表性建筑,清至民国,121.40317364252944,37.551721928521886
第六批,万字会旧址,近现代重要史迹及代表性建筑,民国,117.01368410790202,36.66232550826261
第六批,万字会旧址,近现代重要史迹及代表性建筑,民国,120.38432003503226,36.07194540569526
第六批,台儿庄大战旧址,近现代重要史迹及代表性建筑,1938年,117.73463618686456,34.56986397450058
第六批,邓颖超祖居,近现代重要史迹及代表性建筑,清,114.9048288351525,32.01493406488707
第六批,刘青霞故居,近现代重要史迹及代表性建筑,清末民初,114.19429414303318,34.41704912432466
第六批,刘青霞故居,近现代重要史迹及代表性建筑,清末民初,114.19429414303318,34.41704912432466
第六批,河南留学欧美预备学校旧址,近现代重要史迹及代表性建筑,民国,114.31489917095384,34.804875527445645
第六批,吕潭学校旧址,近现代重要史迹及代表性建筑,民国,114.46440431669116,34.12046524752083
第六批,中国工农红军第二十五军司令部旧址,近现代重要史迹及代表性建筑,1933年,114.846971739824,31.50876046165913
第六批,八路军洛阳办事处旧址,近现代重要史迹及代表性建筑,1938～1942年,112.39081697036768,34.67244457396535
第六批,冀鲁豫边区革命根据地旧址,近现代重要史迹及代表性建筑,1941～1946年,115.504785666579,35.857733773630414
第六批,冀鲁豫边区革命根据地旧址,近现代重要史迹及代表性建筑,1941～1946年,115.10443159377776,35.89117127462636
第六批,嵖岈山卫星人民公社旧址,近现代重要史迹及代表性建筑,1958～1983年,113.7473513313636,33.2138647837588
第六批,红旗渠,近现代重要史迹及代表性建筑,1969年,113.72797886987055,35.981800778991854
第六批,郑州二七罢工纪念塔和纪念堂,近现代重要史迹及代表性建筑,1971年、1952年,113.666509996052,34.75334864329448
第六批,李先念故居,近现代重要史迹及代表性建筑,清,114.52063766774997,31.152915143831777
第六批,董必武故居,近现代重要史迹及代表性建筑,清,114.61900661090186,31.294447150838906
第六批,汉口近代建筑群,近现代重要史迹及代表性建筑,清至民国,114.30087319016764,30.58922405020093
第六批,杨守敬故居和墓,近现代重要史迹及代表性建筑,清至民国,111.45453834250596,30.402237212513388
第六批,汉冶萍煤铁厂矿旧址,近现代重要史迹及代表性建筑,1890～1948年,115.1215838712792,30.21160803115236
第六批,汉口中华全国总工会旧址,近现代重要史迹及代表性建筑,1926～1927年,114.29667414237024,30.59899097401173
第六批,大冶兵暴旧址,近现代重要史迹及代表性建筑,1929年,114.9697188472654,30.09590541920831
第六批,红三军团革命旧址,近现代重要史迹及代表性建筑,1930年,114.98123884117857,30.10424276817581
第六批,五里坪革命旧址,近现代重要史迹及代表性建筑,1929～1933年,110.0354445485284,29.89860825506383
第六批,中原军区旧址,近现代重要史迹及代表性建筑,1946年,114.49873124007416,31.697726832646826
第六批,荆江分洪闸,近现代重要史迹及代表性建筑,1953年,112.17496551842818,29.675764884056832
第六批,沈从文故居,近现代重要史迹及代表性建筑,清,109.60486218589392,27.95637870621078
第六批,贺龙故居,近现代重要史迹及代表性建筑,清,110.17008479454768,29.483712292159943
第六批,富厚堂,近现代重要史迹及代表性建筑,清,112.46383669965545,27.413521078984346
第六批,齐白石故居,近现代重要史迹及代表性建筑,清,112.8945440350136,27.483275691235388
第六批,东山书院旧址,近现代重要史迹及代表性建筑,清至民国,112.55413028299996,27.73893956878117
第六批,蔡锷故居、公馆和墓,近现代重要史迹及代表性建筑,清至民国,111.52993693172928,27.16095551326104
第六批,蔡锷故居、公馆和墓,近现代重要史迹及代表性建筑,清至民国,110.57799943838494,27.06954918502744
第六批,蔡锷故居、公馆和墓,近现代重要史迹及代表性建筑,清至民国,112.94000750712824,28.238385165411515
第六批,湖南省立第一师范学校旧址,近现代重要史迹及代表性建筑,民国,112.97389324332228,28.184975833885776
第六批,树德山庄,近现代重要史迹及代表性建筑,民国,111.50884684085422,26.581323307705727
第六批,中共湘区委员会旧址,近现代重要史迹及代表性建筑,1922～1923年,112.98991342634424,28.208143452017925
第六批,湘鄂川黔革命根据地旧址,近现代重要史迹及代表性建筑,1934～1935年,110.4806075779249,29.125693985276573
第六批,湘鄂川黔革命根据地旧址,近现代重要史迹及代表性建筑,1934～1935年,109.53526858160366,29.46201221168631
第六批,湘鄂川黔革命根据地旧址,近现代重要史迹及代表性建筑,1934～1935年,109.53526858160366,29.46201221168631
第六批,塘田战时讲学院旧址,近现代重要史迹及代表性建筑,1938～1939年,111.23071010701985,26.85609741388674
第六批,抗日胜利芷江洽降旧址,近现代重要史迹及代表性建筑,1945年,109.66197105064124,27.438472973209752
第六批,粤海关旧址,近现代重要史迹及代表性建筑,清,113.24981769621787,23.115904031947974
第六批,叶挺故居,近现代重要史迹及代表性建筑,清,114.42247654851704,22.864167315438177
第六批,丘逢甲故居,近现代重要史迹及代表性建筑,清,116.16808389631444,24.746970669231413
第六批,双峰寨,近现代重要史迹及代表性建筑,清,113.58185867848528,25.086634885267436
第六批,广东咨议局旧址,近现代重要史迹及代表性建筑,清至民国,113.2844098765252,23.137281310853144
第六批,大岭山抗日根据地旧址,近现代重要史迹及代表性建筑,1940～1943年,113.81437057500312,22.88906599640563
第六批,连城要塞遗址和友谊关,近现代重要史迹及代表性建筑,明至清,109.12224317428472,21.489231623992065
第六批,连城要塞遗址和友谊关,近现代重要史迹及代表性建筑,明至清,108.35641386295212,21.69548424530482
第六批,连城要塞遗址和友谊关,近现代重要史迹及代表性建筑,明至清,108.35641386295212,21.69548424530482
第六批,连城要塞遗址和友谊关,近现代重要史迹及代表性建筑,明至清,106.7803802702815,22.10434749992404
第六批,连城要塞遗址和友谊关,近现代重要史迹及代表性建筑,明至清,106.7803802702815,22.10434749992404
第六批,连城要塞遗址和友谊关,近现代重要史迹及代表性建筑,明至清,106.80577310217215,22.75134551250227
第六批,连城要塞遗址和友谊关,近现代重要史迹及代表性建筑,明至清,106.7803802702815,22.10434749992404
第六批,连城要塞遗址和友谊关,近现代重要史迹及代表性建筑,明至清,106.7803802702815,22.10434749992404
第六批,容县近代建筑,近现代重要史迹及代表性建筑,清至民国,110.56019690349564,22.866638267260136
第六批,太平天国永安活动旧址,近现代重要史迹及代表性建筑,1851年,110.52330738560238,24.211098556181543
第六批,马胖鼓楼,近现代重要史迹及代表性建筑,民国,109.59155646838929,25.949900200036
第六批,梧州中山纪念堂,近现代重要史迹及代表性建筑,民国,111.32048821671918,23.485539865150923
第六批,广西农民运动讲习所旧址,近现代重要史迹及代表性建筑,1925年,107.32124060378308,24.31193975397476
第六批,红军标语楼,近现代重要史迹及代表性建筑,1930年,107.84959894850624,24.70343405146321
第六批,湘江战役旧址,近现代重要史迹及代表性建筑,1934年,110.65912363070748,25.615244088133014
第六批,昆仑关战役旧址,近现代重要史迹及代表性建筑,1939～1940年,108.68791560666394,23.099347446436173
第六批,昆仑关战役旧址,近现代重要史迹及代表性建筑,1939～1940年,108.68791560666394,23.099347446436173
第六批,昆仑关战役旧址,近现代重要史迹及代表性建筑,1939～1940年,109.42982823052265,24.33467177437206
第六批,胡志明旧居,近现代重要史迹及代表性建筑,1942～1954年,109.409976578224,24.30767624123249
第六批,秀英炮台,近现代重要史迹及代表性建筑,清,110.29613123335258,20.01573018485554
第六批,蔡家宅,近现代重要史迹及代表性建筑,民国,110.53739845755888,19.14035302761496
第六批,陵水县苏维埃政府旧址,近现代重要史迹及代表性建筑,1927～1928年,110.04429622004486,18.513512349655063
第六批,杨氏民宅,近现代重要史迹及代表性建筑,清,105.7507789394134,30.22452917598805
第六批,中国西部科学院旧址,近现代重要史迹及代表性建筑,民国,106.43916782512582,29.841498452706077
第六批,育才学校旧址,近现代重要史迹及代表性建筑,1939～1945年,106.41680347967164,29.915219815035087
第六批,乐山郭沫若故居,近现代重要史迹及代表性建筑,清,103.55079146315124,29.42175645598829
第六批,陈毅故居,近现代重要史迹及代表性建筑,清,104.95674056400487,30.38746988835354
第六批,领报修院,近现代重要史迹及代表性建筑,清,103.91874063080238,31.237083132742544
第六批,吴玉章故居,近现代重要史迹及代表性建筑,清,104.53020422068715,29.38345737251916
第六批,通江红军石刻标语群,近现代重要史迹及代表性建筑,1933～1934年,107.24681201180282,31.921549283215565
第六批,阿坝红军长征遗迹,近现代重要史迹及代表性建筑,1935年,102.36765496091871,31.004467687113834
第六批,阿坝红军长征遗迹,近现代重要史迹及代表性建筑,1935年,102.99464107283193,32.07010183383799
第六批,阿坝红军长征遗迹,近现代重要史迹及代表性建筑,1935年,103.60849149691396,32.66423101119831
第六批,阿坝红军长征遗迹,近现代重要史迹及代表性建筑,1935年,102.97254685724415,33.586175194463664
第六批,阿坝红军长征遗迹,近现代重要史迹及代表性建筑,1935年,103.85743958347206,31.68915654784355
第六批,阿坝红军长征遗迹,近现代重要史迹及代表性建筑,1935年,102.5491084862484,32.798944264427085
第六批,白利寺,近现代重要史迹及代表性建筑,1936～1950年,99.87988433030226,31.64249685299719
第六批,张澜旧居,近现代重要史迹及代表性建筑,1938年,106.11348692770348,30.84606583543048
第六批,中国营造学社旧址,近现代重要史迹及代表性建筑,1940～1946年,104.79774566848918,28.80767410734389
第六批,黔东特区革命委员会旧址,近现代重要史迹及代表性建筑,1934年,108.5062789704117,28.5734673271366
第六批,黔东特区革命委员会旧址,近现代重要史迹及代表性建筑,1934年,108.12077937648598,28.268957200340257
第六批,黔东特区革命委员会旧址,近现代重要史迹及代表性建筑,1934年,108.40724690938838,28.0071913885581
第六批,黎平会议会址,近现代重要史迹及代表性建筑,1934年,109.14059408518597,26.240861291873017
第六批,红军四渡赤水战役旧址,近现代重要史迹及代表性建筑,1935年,106.31310905788744,27.72849480156148
第六批,红军四渡赤水战役旧址,近现代重要史迹及代表性建筑,1935年,106.31310905788744,27.72849480156148
第六批,川滇黔省革命委员会旧址,近现代重要史迹及代表性建筑,1936年,105.29533450798924,27.293570981626267
第六批,川滇黔省革命委员会旧址,近现代重要史迹及代表性建筑,1936年,105.61519722207908,27.150665818758064
第六批,“二十四道拐”抗战公路,近现代重要史迹及代表性建筑,1936年,105.22240611767548,25.844163697362735
第六批,湄潭浙江大学旧址,近现代重要史迹及代表性建筑,1940～1946年,107.46635217925308,27.795087284084136
第六批,和平村旧址,近现代重要史迹及代表性建筑,1941～1944年,108.4221083822997,27.05562775356657
第六批,五家寨铁路桥,近现代重要史迹及代表性建筑,清,103.7631776576178,23.2235566015902
第六批,茨中教堂,近现代重要史迹及代表性建筑,清,98.91269394536224,28.034554540988204
第六批,石龙坝水电站,近现代重要史迹及代表性建筑,清,102.83803825083022,24.889352806107887
第六批,蒙自海关旧址,近现代重要史迹及代表性建筑,清至民国,103.41277222343462,23.37281374115953
第六批,鸡街火车站,近现代重要史迹及代表性建筑,民国,103.16469613946131,23.367522272016743
第六批,企鹤楼,近现代重要史迹及代表性建筑,民国,102.49402666949769,23.72737389638936
第六批,陈氏宗祠,近现代重要史迹及代表性建筑,民国,102.40832478900352,23.75267373728745
第六批,和顺图书馆旧址,近现代重要史迹及代表性建筑,民国,98.46381310281802,25.019541715238184
第六批,允燕塔,近现代重要史迹及代表性建筑,民国,97.95477090976568,24.702449197098492
第六批,国立西南联合大学旧址,近现代重要史迹及代表性建筑,近代,102.71516349516034,25.04660057439772
第六批,松山战役旧址,近现代重要史迹及代表性建筑,1944年,98.6953898125122,24.595609934019052
第六批,抗战胜利纪念堂,近现代重要史迹及代表性建筑,民国,102.71245050663586,25.049850932731708
第六批,民族团结誓词碑,近现代重要史迹及代表性建筑,1951年,102.7149666106848,25.054528533877768
第六批,易俗社剧场,近现代重要史迹及代表性建筑,民国,108.95045189805144,34.26931593731928
第六批,渭华起义旧址,近现代重要史迹及代表性建筑,1927年,109.66731159457356,34.40596441830318
第六批,吴旗革命旧址,近现代重要史迹及代表性建筑,1935年,108.17876089457582,36.933084278152336
第六批,保安革命旧址,近现代重要史迹及代表性建筑,1936年～1937年,108.77027554633378,36.830251499818125
第六批,兰州黄河铁桥,近现代重要史迹及代表性建筑,清,103.82100916518372,36.07102244385848
第六批,瑞安堡,近现代重要史迹及代表性建筑,民国,103.07506633837453,38.59732353674401
第六批,灞陵桥,近现代重要史迹及代表性建筑,民国,104.21898535891503,35.143134843427646
第六批,俄界会议旧址,近现代重要史迹及代表性建筑,1935年,103.22627956986167,34.06361029163102
第六批,新寨嘉那嘛呢,近现代重要史迹及代表性建筑,清,97.06524560335112,33.0260117475518
第六批,循化西路红军革命旧址,近现代重要史迹及代表性建筑,1939～1946年,102.49359247981263,35.85694810853367
第六批,将台堡革命旧址,近现代重要史迹及代表性建筑,1936年,105.84604484638965,35.82386032933335
第六批,坎尔井地下水利工程,近现代重要史迹及代表性建筑,清,89.19447291954296,42.95544364078174
第六批,塔城红楼,近现代重要史迹及代表性建筑,清至民国,82.99032937107438,46.756629294677005
第六批,三区革命政府政治文化活动中心旧址,近现代重要史迹及代表性建筑,民国,81.25913668482484,43.941629358505125
第六批,聚馆古贡枣园,其他,明至清,117.33012599871942,38.376701853204096
第七批,延庆古崖居,古遗址,明以前,115.77551808105832,40.47103005876622
第七批,四方洞遗址,古遗址,旧石器时代,117.65922407546194,40.5507643692701
第七批,化子洞遗址,古遗址,旧石器时代,118.70124451703109,41.02202414396338
第七批,孟家泉遗址,古遗址,旧石器时代,117.79034897631507,39.8826383988604
第七批,筛子绫罗遗址,古遗址,新石器时代,114.5030277764906,39.77169028759664
第七批,三各庄遗址,古遗址,新石器时代,116.08510385569284,38.69112475486994
第七批,哑叭庄遗址,古遗址,新石器时代至东周,116.07536483390793,38.72147709460865
第七批,万军山遗址,古遗址,新石器时代、商,118.85723190533922,40.05723302603131
第七批,庄窠遗址,古遗址,新石器时代、商,114.8228738935665,39.89217912721213
第七批,三关遗址,古遗址,新石器时代、商、战国,114.79511263131154,39.92798779890067
第七批,南城村遗址,古遗址,新石器时代、商、汉,114.37431422326712,36.380114434146485
第七批,涧沟遗址,古遗址,新石器时代、商、汉,114.41543295731114,36.62732697383944
第七批,补要村遗址,古遗址,新石器时代、商、唐,114.54333323173051,37.46036324422168
第七批,顶子城遗址,古遗址,夏至周,118.70124451703109,41.02202414396338
第七批,龟地遗址,古遗址,夏至周,118.20446301458249,40.02731630262192
第七批,北放水遗址,古遗址,夏、东周、汉,115.04268651914704,38.81502901565577
第七批,要庄遗址,古遗址,商至周,115.37493014366274,38.97176726645929
第七批,伏羲台遗址,古遗址,商、周、汉,114.71672706905,38.38694940915814
第七批,西张村遗址,古遗址,西周,114.5178047008932,37.71383668407366
第七批,柏人城遗址,古遗址,西周至东周,114.62567838566972,37.358218270857
第七批,鹿城岗城址,古遗址,东周,114.50558371271474,37.07622436885933
第七批,固镇古城遗址,古遗址,东周至东汉,114.20443800677012,36.70223092126488
第七批,付将沟遗址,古遗址,战国至汉,117.50094096176326,40.42215462264212
第七批,东垣古城遗址,古遗址,战国至汉,114.53974884841628,38.042717156104345
第七批,武垣城址,古遗址,战国至汉、隋唐,115.84002557702892,38.429939981601166
第七批,东黑山遗址,古遗址,战国、汉,115.41843271078342,39.08657066400287
第七批,古宋城址,古遗址,汉,114.90158133594102,37.85148237265068
第七批,冀州古城遗址,古遗址,汉,115.56753368587113,37.580811071035335
第七批,后底阁遗址,古遗址,北朝至唐,115.67979542144002,37.2263816296776
第七批,临清古城遗址,古遗址,北魏至金,115.50170645445488,36.87640865747796
第七批,隆化土城子城址,古遗址,北魏至元,117.74214184756596,41.335121576750254
第七批,禅果寺遗址,古遗址,南北朝,113.98933810258784,36.89354450216675
第七批,沧州旧城,古遗址,唐至宋,116.7917844036169,38.35095627201628
第七批,板厂峪窑址群遗址,古遗址,明,119.24542632956803,39.88013103787018
第七批,古交遗址,古遗址,旧石器时代,112.17587287625793,37.91228412387963
第七批,匼河遗址,古遗址,旧石器时代,110.29093431327472,34.67499922680327
第七批,梁村遗址,古遗址,新石器时代,112.42573151426755,37.30894458220304
第七批,坡头遗址,古遗址,新石器时代,110.83726412496412,34.790306122168126
第七批,金胜庄遗址,古遗址,新石器时代,110.5462656545658,34.686597457645625
第七批,东庄遗址,古遗址,新石器时代,110.45051315853256,34.71002081706641
第七批,西王村遗址,古遗址,新石器时代,110.32273615906496,34.62580674672504
第七批,周家庄遗址,古遗址,新石器时代,111.47794801122078,35.49234024195681
第七批,古魏城遗址,古遗址,周,110.69370114622272,34.727407822787384
第七批,下阳城遗址,古遗址,周,111.12636689693376,34.79478232826145
第七批,虞国古城遗址,古遗址,周,111.22014965700605,34.9810839368484
第七批,虞坂古盐道,古遗址,西周、明,111.17453966284164,35.01154651095317
第七批,程村遗址,古遗址,东周,110.62101240185702,35.03373895971442
第七批,娄烦古城遗址,古遗址,东周,111.7224060422406,38.03333196959724
第七批,猗氏故城,古遗址,西汉,110.77038581247194,35.14422307280779
第七批,玉壁城遗址,古遗址,北朝,110.94749993885092,35.57104183478474
第七批,蘑菇山北遗址,古遗址,旧石器时代,117.76965202443314,49.44710279432488
第七批,金斯太洞穴遗址,古遗址,旧石器时代、商,116.9715630004334,45.51393335170316
第七批,辉河水坝遗址,古遗址,新石器时代,119.6941444690183,48.93061481915378
第七批,哈克遗址,古遗址,新石器时代,120.07756344137296,49.19193247908927
第七批,白音长汗遗址,古遗址,新石器时代,118.24066960954994,43.31099147948079
第七批,兴隆沟遗址,古遗址,新石器时代,120.66926889680803,42.38466696050391
第七批,魏家窝铺遗址,古遗址,新石器时代,118.9688805317862,42.146846457862445
第七批,富河沟门遗址,古遗址,新石器时代,119.2584041364644,44.488357390421264
第七批,寨子圪旦遗址,古遗址,新石器时代,111.43609364227729,39.90931697896082
第七批,草帽山遗址,古遗址,新石器时代,119.91704119700778,42.12884859022736
第七批,马架子遗址,古遗址,新石器时代、夏、商、周,118.80730587177472,42.058888638628886
第七批,三座店石城遗址,古遗址,夏至商,118.91659278787016,42.30401502912654
第七批,二道井子遗址,古遗址,夏至商,119.0795996948714,42.173510028849705
第七批,太平庄遗址群,古遗址,夏至商,119.30724807339156,42.4426617207265
第七批,尹家店山城遗址,古遗址,夏至商,118.45939042149324,42.38045087365843
第七批,南山根遗址,古遗址,周,118.78120159560596,41.54613430649389
第七批,奈曼土城子城址,古遗址,战国至秦汉,120.85269824751484,42.33743902893415
第七批,云中郡故城,古遗址,战国至隋唐,111.3491288892453,40.53541656073196
第七批,浩特陶海城址,古遗址,辽,119.42259616563238,49.332817312034926
第七批,灵安州遗址,古遗址,辽,121.81192276646972,42.7390417506025
第七批,豫州城遗址及墓地,古遗址,辽,120.55575240068532,44.93302594489724
第七批,韩州城遗址,古遗址,辽,122.24497086100314,43.65562053516114
第七批,饶州故城址,古遗址,辽,118.0554467029833,43.6217907564606
第七批,武安州遗址,古遗址,辽、金、元,119.91051114937294,42.29186306683955
第七批,宁昌路遗址,古遗址,辽、金、元,120.05581989406367,42.49973700954144
第七批,吐列毛杜古城遗址,古遗址,金,121.4774752811902,45.064470811988514
第七批,四郎城古城,古遗址,金、元、明,115.98987181284882,42.27543916742936
第七批,燕家梁遗址,古遗址,元,109.81455669339492,40.57947565522249
第七批,新忽热古城址,古遗址,元、明,109.20622501646255,41.596592084314565
第七批,前阳洞穴遗址,古遗址,旧石器时代,124.19869333756652,39.97729806313532
第七批,后洼遗址,古遗址,新石器时代,124.15385004843016,39.86620627306325
第七批,沙锅屯遗址,古遗址,新石器时代,120.7134517309124,41.13121088719705
第七批,小珠山遗址,古遗址,新石器时代,122.58982803170416,39.27725915352874
第七批,双砣子遗址,古遗址,新石器时代至商,121.5264429402115,38.95711223403937
第七批,五连城城址,古遗址,夏至商,119.64338766832049,41.407524277697874
第七批,团山遗址,古遗址,春秋至战国,124.03839926226634,42.54970122297075
第七批,永陵南城址,古遗址,汉至魏晋,124.8331556617608,41.71498342452703
第七批,高俭地山城,古遗址,汉至唐,124.88524473177196,41.41721494175791
第七批,高丽城山城,古遗址,汉至唐,122.42784424355092,40.4559406913825
第七批,巍霸山城（含清泉寺）,古遗址,汉至唐,122.31253868622102,39.63919844601927
第七批,下古城子城址,古遗址,汉至唐,125.44811335103724,41.46560420259371
第七批,燕州城山城,古遗址,汉至唐,123.49357410707262,41.30377571219222
第七批,邰集屯城址,古遗址,汉、辽,120.87137376167033,40.77945227940896
第七批,边牛山城址,古遗址,汉、金,123.68679940329476,41.5041031070982
第七批,大黑山山城,古遗址,魏晋至唐,121.79198458097686,39.110185309708825
第七批,得利寺山城,古遗址,魏晋至唐,122.04779542187563,39.80490710970975
第七批,城子山山城,古遗址,唐至辽、金,124.71862090680322,42.5276793458636
第七批,四面城城址,古遗址,辽、金,124.00171930641908,42.93886962176213
第七批,冮官屯窑址,古遗址,辽、金,123.10655107108512,41.209477307231296
第七批,八家子城址,古遗址,辽至元,119.64338766832049,41.407524277697874
第七批,东京城城址,古遗址,明,123.2402399183793,41.28186097949118
第七批,石人沟遗址,古遗址,旧石器时代,129.01081095222705,42.54989121440936
第七批,新屯子西山遗址,古遗址,旧石器时代,127.3075862151822,42.55995955857932
第七批,寿山仙人洞遗址,古遗址,旧石器时代,126.62480139799024,43.15744883571615
第七批,向阳南岗遗址,古遗址,新石器时代至战国,123.20014166344176,45.85111011785875
第七批,后太平遗址群,古遗址,新石器时代、商至战国,123.73373796129091,43.51063079026158
第七批,双塔遗址,古遗址,新石器时代、战国,122.95715527017504,45.39742529472893
第七批,余富遗址,古遗址,周至汉,126.0425578259847,43.310706724581664
第七批,五家子遗址,古遗址,东周,125.94214687137487,43.35076188834254
第七批,大青山遗址,古遗址,东周,124.35026290323152,43.16940547258808
第七批,龙岗遗址群,古遗址,战国至汉,125.85650278862131,41.57977303091504
第七批,赤柏松古城址,古遗址,西汉,125.73683906349902,41.668340741806176
第七批,萨其城址,古遗址,唐,130.51916813539373,42.90816376065819
第七批,温特赫部城址与裴优城址,古遗址,唐、金,130.2691921823656,42.82765252989232
第七批,春捺钵遗址群,古遗址,辽,124.04100631169112,45.00629680818776
第七批,石头城子古城址,古遗址,辽、金,126.06787877860091,45.01153862332317
第七批,嘎呀河城址,古遗址,辽、金,126.5441661635155,44.35148215237003
第七批,揽头窝堡遗址,古遗址,金,125.70336100316172,44.662701812376056
第七批,前进古城址,古遗址,金,127.34512205402488,43.72740497214332
第七批,五家子城址,古遗址,金,124.43956258841578,43.81322976986759
第七批,乌拉街沿江古城址,古遗址,金、明、清,126.44019922480048,44.122627037327234
第七批,乌拉部故城址,古遗址,明至清,126.5628881070618,43.91416545880876
第七批,小拉哈遗址,古遗址,新石器时代至战国,124.47417144469874,45.888110564991486
第七批,王脖子山遗址群,古遗址,新石器时代至汉,127.4037068409786,46.08908562162029
第七批,老龙头遗址,古遗址,西周至春秋,123.55950535769,47.10538073522096
第七批,庆华古山寨遗址,古遗址,战国至汉,127.53326884047851,45.72229974122671
第七批,团结遗址,古遗址,战国至唐,131.1150288366399,43.97390834149053
第七批,中兴城址,古遗址,辽、金,131.97188609169862,47.66474602015536
第七批,土城子遗址,古遗址,金,129.5581585448856,46.052050669632834
第七批,郝家城子古城遗址,古遗址,金,126.617168995129,46.32019024799544
第七批,墨尔根至漠河古驿站驿道,古遗址,清,126.6525164210809,51.72944801551607
第七批,墨尔根至漠河古驿站驿道,古遗址,清,124.70877636983332,52.33888886497436
第七批,墨尔根至漠河古驿站驿道,古遗址,清,122.35652291197955,53.48567416821275
第七批,鄂伦春神泉祭坛遗址,古遗址,清,128.47821694751397,49.56729410098845
第七批,宁古塔将军驻地旧城遗址,古遗址,清,129.16171244657838,44.41994375152176
第七批,崧泽遗址,古遗址,新石器时代,121.1666259338373,31.15414276976321
第七批,上海马桥遗址,古遗址,新石器时代至商,121.36119177920182,31.03683645663598
第七批,广富林遗址,古遗址,新石器时代、东周,121.19732778539792,31.07006571957373
第七批,志丹苑元代水闸遗址,古遗址,元,121.43212189465449,31.267783976785395
第七批,中华曙猿化石地点,古遗址,旧石器时代,119.48632889564836,31.424056453194517
第七批,青莲岗遗址,古遗址,新石器时代,119.28409286299848,33.73267107890752
第七批,薛城遗址,古遗址,新石器时代,118.85579807926791,31.36977437589372
第七批,草鞋山遗址,古遗址,新石器时代,120.8014300734804,31.380293588430167
第七批,东山村遗址,古遗址,新石器时代,120.4187941677514,31.936665053684436
第七批,赵陵山遗址,古遗址,新石器时代,120.92711714285808,31.275675159810103
第七批,西溪遗址,古遗址,新石器时代,119.60221899991215,31.448287386546426
第七批,刘林遗址,古遗址,新石器时代,117.80416539223576,34.52679240496198
第七批,城上村遗址,古遗址,新石器时代至周,119.18245195436648,31.98964271988737
第七批,梁王城遗址,古遗址,新石器时代至战国,117.80867020618165,34.515195755201795
第七批,佘城遗址,古遗址,夏至周,120.31743726222076,31.848569085703915
第七批,葛城遗址,古遗址,西周至春秋,119.6251452142494,31.84407326650183
第七批,晓店青墩遗址,古遗址,西周、汉,118.33043815665376,34.06748474069458
第七批,阖闾城遗址,古遗址,春秋,120.13670692288376,31.520054314674017
第七批,固城遗址,古遗址,春秋至汉,118.98522099637044,31.318421084716896
第七批,曲阳城遗址,古遗址,汉,118.71067542849678,34.4507476295643
第七批,铁瓮城遗址,古遗址,东汉,119.46041663046388,32.22135097859325
第七批,黄泗浦遗址,古遗址,南朝至宋,120.61893270892016,31.85956052212274
第七批,大报恩寺遗址,古遗址,南朝至清,118.78424974204631,32.01749529141868
第七批,泗州城遗址,古遗址,唐至清,118.48490418148708,33.03702878773982
第七批,宋元粮仓遗址,古遗址,宋至清,119.47029356103926,32.20576662703653
第七批,太仓海运仓遗址,古遗址,元,121.12704480378656,31.43947681167455
第七批,大窑路窑群遗址,古遗址,明至清,120.3212313936082,31.56253078331273
第七批,蜀山窑群,古遗址,明至清,119.86307817698096,31.27803124801752
第七批,乌龟洞遗址,古遗址,旧石器时代,119.28233948761894,29.48370159643755
第七批,上马坎遗址,古遗址,旧石器时代,119.766279527015,30.762930371079573
第七批,七里亭遗址,古遗址,旧石器时代,119.69110077317583,30.921356664347105
第七批,小古城遗址,古遗址,新石器时代,119.88337446275364,30.3908753528458
第七批,田螺山遗址,古遗址,新石器时代,121.15613802969074,30.04506837858171
第七批,鲻山遗址,古遗址,新石器时代,121.26703208281104,30.044384449069923
第七批,曹湾山遗址,古遗址,新石器时代,120.5436951762238,28.09502429298255
第七批,庄桥坟遗址,古遗址,新石器时代,121.1179510947631,30.663301192691947
第七批,新地里遗址,古遗址,新石器时代,120.5074370135686,30.53117744051101
第七批,小黄山遗址,古遗址,新石器时代,120.73009225045628,29.56337162901904
第七批,好川遗址,古遗址,新石器时代,119.18213832252374,28.56266595883215
第七批,塔山遗址,古遗址,新石器时代至周,121.88546284170654,29.487760929179
第七批,毘山遗址,古遗址,新石器时代至周,120.18696830135674,30.86514084760304
第七批,德清原始瓷窑址,古遗址,商至战国,120.3054654011414,30.589177430882373
第七批,大溪东瓯古城遗址,古遗址,西汉,121.26371090737209,28.47132882214536
第七批,城山古城遗址,古遗址,东汉,119.91288644376762,31.034906679861784
第七批,凤凰山窑址群,古遗址,三国至晋,120.97822872514286,30.065206672742224
第七批,泗洲造纸作坊遗址,古遗址,宋,119.91563274013384,30.10992539059789
第七批,天目窑遗址,古遗址,宋至元,119.51820132918986,30.325434620775155
第七批,小南海石室,古遗址,宋至清,119.17102736630156,29.061588944501885
第七批,云和银矿遗址,古遗址,明,119.4203052114557,28.019336095112475
第七批,花岙兵营遗址,古遗址,明至清,121.8040797214421,29.59483407748021
第七批,毛竹山、官山遗址,古遗址,旧石器时代,119.25654559414453,30.479802251530646
第七批,银山智人遗址,古遗址,旧石器时代,117.8705466635792,31.554576841139724
第七批,双墩遗址,古遗址,新石器时代,117.32825377911188,32.99150941262145
第七批,禹会村遗址,古遗址,新石器时代,117.2036524020524,32.898118469223675
第七批,石山孜遗址,古遗址,新石器时代,116.82651097874404,33.850968891017175
第七批,小山口遗址,古遗址,新石器时代,117.13427649317492,34.06479790265963
第七批,古台寺遗址,古遗址,新石器时代,117.12058191640206,33.98407194813576
第七批,孙家城遗址,古遗址,新石器时代至商,116.79833762873962,30.818894510789917
第七批,张四墩遗址,古遗址,新石器时代至周,117.07709811050972,30.580566594623047
第七批,垓下遗址,古遗址,新石器时代、汉,117.55788327359345,33.3339752632568
第七批,牯牛山城址,古遗址,西周至春秋,118.3861855898051,30.912352470734792
第七批,榉根关古徽道,古遗址,唐至清,117.34429881101164,30.0296460077058
第七批,古井贡酒酿造遗址,古遗址,宋至清,115.78410388027564,33.832175127914205
第七批,徽杭古道绩溪段和古徽道东线郎溪段,古遗址,宋至民国,118.5740618673219,30.078022025328195
第七批,徽杭古道绩溪段和古徽道东线郎溪段,古遗址,宋至民国,119.18548885526222,31.15140855036285
第七批,莲花池山遗址,古遗址,旧石器时代,117.65577912581976,24.519223486998406
第七批,奇和洞遗址,古遗址,旧石器时代至新石器时代,117.66193354905472,25.507673650127423
第七批,南山遗址,古遗址,新石器时代至商周,117.22165733414988,26.360655636706056
第七批,池湖遗址,古遗址,新石器时代、商周,117.35131286543728,27.618062181791217
第七批,猫耳山遗址,古遗址,商,118.54270549549648,27.926770886928185
第七批,庵山沙丘遗址,古遗址,商至周,118.66504734964992,24.615098522554742
第七批,海坛海峡水下遗址,古遗址,五代至清,119.71261162052409,25.48903361266039
第七批,中村窑遗址,古遗址,宋至明,117.66872733680044,26.179336394825285
第七批,拾年山遗址,古遗址,新石器时代,115.06395583683306,28.05366140586654
第七批,社山头遗址,古遗址,新石器时代至周,118.19233930867073,28.44582624956659
第七批,角山板栗山遗址,古遗址,商,117.03834081215832,28.248259829946125
第七批,界埠粮仓遗址,古遗址,战国,115.35247278941888,27.73514847154893
第七批,枭阝阳城遗址,古遗址,汉,116.20554530877004,29.2816678361872
第七批,宝山金银矿冶遗址,古遗址,唐,116.79779370828793,27.919653105202368
第七批,银山银矿遗址,古遗址,唐、宋,117.59114189991512,28.96481198061823
第七批,七里镇窑址,古遗址,唐至明,114.92283585581812,25.82693387000877
第七批,包家金矿遗址,古遗址,唐至明,117.55009339823658,28.58775984990685
第七批,凤凰山铁矿遗址,古遗址,唐至明,114.76704075439,27.881818295795924
第七批,白舍窑遗址,古遗址,宋,116.43630423917467,27.04835175608293
第七批,蒙山银矿遗址,古遗址,宋、元、明,114.97181899573116,28.12902072133424
第七批,华林造纸作坊遗址,古遗址,宋、元、明,115.36174346702848,28.45000307674237
第七批,丽阳窑址,古遗址,元至明,117.04182025318376,29.22082426120125
第七批,建新遗址,古遗址,新石器时代,117.40585563201677,34.9449459075277
第七批,南王绪遗址,古遗址,新石器时代,120.63100564053236,37.756639548168216
第七批,野店遗址,古遗址,新石器时代,116.99000253054638,35.3412644816132
第七批,青堌堆遗址,古遗址,新石器时代,116.1998774697623,35.88458850880657
第七批,大朱家村遗址,古遗址,新石器时代,118.92079515957832,35.59372778835175
第七批,西朱封遗址,古遗址,新石器时代至夏,118.52829245991497,36.47678836457046
第七批,史家遗址,古遗址,新石器时代至商,117.97910707628672,37.00819446713435
第七批,北沈遗址,古遗址,新石器时代至战国,118.0206747607272,36.65827355412303
第七批,北沟头遗址,古遗址,新石器时代、周、汉,118.64835775174116,34.96187741016382
第七批,西夏侯遗址,古遗址,新石器时代、商,117.0422697544372,35.531559831754265
第七批,尚庄遗址,古遗址,新石器时代、商、周、汉,115.51836065494028,36.09522922968179
第七批,前掌大遗址,古遗址,新石器时代、商至周、汉,117.21957347292258,34.90050799390333
第七批,双王城盐业遗址群,古遗址,新石器时代、商、西周、金、元,118.7297247764878,37.120068483442445
第七批,嬴城遗址,古遗址,新石器时代、商、汉,117.6607321999094,36.208865173460765
第七批,西皇姑庵遗址,古遗址,新石器时代、西周,119.70525462462942,36.0841100175517
第七批,西吴寺遗址,古遗址,新石器时代、周,116.6327088860475,35.694091819112714
第七批,赵家庄遗址,古遗址,新石器时代、东周,119.79473527021648,36.05621637557616
第七批,魏家庄遗址,古遗址,新石器时代、东周,118.78738001380388,36.44176198232008
第七批,杭头遗址,古遗址,新石器时代、春秋、战国、汉,118.8611057533535,35.543936910833146
第七批,五村遗址,古遗址,新石器时代、战国、汉,118.42567214273016,37.06074527436426
第七批,小谷城故城遗址,古遗址,新石器时代、汉,118.23394262861171,35.170835984434255
第七批,丰台盐业遗址群,古遗址,新石器时代、汉、魏、金、元,119.1879069203661,37.037549481608806
第七批,照格庄遗址,古遗址,夏、商,121.60963589054,37.3762561223153
第七批,大辛庄遗址,古遗址,商,117.11012690788844,36.717340773824745
第七批,南河崖盐业遗址群,古遗址,商周,118.7298375417262,37.26445873686272
第七批,陈庄唐口遗址,古遗址,西周至战国,117.8009778729365,37.079924407349125
第七批,杨家盐业遗址群,古遗址,周,118.12670774497242,37.74306734697071
第七批,牟国故城遗址,古遗址,周至汉,117.81165939306982,36.0647436521983
第七批,鄫国故城遗址,古遗址,周、汉,117.91729668353965,34.89498589108278
第七批,杞国故城遗址,古遗址,春秋至汉,119.16654864401433,36.66034699105224
第七批,南武城故城遗址,古遗址,春秋至南北朝,117.62568591631836,35.19388361820183
第七批,费县故城遗址,古遗址,春秋、汉、北魏,117.9787149996538,35.27271909633411
第七批,西沙埠遗址,古遗址,战国至汉,120.46250731954152,36.85481623705508
第七批,琅琊台遗址,古遗址,秦,119.90345553943484,35.65234796005483
第七批,昌邑故城址,古遗址,西汉,116.12166650981534,35.14610029726401
第七批,祓国都城遗址,古遗址,汉,120.03418663161456,36.27009470718338
第七批,青州龙兴寺遗址,古遗址,南北朝至明,118.44164802005773,36.6524903970658
第七批,磁村瓷窑址,古遗址,唐至元,117.96758419176948,36.64964141526806
第七批,板桥镇遗址,古遗址,宋至清,120.03418663161456,36.27009470718338
第七批,萧城遗址,古遗址,宋,115.43591902488669,36.63255966784551
第七批,土桥闸遗址,古遗址,明,116.00729202114528,36.41836328371332
第七批,七里坪遗址,古遗址,旧石器时代,111.6501283623588,33.78953793718846
第七批,北窑遗址,古遗址,旧石器时代,112.49235200871448,34.7040195308443
第七批,灵井“许昌人”遗址,古遗址,旧石器时代,113.69174247835956,34.07379119770604
第七批,杏花山与小空山遗址,古遗址,旧石器时代,112.42924934195236,33.49762562802503
第七批,李家沟遗址,古遗址,旧石器时代至新石器时代,113.56610959175146,34.615633700603524
第七批,尚岗杨遗址,古遗址,新石器时代,113.62536607249784,34.75460738103966
第七批,后庄王遗址,古遗址,新石器时代,113.55380504662617,34.86203414693109
第七批,青台遗址,古遗址,新石器时代,113.40651450807172,34.89530075414388
第七批,秦王寨遗址,古遗址,新石器时代,113.3501888833128,34.95301656171272
第七批,人和寨遗址,古遗址,新石器时代,113.64556519355972,34.4374587632566
第七批,土门遗址,古遗址,新石器时代,112.45439048351132,34.40304082316678
第七批,桥北村遗址,古遗址,新石器时代,112.13793569998928,34.19184293645398
第七批,西王村遗址,古遗址,新石器时代,111.58825928295649,34.3620148081832
第七批,白营遗址,古遗址,新石器时代,114.43899914955594,35.94439923503357
第七批,不召寨遗址,古遗址,新石器时代,111.75624079311144,34.830230647550714
第七批,徐堡古城址,古遗址,新石器时代,112.95123540163468,34.91628313756506
第七批,许由寨遗址,古遗址,新石器时代,114.07099085391803,34.04007529446834
第七批,刘庄遗址,古遗址,新石器时代,114.12901397405832,33.925733248628106
第七批,阿岗寺遗址,古遗址,新石器时代,113.619344433666,33.607709768456886
第七批,黄山遗址,古遗址,新石器时代,112.62228206970995,33.09184676533787
第七批,太子岗遗址,古遗址,新石器时代,112.29493621339203,32.848821044694795
第七批,造律台遗址,古遗址,新石器时代,116.11862402003672,33.96217179348161
第七批,董桥遗址,古遗址,新石器时代,113.75915955726268,33.40178668544781
第七批,台子寺遗址,古遗址,新石器时代,113.99456567886727,32.981418980750256
第七批,天堂寺遗址,古遗址,新石器时代,114.43319727790448,32.79402440936384
第七批,段寨遗址,古遗址,新石器时代,115.12455472193204,33.61469225951876
第七批,西金城遗址,古遗址,新石器时代,113.1152779044644,35.114281149194255
第七批,李楼遗址,古遗址,新石器时代至夏,112.66883476042648,34.16340172972646
第七批,花地嘴遗址,古遗址,新石器时代至夏,113.07678966971793,34.81037239621052
第七批,煤山遗址,古遗址,新石器时代至夏,112.84797662742324,34.19216386443642
第七批,曲梁遗址,古遗址,新石器时代至夏、商、汉,113.60367226771676,34.537601107702656
第七批,商村遗址,古遗址,新石器时代至商、周,113.55383002336738,35.08746749061073
第七批,娘娘寨遗址,古遗址,新石器时代至周,113.43593578089607,34.83856905827823
第七批,段岗遗址,古遗址,新石器时代至春秋,114.71740778960864,34.52301152688965
第七批,小李庄遗址,古遗址,新石器时代至南北朝,113.03291030746443,33.84447234179275
第七批,稍柴遗址,古遗址,新石器时代、夏,112.92835703067205,34.7093878171814
第七批,大赉店遗址,古遗址,新石器时代、商,114.27748002948064,35.7439032974043
第七批,西水坡遗址,古遗址,新石器时代、东周、汉,115.00343481460274,35.70600080983051
第七批,文集遗址,古遗址,新石器时代、金、元,113.1514822340017,33.54280356088269
第七批,八里桥遗址,古遗址,夏,112.99597292424824,33.2326723426296
第七批,南洼遗址,古遗址,夏商至唐宋,112.82135475980324,34.411540080690145
第七批,望京楼遗址,古遗址,夏、商,113.72905704670949,34.45703159436998
第七批,南顿故城,古遗址,夏、商、汉,114.85019484654644,33.44664813764338
第七批,柘城孟庄遗址,古遗址,商,115.25203547075948,34.08037858321248
第七批,琉璃阁遗址,古遗址,商周至汉,113.80543175974071,35.46829717649245
第七批,邘国故城,古遗址,商、周、汉,112.91967397211076,35.18485104331952
第七批,蒋国故城,古遗址,西周至战国,115.48635170342348,32.34704121766798
第七批,祭伯城遗址,古遗址,周,113.62536607249784,34.75460738103966
第七批,濮阳卫国故城,古遗址,周,115.02448499664852,35.728207217529686
第七批,洛阳东周王城,古遗址,东周,112.43910259227589,34.66125670503423
第七批,华阳故城,古遗址,东周,113.7195090793245,34.569978736086675
第七批,鄢国故城,古遗址,东周,114.18538201740031,34.19159697695144
第七批,十二连城,古遗址,东周,113.813142359132,34.257929373641815
第七批,京城古城址,古遗址,东周,113.40489804498893,34.65780216598705
第七批,苑陵故城,古遗址,东周、秦、汉,113.85207862027626,34.482059621585655
第七批,父城遗址,古遗址,东周、汉,113.25527989278687,33.857714160668
第七批,葛陵故城,古遗址,东周、汉,114.81272141840476,32.89020587033636
第七批,启封故城,古遗址,春秋,114.44166336680136,34.76358221101618
第七批,沈国故城,古遗址,春秋至汉,114.58640867858192,33.14664505039102
第七批,刘国故城,古遗址,春秋、汉,112.45410046362376,34.626989743189334
第七批,舞钢冶铁遗址群,古遗址,战国至汉,113.44268139553162,33.34906259887884
第七批,宜阳韩都故城,古遗址,战国、秦、汉,111.94916071972771,34.51427320801706
第七批,汉霸二王城,古遗址,秦,113.46488057337308,34.95757925911104
第七批,新安函谷关,古遗址,西汉,112.17621133542364,34.725822754897166
第七批,铁生沟冶铁遗址,古遗址,汉,113.04140698820892,34.62674013113938
第七批,芒砀山汉代礼制建筑基址,古遗址,汉,116.50459344479695,34.19627844987266
第七批,柘城故城,古遗址,汉,115.35019140963507,34.17760487273133
第七批,汉魏许都故城,古遗址,汉、魏,113.82352964008636,34.1320179482712
第七批,沙门城址,古遗址,汉、宋、金,114.13288785666424,35.29538691607565
第七批,大运河商丘南关码头遗址,古遗址,隋至宋,115.61615410240096,34.37927718512102
第七批,邓窑遗址,古遗址,唐至元,111.8495751466866,33.05323237369287
第七批,密县瓷窑遗址,古遗址,唐、宋,113.390872686247,34.54690801623107
第七批,宋陵采石场,古遗址,北宋,112.45410046362376,34.626989743189334
第七批,严和店窑址,古遗址,宋,112.79504118976894,34.08300644492301
第七批,长阳人遗址,古遗址,旧石器时代,111.20792143682256,30.48116574439607
第七批,梅铺猿人遗址,古遗址,旧石器时代,111.1700734180634,33.01201879431759
第七批,黄龙洞遗址,古遗址,旧石器时代,110.2281247232671,33.13301243507792
第七批,桂花树遗址,古遗址,新石器时代,111.89672418539028,30.000886664514283
第七批,叶家庙遗址,古遗址,新石器时代,113.91200603318607,30.92545761226005
第七批,城河遗址,古遗址,新石器时代,112.58995886858128,30.717932722872888
第七批,龙王山遗址,古遗址,新石器时代,112.20257579300528,31.060644602420616
第七批,大路铺遗址,古遗址,新石器时代、商、周,115.08189057884486,29.93291218807994
第七批,七里河遗址,古遗址,新石器时代、周、汉,110.70377493576576,32.06737689726881
第七批,毛家咀遗址,古遗址,西周,115.50923734048048,30.453984280026404
第七批,安居遗址,古遗址,周、汉,113.30036723550704,31.86199437037504
第七批,草店坊城遗址,古遗址,周、汉,113.9796197753752,31.28312009895785
第七批,郭家岗遗址,古遗址,东周,112.18623540632282,31.678341367450965
第七批,孙郭胡城址,古遗址,战国,114.2991888812736,29.860650920205813
第七批,南襄城遗址,古遗址,战国至汉,111.52663089985298,31.29701968092038
第七批,新店土城遗址,古遗址,战国、西汉,113.71919864460088,29.62881422813949
第七批,郢城遗址,古遗址,秦、汉,112.21592893605704,30.37241497353846
第七批,吴王城遗址,古遗址,三国,114.89724943291438,30.410846485511865
第七批,南漳山寨群,古遗址,明至清,111.8967649998092,31.796240623055663
第七批,李来亨抗清遗址,古遗址,明至清,110.74822398590636,31.356594524109493
第七批,虎爪山遗址,古遗址,旧石器时代,111.87901470622673,29.61405992815108
第七批,鸡公垱遗址,古遗址,旧石器时代,111.74601458829235,29.592379805740627
第七批,十里岗遗址,古遗址,旧石器时代,111.79084723739196,29.703322560667058
第七批,汤家岗遗址,古遗址,新石器时代,112.17299853268229,29.617076140114065
第七批,三元宫遗址,古遗址,新石器时代,111.81764702298813,29.78421561434508
第七批,孙家岗遗址,古遗址,新石器时代,111.6289304653408,29.672756067074825
第七批,鸡叫城遗址,古遗址,新石器时代,111.7875049010822,29.738763139954425
第七批,丁家岗遗址,古遗址,新石器时代,111.79357848101589,29.719928245564063
第七批,划城岗遗址,古遗址,新石器时代,112.16008333095978,29.488110440537167
第七批,涂家台遗址,古遗址,新石器时代,112.3967187483456,29.3696094779023
第七批,皂市遗址,古遗址,新石器时代至商、周,111.24240419883178,29.65847431206668
第七批,不二门遗址,古遗址,商、周,109.8464674006126,28.988909573651945
第七批,铜鼓山遗址,古遗址,商、春秋,113.27257922446998,29.4825458505454
第七批,申鸣城遗址,古遗址,东周,111.53530783622917,29.686838181829582
第七批,罗子国城遗址,古遗址,东周,113.0617992672194,28.8435627749315
第七批,四方城遗址,古遗址,战国至汉,109.6618367044701,28.709320198647347
第七批,采菱城遗址,古遗址,战国至汉,111.48978961000968,28.91175947665866
第七批,舂陵侯城遗址,古遗址,秦至汉,111.98386452599964,25.852852032775445
第七批,泠道故城遗址,古遗址,西汉,111.94721137931889,25.58009566908105
第七批,魏家寨古城遗址,古遗址,汉,109.28626687124397,28.78438301102306
第七批,里耶大板遗址与墓群,古遗址,汉,109.27546852377866,28.78792717116802
第七批,索县汉代城址,古遗址,汉,111.8562252599942,29.105584797773016
第七批,衡州窑,古遗址,唐至宋,112.62134795760508,26.90384711325728
第七批,云集窑,古遗址,唐至元,112.67904722039178,26.74803948819568
第七批,允山玉井古窑址,古遗址,宋,111.26651154593615,25.293936529426865
第七批,羊峰古城遗址,古遗址,宋,110.10051317656392,28.986361875628727
第七批,鬼崽岭遗址,古遗址,宋至清,111.60222602675564,25.535614252265397
第七批,水口山铅锌矿冶遗址,古遗址,宋至清,112.5814740650068,26.59540214702333
第七批,羊舞岭古窑址,古遗址,宋至清,112.39473994532476,28.492600684459195
第七批,醴陵窑,古遗址,宋至民国,113.49356973046623,27.765956991501564
第七批,茶陵古城墙,古遗址,南宋至清,113.56053555926836,26.800827715105697
第七批,大矶头遗址,古遗址,清,113.27950196415786,29.59770503002133
第七批,独石仔洞穴遗址,古遗址,旧石器时代至新石器时代,111.87781444852332,22.35849578091786
第七批,古椰贝丘遗址,古遗址,新石器时代,112.8512888757789,22.96242475718186
第七批,蚝岗贝丘遗址,古遗址,新石器时代,113.74084453771124,23.035977162679742
第七批,柳城巨猿洞,古遗址,旧石器时代,109.2325844649176,24.46883610839308
第七批,布兵盆地洞穴遗址群,古遗址,旧石器时代,107.00169028369952,23.594911009697
第七批,那赖遗址,古遗址,旧石器时代,106.7882762549243,24.112203316164063
第七批,晓锦遗址,古遗址,新石器时代,110.7070704709048,26.090456615356487
第七批,大浪古城遗址,古遗址,汉,109.26654222521351,21.756692892956163
第七批,草鞋村遗址,古遗址,汉,109.18765935873188,21.669918428970053
第七批,越州故城,古遗址,南朝,109.55809796900044,22.266097262318237
第七批,中和窑址,古遗址,宋,110.93050032047589,23.307187252979453
第七批,信冲洞遗址,古遗址,旧石器时代,109.0583329024698,19.305574493815413
第七批,珠崖岭城址,古遗址,汉至唐,110.35609507918632,20.01112724825369
第七批,华光礁沉船遗址,古遗址,宋至清,111.78166144267196,16.51168143444861
第七批,天生城遗址,古遗址,南宋至清,108.36879239546688,30.837947391170594
第七批,老鼓楼衙署遗址,古遗址,南宋至清,106.5843923238947,29.568824303419856
第七批,重庆冶锌遗址群,古遗址,明至清,107.8515538628239,30.049220639430143
第七批,重庆冶锌遗址群,古遗址,明至清,108.20406372817696,29.84081779148836
第七批,哈休遗址,古遗址,新石器时代,102.15263075966084,32.17974392479101
第七批,罕额依新石器时代文化遗址和汉代石棺葬墓群,古遗址,新石器时代、汉,101.95016434010576,30.907419432325835
第七批,雒城遗址,古遗址,汉,104.2861434352992,30.98191163947881
第七批,江南馆街街坊遗址,古遗址,唐至宋,104.08472596672732,30.661967951368503
第七批,玉堂窑址,古遗址,唐、北宋,103.59695016521698,30.95789820803104
第七批,神臂城遗址,古遗址,南宋,105.64241651100733,28.88776529763745
第七批,永平堡古城,古遗址,明,104.3589204689983,31.96517192934001
第七批,五粮液老窖池遗址,古遗址,明至清,104.6335895596024,28.77778010536021
第七批,龙广观音洞遗址,古遗址,旧石器时代至新石器时代,105.20589347110167,25.088745881949865
第七批,普安铜鼓山遗址,古遗址,战国至西汉,105.02704063571956,25.539105407706664
第七批,元谋古猿化石地点,古遗址,旧石器时代,101.87056635711622,25.712421990434216
第七批,大河遗址,古遗址,旧石器时代,104.25929596772212,25.683316557871603
第七批,玉水坪遗址,古遗址,旧石器时代至新石器时代,99.51684556551544,26.729729618919457
第七批,大墩子遗址,古遗址,新石器时代,101.91338610548796,25.715546397515464
第七批,海门口遗址,古遗址,新石器时代至青铜时代,99.9253237029349,26.47527383329584
第七批,银梭岛遗址,古遗址,新石器时代至商,100.27568316605092,25.691691744548027
第七批,玉溪窑址,古遗址,元至明,102.56138322526864,24.34312633275141
第七批,小恩达遗址,古遗址,新石器时代,97.12859661527447,31.168580355794347
第七批,皮央和东嘎遗址,古遗址,宋至明,79.80649425030273,31.68796273739427
第七批,洛南盆地旧石器地点群,古遗址,旧石器时代,110.15251870465409,34.094572713560844
第七批,龙王辿遗址,古遗址,旧石器时代,110.44500228331472,36.167657357016495
第七批,杨家坟山遗址,古遗址,旧石器时代,109.8413789030267,35.59063153358635
第七批,何家湾遗址,古遗址,新石器时代,107.63269974079893,32.8687870520978
第七批,杨官寨遗址,古遗址,新石器时代,109.02418006933064,34.4763452551309
第七批,鱼化寨遗址,古遗址,新石器时代,108.85956538275664,34.24767359868502
第七批,南沙遗址,古遗址,新石器时代至商,109.77326815103471,34.52002552124735
第七批,碾子坡遗址,古遗址,新石器时代至西周,107.90627922643826,35.15063203323391
第七批,紫荆遗址,古遗址,新石器时代至西周,109.9899373103709,33.83296672029919
第七批,水沟遗址,古遗址,新石器时代至战国,107.02044726743404,34.75457103431137
第七批,宝山遗址,古遗址,新石器时代、商,107.3504279436426,33.20462739443717
第七批,益家堡遗址,古遗址,新石器时代、商,107.85759458054474,34.35374195022987
第七批,古邰国遗址,古遗址,新石器时代、商、周,108.06550486619768,34.25718257184998
第七批,古邰国遗址,古遗址,新石器时代、商、周,107.90191483874236,34.383048124334934
第七批,桥镇遗址,古遗址,新石器时代、西周,107.37047371574992,34.35755927070514
第七批,西峪遗址,古遗址,新石器时代、秦汉,108.0543031997469,34.17067350660506
第七批,下河西遗址,古遗址,新石器时代、汉,109.69982187188832,35.137645974044666
第七批,郑家坡遗址,古遗址,商,108.12814329723636,34.32731578003671
第七批,赵家台遗址,古遗址,商、西周,107.5828805122801,34.24907997396774
第七批,茹家庄遗址,古遗址,西周,107.1163529275246,34.3403950863728
第七批,十二连城烽火台遗址,古遗址,东周至明,110.24726231363354,34.55157446955094
第七批,徵邑漕仓遗址,古遗址,春秋至西汉,109.5874774239664,34.962316306207505
第七批,刘家营遗址,古遗址,战国至秦汉,108.87369089203295,32.724215998019524
第七批,秦直道起点遗址,古遗址,秦,108.55398146024488,35.03060561983286
第七批,秦直道遗址延安段,古遗址,秦,109.26443140282548,35.585352525523135
第七批,秦直道遗址延安段,古遗址,秦,108.7205518298804,36.110527504103295
第七批,秦直道遗址延安段,古遗址,秦,109.35206348466244,36.28260302695932
第七批,秦直道遗址延安段,古遗址,秦,108.77063488462204,36.82782834508221
第七批,祋祤宫遗址,古遗址,秦至西汉,108.8313575455624,34.83218488240311
第七批,成山宫遗址,古遗址,秦、汉,107.6843067389744,34.27559348914965
第七批,沙河古桥遗址,古遗址,秦、汉,108.68692586872422,34.26437445312237
第七批,银州故城,古遗址,秦、汉、唐,109.2950226962632,37.967959499376114
第七批,建章宫遗址,古遗址,西汉,108.83986596256884,34.314988801504505
第七批,圜丘遗址,古遗址,唐,108.94676064117697,34.222219607139444
第七批,潼关故城,古遗址,唐至明,110.28208294902952,34.597220916412404
第七批,尧头窑遗址,古遗址,唐至清,109.85749926622222,35.16237308329852
第七批,铁边城遗址,古遗址,北宋,107.85666119177108,36.99584704536562
第七批,安仁瓷窑遗址,古遗址,宋至元,108.35755985834255,35.130499476687625
第七批,代来城城址,古遗址,宋、明、清,109.28994277379444,38.20811251120647
第七批,牛角沟遗址,古遗址,旧石器时代,107.6863664075324,35.37457556893409
第七批,狼叫屲遗址,古遗址,旧石器时代、新石器时代,104.75033996640434,34.79553411413245
第七批,半山遗址,古遗址,新石器时代,103.78833628323522,35.48741211167937
第七批,然闹遗址,古遗址,新石器时代,103.22627956986167,34.06361029163102
第七批,磨沟遗址（含墓群）,古遗址,新石器时代至商,103.85037930662688,34.693897060963934
第七批,新庄坪遗址,古遗址,新石器时代至商,103.06616673813588,35.65107799789691
第七批,边家林遗址,古遗址,新石器时代至商,103.73671239641376,35.404741404004625
第七批,西山遗址,古遗址,新石器时代至商,107.47502825278376,35.058362212099844
第七批,缸缸洼遗址,古遗址,新石器时代、夏、商,98.90767789820065,39.98938612887531
第七批,火石梁遗址,古遗址,新石器时代、商,99.27413289586704,40.11388157519232
第七批,李崖遗址,古遗址,新石器时代、商、周、汉,106.14258094073156,34.76892885352435
第七批,石沟坪遗址,古遗址,新石器时代、西周、春秋、汉,105.45088637831344,34.38472328897336
第七批,桥村遗址,古遗址,新石器时代、西周、汉,107.49976201697724,35.15576250832652
第七批,马家塬遗址,古遗址,新石器时代、战国,106.20724809401212,34.99576128567917
第七批,砂锅梁遗址,古遗址,夏、商,97.7320165099671,40.25214702197913
第七批,东灰山遗址,古遗址,夏、商,100.8178375904851,38.43658570146848
第七批,辛店遗址,古遗址,商周,103.78872343785044,35.62033875622747
第七批,三角城遗址,古遗址,西周至春秋,102.31304866535022,38.62078386176376
第七批,秦直道遗址庆阳段,古遗址,秦,108.57686394937588,35.33668817691665
第七批,秦直道遗址庆阳段,古遗址,秦,107.9299220002486,35.50845242937104
第七批,秦直道遗址庆阳段,古遗址,秦,108.02150848366176,35.825385123153985
第七批,秦直道遗址庆阳段,古遗址,秦,107.99149314078396,36.46760731257521
第七批,成纪故城遗址,古遗址,秦至宋,105.68692608313064,35.24713806142591
第七批,六工城遗址,古遗址,汉至唐,95.60616857245896,40.40098474858262
第七批,草沟井城址,古遗址,汉至明,99.16085258633372,39.71272841389664
第七批,宗日遗址,古遗址,新石器时代,100.26683823514946,35.350162511689206
第七批,塔里他里哈遗址,古遗址,商至周,96.39313413236424,36.44548386491347
第七批,虎台遗址,古遗址,十六国,101.75244432308904,36.638860277325705
第七批,门源古城,古遗址,宋,101.63747332602571,37.38022638519082
第七批,贡萨寺旧址与宗喀巴大殿,古遗址,清,95.4883236316164,33.85405224232974
第七批,页河子遗址,古遗址,新石器时代,106.01110883564655,35.59393142109682
第七批,固原古城遗址,古遗址,汉至清,106.26880670967428,36.04436353287864
第七批,省嵬城址,古遗址,宋,106.75129715681308,39.11360748336443
第七批,七营北嘴城址,古遗址,宋至明,106.15552371812689,36.53755100785616
第七批,柳州城址,古遗址,宋至明,105.6168977003234,36.547508178430704
第七批,大营城址,古遗址,宋至明,106.1966681563971,36.03164219138216
第七批,兴武营城址,古遗址,明,107.04477601860094,38.11254807443069
第七批,骆驼石旧石器遗址,古遗址,旧石器时代,85.74243542232982,46.80335256033746
第七批,岳公台西黑沟遗址群,古遗址,春秋至战国,92.9366646880312,43.554638932325375
第七批,龟兹故城,古遗址,西汉至宋,82.95180578780082,41.7274119886343
第七批,石人子沟遗址群,古遗址,汉,93.2608623704234,43.53590396400953
第七批,营盘古城及古墓群,古遗址,汉至晋,86.26361135215294,41.34887617691881
第七批,喀拉墩遗址,古遗址,汉至南北朝,81.68108482397844,36.86332499475136
第七批,乌什喀特古城遗址,古遗址,汉至唐,82.41233152794682,41.52921319412152
第七批,石城子遗址,古遗址,东汉,89.76576479049582,43.62306289151873
第七批,达玛沟佛寺遗址,古遗址,南北朝,81.07797635997123,36.99221195775984
第七批,克斯勒塔格佛寺遗址,古遗址,唐,78.95806128993759,40.58309852883964
第七批,兰城遗址,古遗址,唐,86.88127300476079,42.28691441215727
第七批,唐王城遗址,古遗址,唐,80.26477098601073,41.17404007204352
第七批,阿萨古城遗址,古遗址,唐至宋,90.2180699877416,42.873249858705904
第七批,达勒特古城遗址,古遗址,唐至元,82.3445382109121,44.768824676276445
第七批,唐朝墩古城遗址,古遗址,唐至元,89.59866458570471,44.02577359432695
第七批,夏塔古城遗址,古遗址,唐至元,80.72199820673353,42.577597205391285
第七批,昌吉州境内烽燧群,古遗址,唐至清,87.2829801542075,44.011115414425774
第七批,古代吐鲁番盆地军事防御遗址,古遗址,唐至清,88.71010201255932,42.826866941295066
第七批,哈密境内烽燧遗址,古遗址,唐至清,92.64295543738618,43.61744051656299
第七批,哈密境内烽燧遗址,古遗址,唐至清,92.64295543738618,43.61744051656299
第七批,哈密境内烽燧遗址,古遗址,唐至清,94.70258836747574,43.25901069619989
第七批,柳中古城遗址,古遗址,唐至清,90.2180699877416,42.873249858705904
第七批,道尔本厄鲁特森木古城遗址,古遗址,明,85.73216815189191,46.79782155424527
第七批,惠远新、老古城遗址,古遗址,清,80.91123710155051,43.99876124652686
第七批,阔纳齐兰遗址,古遗址,清,79.05083613071079,40.51343412900022
第七批,伊犁清代卡伦遗址,古遗址,清,80.88297934185589,44.06136839480951
第七批,伊犁清代卡伦遗址,古遗址,清,81.32746697260534,43.92146287300344
第七批,茶马古道,古遗址,唐至民国,102.89982425715756,30.03478101244133
第七批,茶马古道,古遗址,唐至民国,102.7149666106848,25.054528533877768
第七批,茶马古道,古遗址,唐至民国,106.7107004164566,26.607553563640227
第七批,林村墓群,古墓葬,战国至汉,115.17767442066588,36.33715718049785
第七批,无极甄氏墓群,古墓葬,东汉至北朝,115.09037542200286,38.23511873986613
第七批,赞皇李氏墓群,古墓葬,北朝,114.49824045777086,37.633423729651845
第七批,宋祖陵,古墓葬,唐、五代、宋,115.68205939111344,38.83403501958448
第七批,王处直墓,古墓葬,五代,114.74538948174356,38.627713094371344
第七批,石羊石虎墓群,古墓葬,辽至金,118.5872602805882,41.282392662508855
第七批,杨赟家族墓地,古墓葬,元至清,114.74907114892454,39.89643989174766
第七批,冯古庄墓地,古墓葬,西周,111.17589899342516,35.69508490269691
第七批,山王墓地,古墓葬,西周,110.7774094949448,35.5358061640929
第七批,横北倗国墓地,古墓葬,西周,111.45007957066213,35.49346381935411
第七批,西周黎侯墓群,古墓葬,西周至春秋,113.38647224371032,36.50540096084668
第七批,羊舌墓地,古墓葬,西周至春秋,111.59023275360724,35.702461281685885
第七批,薛嵩墓,古墓葬,唐,111.08252993901442,35.26780436171017
第七批,东龙观墓群,古墓葬,宋、金、元,111.75588543237497,37.22770921268027
第七批,南宝力皋吐古墓地,古墓葬,新石器时代,121.35043635842408,44.399101688759245
第七批,小黑石沟墓群,古墓葬,西周至战国,118.85973875828056,41.39634488911105
第七批,团结墓地,古墓葬,东汉,119.73509391652328,49.21627189198455
第七批,和林格尔东汉壁画墓,古墓葬,东汉,112.0829645000601,40.24176963827511
第七批,谢尔塔拉墓地,古墓葬,唐至五代,119.8290788740356,49.30614285463249
第七批,奈林稿辽墓群,古墓葬,辽,121.81192276646972,42.7390417506025
第七批,耶律祺家族墓,古墓葬,辽,120.11559998641036,44.485427358049634
第七批,耶律琮墓,古墓葬,辽,118.9348280791012,41.878566133353566
第七批,沙日宝特墓群,古墓葬,辽,119.90154215442077,44.32905210284133
第七批,砧子山古墓群,古墓葬,元,116.27935961516069,42.3222023107732
第七批,恩格尔河墓群,古墓葬,元,114.82350781797612,43.30156726060829
第七批,和硕端静公主墓,古墓葬,清,118.94144832192472,41.99701628256801
第七批,四平山积石墓地,古墓葬,新石器时代,121.37929902414984,39.03727506731197
第七批,马城子墓地,古墓葬,夏至西周,124.1215574238271,41.30562256246959
第七批,东山大石盖墓,古墓葬,夏、商,123.9418946868402,40.70295999159139
第七批,石棚沟石棚,古墓葬,夏、商,122.47225193533458,39.91856687140403
第七批,岗上楼上墓地,古墓葬,西周至春秋,121.5264429402115,38.95711223403937
第七批,东大杖子古墓群,古墓葬,战国,119.5988420676448,40.638972720010486
第七批,望江楼墓地,古墓葬,西汉至东汉,125.33879938373629,41.262081981581474
第七批,营城子汉墓群,古墓葬,汉,121.39413786331394,38.99187921185402
第七批,辽阳苗圃汉墓群,古墓葬,汉、魏,123.18267693395224,41.2571329324978
第七批,雅河流域墓群,古墓葬,汉至唐,125.31762591660652,41.21536033891163
第七批,冯家堡子墓地,古墓葬,汉至唐,125.07148825119948,41.34197361943684
第七批,施家沟墓地,古墓葬,汉至唐,123.94226459803645,41.91253530487585
第七批,喇嘛洞墓地,古墓葬,三国至晋,120.72166627144628,41.66328111647832
第七批,龙岗墓群,古墓葬,辽,121.7315380166378,41.637712000976215
第七批,关山辽墓,古墓葬,辽,121.97566680400512,42.156615848463424
第七批,东京陵,古墓葬,明,123.18267693395224,41.2571329324978
第七批,小西山石棺墓群,古墓葬,商至周,126.15126123134505,43.09485602107406
第七批,鸭绿江上游积石墓群,古墓葬,汉至唐,126.41776380060784,41.94791824276487
第七批,鸭绿江上游积石墓群,古墓葬,汉至唐,126.59202031604462,42.06079964827956
第七批,鸭绿江上游积石墓群,古墓葬,汉至唐,126.90613621978842,41.8041766817488
第七批,鸭绿江上游积石墓群,古墓葬,汉至唐,126.90613621978842,41.8041766817488
第七批,江沿墓群,古墓葬,汉至唐,125.8735460711794,41.63474026687141
第七批,江沿墓群,古墓葬,汉至唐,125.85226972380354,41.602463029141695
第七批,友谊村墓群,古墓葬,金,124.40520633403938,43.41341836204609
第七批,金坛土墩墓群,古墓葬,商周,119.59966725169907,31.73103615697702
第七批,春城土墩墓群,古墓葬,商周,119.17804824460104,31.949058546538613
第七批,烟墩山墓地,古墓葬,西周,119.68070370739936,32.21300352531983
第七批,尹湾汉墓,古墓葬,汉,118.68209783289385,34.60581470153032
第七批,三庄墓群,古墓葬,汉,118.641050543801,33.847788130146725
第七批,庙山汉墓,古墓葬,汉,119.29458259859815,32.40623969604386
第七批,上坊孙吴墓,古墓葬,三国,118.9151456339034,31.9717208579412
第七批,仙鹤观六朝墓地,古墓葬,三国、晋、南北朝,118.9060690657104,32.10925287410765
第七批,顾炎武墓及故居,古墓葬,清,121.00359526242605,31.271236729345627
第七批,绍兴越国贵族墓群,古墓葬,春秋至战国,120.4976419772814,30.091766875802115
第七批,长安画像石墓,古墓葬,汉至三国,120.45014938249749,30.461393780377925
第七批,吕祖谦及家族墓,古墓葬,宋,119.89087252987945,28.945430971375146
第七批,宋六陵,古墓葬,南宋,120.70276467793468,29.942388267042865
第七批,赵孟頫墓,古墓葬,元,120.11707165244428,30.613279631170837
第七批,吴镇墓,古墓葬,元,120.9183671035275,30.849778012651143
第七批,建平镇土墩墓群,古墓葬,西周至战国,119.18080799812556,31.134857662067184
第七批,双墩春秋墓,古墓葬,春秋,117.32599769662988,32.99037600652584
第七批,六安汉代王陵墓地,古墓葬,西汉,116.54042843516758,31.758421638339296
第七批,淮南王刘安家族墓地,古墓葬,汉,116.52134829900903,31.74353570375776
第七批,古城汉墓,古墓葬,东汉,116.44361043008774,33.82182937400905
第七批,程端忠墓,古墓葬,宋,115.93532944378218,31.73562972334844
第七批,化明塘严氏墓,古墓葬,明,117.94432846516688,33.02222381939053
第七批,汤和墓,古墓葬,明,117.39365570368226,32.95032472298899
第七批,张廷玉墓,古墓葬,清,116.8956722740754,31.105837276767268
第七批,浦城土墩墓群,古墓葬,西周至春秋,118.54574276815828,28.08078767090176
第七批,陈政墓和陈元光墓,古墓葬,唐至宋,117.34142763713844,23.96660562453353
第七批,陈政墓和陈元光墓,古墓葬,唐至宋,117.69251402340863,24.592261452840905
第七批,李洲坳东周墓葬,古墓葬,东周,115.2971374346104,28.899065551540087
第七批,吴平墓群,古墓葬,西汉至隋,115.54745902208164,28.06560137789229
第七批,紫金城城址与铁河古墓群,古墓葬,汉,115.94018970682936,29.023722640602017
第七批,吉水东吴墓,古墓葬,三国,115.13736058019416,27.238409790416235
第七批,文天祥墓,古墓葬,元,115.01647746180744,27.090936587685345
第七批,谭纶墓,古墓葬,明,116.19365493367349,27.496375687149207
第七批,朱权墓与乐安王墓,古墓葬,明,115.81645881584294,28.702003383217573
第七批,明益藩王墓地,古墓葬,明,116.62609570548938,27.682712354283257
第七批,村里集城址及墓群,古墓葬,西周至战国,120.78350097308942,37.53888444512688
第七批,临淄墓群,古墓葬,周至汉,118.3811882121832,36.93692413489031
第七批,防山墓群,古墓葬,周、汉,117.07649122944142,35.5931329930174
第七批,孟母林墓群,古墓葬,东周至清,116.98462324897744,35.498567256571995
第七批,程家沟古墓,古墓葬,战国,118.42935882755148,36.7416116005758
第七批,定陶王墓地（王陵）,古墓葬,汉,115.57390814386794,35.078071171236274
第七批,安丘董家庄汉画像石墓,古墓葬,东汉,119.2198774736317,36.48362410618155
第七批,留村石墓群,古墓葬,元,122.47244678221094,36.96692938915757
第七批,明德王墓地,古墓葬,明,116.83673595775645,36.438937389081744
第七批,宋庄东周贵族墓地,古墓葬,东周、汉,114.28778459604904,35.619622852309334
第七批,固岸墓地,古墓葬,战国至宋,114.31775287890164,36.23278949160814
第七批,苌村汉墓,古墓葬,汉,113.2447269097528,34.86231658572367
第七批,刘崇墓,古墓葬,汉,114.8965072915208,33.7619210132558
第七批,后士郭壁画墓,古墓葬,东汉,113.32525812889354,34.54112913351828
第七批,徐堌堆墓群,古墓葬,东汉,115.61514153255872,34.450867932860426
第七批,洛南东汉帝陵,古墓葬,东汉,112.45410046362376,34.626989743189334
第七批,安阳高陵,古墓葬,东汉,114.26839725872736,36.24836752695438
第七批,汉献帝禅陵,古墓葬,东汉,113.44235275993373,35.36924897521838
第七批,魏明帝高平陵,古墓葬,三国,112.57799855854805,34.34147074203984
第七批,后晋显陵,古墓葬,五代,112.10145077192972,34.62832155457048
第七批,后汉皇陵,古墓葬,五代,113.4889700857612,34.14964846572079
第七批,程颐、程颢墓,古墓葬,北宋,112.42613104086308,34.42877404067322
第七批,许衡墓,古墓葬,元,113.1829939583698,35.23757053440259
第七批,明周王墓,古墓葬,明,113.4889700857612,34.14964846572079
第七批,苏家垄墓群,古墓葬,东周,113.3239236430193,31.324010749686725
第七批,安乐堰墓群,古墓葬,东周,112.0612812981317,31.72482413168544
第七批,马山墓群,古墓葬,东周,112.01133602220696,30.494893409771684
第七批,霸王坟墓群,古墓葬,战国,111.74431276996332,32.27014574879486
第七批,腰子仑春秋墓群,古墓葬,东周,112.15400739779416,28.482833535185883
第七批,网岭墓群,古墓葬,东周至汉晋,113.44348170825135,27.239387306650464
第七批,九里楚墓群,古墓葬,战国,111.60152693857012,29.71487422774327
第七批,里耶麦茶战国墓群,古墓葬,战国,109.30381409393674,28.813530323755163
第七批,骑龙岗古墓群,古墓葬,战国至汉,111.15725906319582,29.438650436760515
第七批,义帝陵,古墓葬,秦,113.03326806412556,25.802832189555406
第七批,马王堆汉墓,古墓葬,西汉,113.02800814157816,28.21490570243543
第七批,汉代长沙王陵墓群,古墓葬,汉,112.9276543770246,28.110178743327356
第七批,汉代长沙王陵墓群,古墓葬,汉,112.81896564577416,28.370832757779013
第七批,青山崖墓群,古墓葬,汉晋,111.52346359580064,29.62899054560485
第七批,南禅湾晋墓群,古墓葬,西晋,112.1634703693276,29.66253643262277
第七批,龙窖山堆石墓群,古墓葬,隋至明,113.71734206737996,29.439828702718117
第七批,张南轩墓（含张浚墓）,古墓葬,宋,112.02844575268016,28.14067010230185
第七批,陶澍墓,古墓葬,清,111.47459653834925,28.39222640885734
第七批,曾国藩墓,古墓葬,清,112.90231586224576,28.08830616874384
第七批,隋谯国夫人冼氏墓,古墓葬,隋,111.29963281039014,21.56811205047721
第七批,清真先贤古墓,古墓葬,唐,113.2607059537198,23.15125524924593
第七批,唐氏墓群,古墓葬,宋至清,109.90688253996213,20.8851948799496
第七批,凤腾山古墓群,古墓葬,清,108.00559647836216,24.931330682485992
第七批,荆竹坝岩棺群,古墓葬,战国至汉,109.64320918264292,31.55821132798004
第七批,汇南墓群,古墓葬,汉至六朝,107.73531662713368,29.84677687697291
第七批,青川郝家坪战国墓群,古墓葬,战国,105.2448435038834,32.5869685121082
第七批,河边九龙山崖墓群,古墓葬,汉,104.55088346321784,31.459145241822995
第七批,合江崖墓群,古墓葬,东汉,105.8338644621406,28.821339511492106
第七批,顺河崖墓群,古墓葬,东汉,105.24405153298795,29.59573489536873
第七批,铁佛寺崖墓群,古墓葬,东汉,105.12279220893475,30.0365636397228
第七批,七个洞崖墓群,古墓葬,东汉,105.02663639888615,28.675860919948537
第七批,罗盘嘴墓群,古墓葬,宋,105.57257635617022,29.102386955386063
第七批,南广河流域崖墓群及石刻,古墓葬,明,104.52970981585943,28.541815470577976
第七批,务川大坪墓群,古墓葬,汉,107.89989307273312,28.56842831283329
第七批,兴义万屯墓群,古墓葬,东汉,105.0495448942216,25.214383392024708
第七批,平坝棺材洞,古墓葬,唐至民国,106.17341213720285,26.586026703224324
第七批,惠水仙人桥洞葬,古墓葬,明至清,106.68929960290636,26.25815396106497
第七批,黔南水族墓群,古墓葬,明至清,107.87242992671575,25.99285098195991
第七批,黔南水族墓群,古墓葬,明至清,107.92369351468722,25.533656376311576
第七批,小冲墓群,古墓葬,明至民国,104.50616145879324,25.71750208815254
第七批,明十八先生墓,古墓葬,清,105.46826956318296,25.116627738753824
第七批,万家坝古墓群,古墓葬,周,101.56572649508148,25.020426537097723
第七批,金莲山、学山遗址群,古墓葬,春秋至汉,102.5523210477617,24.360791498555248
第七批,罗汉山古墓群,古墓葬,东汉至唐,103.83566281702564,25.416185027040186
第七批,瓦石悬棺,古墓葬,唐,104.78381936916108,27.828757504672527
第七批,顺荡火葬墓群,古墓葬,明,99.3825525255444,26.285152111109127
第七批,窦皇后陵,古墓葬,西汉,109.1250206209704,34.241670563239666
第七批,凤栖原西汉家族墓地,古墓葬,西汉,108.9472547877342,34.17644618758842
第七批,汉云陵,古墓葬,西汉,108.58339334835716,34.89165558117517
第七批,走马梁汉墓群,古墓葬,汉,109.77169619714137,38.34967153184864
第七批,薄太后陵,古墓葬,汉,109.1029534606604,34.226585587806866
第七批,杨桥畔汉代城址与墓地,古墓葬,汉,108.99491655577675,37.63237424429733
第七批,商洛崖墓群,古墓葬,汉至清,109.88455380819592,33.872023318436604
第七批,商洛崖墓群,古墓葬,汉至清,109.88455380819592,33.872023318436604
第七批,商洛崖墓群,古墓葬,汉至清,109.15452366694755,33.43061613769761
第七批,商洛崖墓群,古墓葬,汉至清,109.11538638673092,33.693434637766806
第七批,商洛崖墓群,古墓葬,汉至清,110.3282479751536,33.702991872926106
第七批,商洛崖墓群,古墓葬,汉至清,109.88455380819592,33.872023318436604
第七批,商洛崖墓群,古墓葬,汉至清,109.88362182059944,33.53977452130577
第七批,永垣陵,古墓葬,晋,109.4216338836655,35.19671901968338
第七批,北周成陵,古墓葬,南北朝,109.18131551239908,34.75827649611889
第七批,李重俊墓,古墓葬,唐,109.17094298727424,34.85479539769872
第七批,唐惠陵,古墓葬,唐,109.5874774239664,34.962316306207505
第七批,兴宁陵,古墓葬,唐,108.893527969821,34.4297403417975
第七批,永康陵,古墓葬,唐,108.942746092567,34.62443076876115
第七批,李茂贞墓,古墓葬,五代,107.14863254922986,34.38363590690767
第七批,蓝田吕氏家族墓地,古墓葬,北宋,109.30398116355352,34.19506748397521
第七批,宁强羌人墓地,古墓葬,宋至清,106.26134861595216,32.8373557607548
第七批,李氏家族墓地,古墓葬,清,109.9433659524307,34.802993978106166
第七批,磨咀子和五坝山墓群,古墓葬,新石器时代、汉、晋,102.77003594502114,37.69169333313882
第七批,放马滩墓群,古墓葬,战国至西汉,105.89180967944156,34.57782771127762
第七批,甲子墩墓群,古墓葬,汉至魏晋,100.68130996363158,38.887831018191335
第七批,旱滩坡墓群,古墓葬,汉至晋,102.28821906426268,38.053550661707405
第七批,踏实墓群,古墓葬,东汉至唐,95.98641437047849,40.2704850577582
第七批,高昌王和西宁王墓,古墓葬,元,102.6468321279208,37.933820360469696
第七批,杂涅墓群,古墓葬,唐,96.42856857781445,33.27588605757016
第七批,玉树古墓群,古墓葬,唐,95.61901399478896,33.85989694008763
第七批,玉树古墓群,古墓葬,唐,97.01491106189164,33.00167208091842
第七批,玉树古墓群,古墓葬,唐,97.11433807895452,33.3759635150758
第七批,街子拱北,古墓葬,清,102.43851505646887,35.86877657706093
第七批,固原北朝隋唐墓地,古墓葬,北朝至唐,106.24466607979345,35.986220275996686
第七批,窨子梁唐墓,古墓葬,唐,107.4080789344522,37.7885518252315
第七批,小河墓地,古墓葬,公元前2000年～公元前1500年,88.17255280067013,39.028600864190366
第七批,阔科克古墓群,古墓葬,青铜时代,86.87869040202015,47.70697466084168
第七批,拜其尔墓地,古墓葬,青铜时代,94.74531477813264,43.265729971724966
第七批,大喀纳斯景区墓葬群,古墓葬,青铜时代至铁器时代,87.034494359978,48.6979475785969
第七批,赛里木湖古墓群,古墓葬,青铜时代、汉至唐,81.38891307418467,44.62383409652612
第七批,阿日夏特科克石围及石堆墓群,古墓葬,春秋至战国,81.62630396031521,45.07094442728419
第七批,阿敦乔鲁石栅古墓群及岩画群,古墓葬,春秋至战国,81.02829455232421,44.97392479318259
第七批,库车友谊路墓群,古墓葬,晋、十六国,83.05135855998121,41.956933033621176
第七批,小洪纳海石人墓,古墓葬,隋、唐,81.12457122414105,43.15888397024871
第七批,默拉纳额什丁麻扎,古墓葬,明,82.95623051358244,41.72445933814665
第七批,良乡多宝佛塔,古建筑,辽,116.15441561908614,39.73975422282454
第七批,镇岗塔,古建筑,金,116.1699654199322,39.82057165592102
第七批,灵岳寺,古建筑,元至清,115.6768305433612,40.004810535904376
第七批,万松老人塔,古建筑,元、清,116.37350154923968,39.92676406790157
第七批,明北京城城墙遗存,古建筑,明,116.41616648199614,39.933430910974415
第七批,明北京城城墙遗存,古建筑,明,116.39697594742611,39.92962732926452
第七批,姚广孝墓塔,古建筑,明,116.08627378081242,39.82952315583094
第七批,摩诃庵,古建筑,明,116.30045626761196,39.931930612596105
第七批,琉璃河大桥,古建筑,明,116.14322430788476,39.75298784869693
第七批,慈寿寺塔,古建筑,明,116.29564355129182,39.93303669403414
第七批,文天祥祠,古建筑,明至清,116.41058330924378,39.94089214712508
第七批,普度寺,古建筑,清,116.40490716436814,39.918436314594295
第七批,克勤郡王府,古建筑,清,116.36953664379666,39.90917656602122
第七批,蓟县白塔,古建筑,辽至清,117.40789123062076,40.05007890762467
第七批,天后宫,古建筑,明至清,117.1927886212107,39.14786112201519
第七批,天尊阁,古建筑,清,117.75872730967804,39.563059114348825
第七批,李纯祠堂,古建筑,清至民国,117.1616516211441,39.12769776630012
第七批,张家口堡,古建筑,汉、魏晋南北朝、唐、明、清,114.87852148418408,40.82442720872961
第七批,南贾乡石塔,古建筑,唐,114.30466548280944,37.06854276720217
第七批,佛真猞猁迤逻尼塔,古建筑,辽,114.88591834632926,40.5958719465902
第七批,大辛阁石塔,古建筑,辽,116.43372410811664,39.34226660993009
第七批,永安寺塔,古建筑,辽,116.09644685241614,39.49963422468924
第七批,伍侯塔,古建筑,辽,115.26826395861102,38.903912037805554
第七批,澍鹫寺塔,古建筑,金至元,114.08212138071347,39.952156277849845
第七批,玉泉寺大殿,古建筑,金至元,113.60043069706236,36.62262650685173
第七批,开化寺塔,古建筑,金至明,114.5166365985495,37.7515547583661
第七批,双塔庵双塔,古建筑,金至明,115.25018426672447,39.39773812985176
第七批,皇甫寺塔,古建筑,金至明,115.79961326239167,39.40568515460552
第七批,半截塔,古建筑,元,117.75988303636124,41.94220905736713
第七批,金山寺舍利塔,古建筑,元,115.71437022508891,39.39924808570606
第七批,天宁寺前殿,古建筑,元,114.5012882946139,37.078862757777735
第七批,常乐龙王庙正殿,古建筑,元,113.59086030116816,36.62890188577709
第七批,平乡文庙大成殿,古建筑,元至明,115.03052252094297,37.06849117512114
第七批,金河寺悬空庵塔群,古建筑,元至明,114.58941446498868,39.84609825671617
第七批,定州清真寺,古建筑,元至清,114.99428629750038,38.52081967193614
第七批,九江圣母庙,古建筑,元至清,114.20443800677012,36.70223092126488
第七批,灵寿石牌坊,古建筑,明,114.37046724425004,38.30979503591373
第七批,蔚县关帝庙,古建筑,明,114.94861080986902,40.01188416056508
第七批,天齐庙,古建筑,明,114.58496115914625,39.84934584869526
第七批,蔚州古城墙,古建筑,明,114.58388703079984,39.84887220071138
第七批,故城寺,古建筑,明,114.6663909483824,39.82299106337869
第七批,重光塔,古建筑,明,115.58054954207508,40.79012917325316
第七批,永平府城墙,古建筑,明,118.86412024835678,39.88575561700601
第七批,下胡良桥,古建筑,明,115.975792846393,39.53633520116955
第七批,普彤塔,古建筑,明,115.36468141923278,37.37960199920356
第七批,滏阳河西八闸,古建筑,明,114.72836480362028,36.68464680265321
第七批,天青寺大殿,古建筑,明,114.066472762416,36.56398490913103
第七批,保定钟楼,古建筑,明,115.54792115710794,38.79817542303087
第七批,正定城墙,古建筑,明,114.58856335161347,38.149035860752
第七批,宣化柏林寺,古建筑,明至清,115.00739965931297,40.36878192784616
第七批,卜北堡玉泉寺,古建筑,明至清,114.5389218756478,39.85164937854617
第七批,方顺桥,古建筑,明至清,115.32205381066746,38.95450274246807
第七批,登瀛桥,古建筑,明至清,116.73586109488704,38.34511046409872
第七批,洗马林城墙,古建筑,明至清,114.46154212014268,40.82000853441373
第七批,黄粱梦吕仙祠,古建筑,明至清,114.49335252009394,36.68694008599403
第七批,井陉旧城城墙,古建筑,明至清,114.0217839901777,38.00233323248094
第七批,沙子坡老君观,古建筑,明至清,114.4350070066633,39.81196185503293
第七批,蔚县重泰寺,古建筑,明至清,114.48884379910469,39.92910669020775
第七批,定州文庙,古建筑,清,115.00190779399908,38.52085836640607
第七批,衡水安济桥,古建筑,清,115.70541140964664,37.7319929453451
第七批,凤山关帝庙,古建筑,清,117.20204879785788,41.23415483098765
第七批,淮军公所,古建筑,清,115.49063446287748,38.86030128685032
第七批,清河道署,古建筑,清,115.4651680930863,38.87910200949453
第七批,深州盈亿义仓,古建筑,清,115.56201599562378,38.01522987732056
第七批,郎寨砖塔,古建筑,唐,112.32726428120914,36.35640215593946
第七批,先师和尚舍利塔,古建筑,唐,112.78181095485392,36.46251911344856
第七批,小张碧云寺大殿,古建筑,宋,112.8456222313588,36.17713424317732
第七批,北阳城砖塔,古建筑,宋,111.0625105116552,35.529378756680615
第七批,巷口寿圣寺砖塔,古建筑,宋,110.69729164282133,34.70877042792063
第七批,闾原头永兴寺塔,古建筑,宋,110.76799321419564,35.12212194581228
第七批,张村圣庵寺塔,古建筑,宋,110.774843816404,35.15018756982174
第七批,万荣稷王山塔,古建筑,宋,110.99541728776305,35.387970928481444
第七批,中里庄八龙寺塔,古建筑,宋,110.5518300127388,35.327583125544706
第七批,万荣旱泉塔,古建筑,宋,110.78070012917247,35.34422400985338
第七批,南阳村寿圣寺塔,古建筑,宋,110.79852031056836,35.50266375937338
第七批,运城太平兴国寺塔,古建筑,宋,111.04368553291496,35.069723950894215
第七批,河底成汤庙,古建筑,宋至清,112.71091537313288,35.585167069236405
第七批,布村玉皇庙,古建筑,宋至清,112.93988849895372,36.01400628450245
第七批,高都景德寺,古建筑,宋至清,112.95973592659644,35.600127947497256
第七批,大周村古寺庙建筑群,古建筑,宋至清,112.79011353756977,35.7003480453794
第七批,上贤梵安寺塔,古建筑,宋、明,111.98432354525688,37.36864328849322
第七批,冠山天宁寺双塔,古建筑,宋、明至清,113.63025638169276,37.81080522674492
第七批,韩坊尧王庙大殿,古建筑,金,112.9155286232938,36.07839824093875
第七批,长子崔府君庙大殿,古建筑,金,112.88383890336446,36.125709656034125
第七批,麻衣寺砖塔,古建筑,金,112.2388837002644,36.25140988934062
第七批,灵光寺琉璃塔,古建筑,金,111.5049559568464,35.964258690182305
第七批,浑源圆觉寺塔,古建筑,金,113.6920196007708,39.70510919523135
第七批,繁峙正觉寺大雄宝殿,古建筑,金,113.89014876183155,39.2841453433748
第七批,襄垣永惠桥,古建筑,金,113.05273972438204,36.54280138312125
第七批,高平嘉祥寺,古建筑,金至清,112.98809408644952,35.870816789512446
第七批,尹西东岳庙,古建筑,金至清,112.98791176293372,35.62654962173169
第七批,西顿济渎庙,古建筑,金至清,112.93556703865534,35.61341866265652
第七批,李庄文庙,古建筑,金至民国,113.38858242878034,36.32431054098596
第七批,义合三教堂,古建筑,金至民国,112.86698314538724,36.03011701563592
第七批,下霍护国灵贶王庙,古建筑,金、清,112.94014033255262,36.08491876790844
第七批,北马玉皇庙,古建筑,金、清,113.16559468008673,35.72826198792359
第七批,宋村永兴寺,古建筑,金、清,111.83227463614462,35.17993209408807
第七批,三王村三嵕庙,古建筑,金、清,112.98629104828602,35.74773880764854
第七批,坛岭头岱庙,古建筑,金、清,112.73105143609035,35.42471638433337
第七批,苇则寿圣寺,古建筑,元,113.53082536489369,36.92741316899995
第七批,寺坪普照寺大殿,古建筑,元,113.60800974890977,37.04385999894312
第七批,帖木儿塔,古建筑,元,112.89669417439696,38.291167968739884
第七批,前万户汤王庙,古建筑,元,112.8910204871314,36.156058835424176
第七批,庄头天仙庙,古建筑,元,113.30879877840896,35.90849785076379
第七批,东许三清庙献殿,古建筑,元,111.51113600614188,35.694927152105315
第七批,襄陵文庙大成殿,古建筑,元,110.63489511642165,36.76434847548071
第七批,大同关帝庙大殿,古建筑,元,113.3050826274859,40.0967937320368
第七批,中漳伏羲庙,古建筑,元、明,113.00527606174664,36.116535527091855
第七批,襄垣昭泽王庙,古建筑,元、明,113.05187741817863,36.53697321410913
第七批,长宁大庙,古建筑,元至清,113.51227969657964,36.56012331040328
第七批,南涅水洪教院,古建筑,元至清,112.6866649946744,36.9305956542998
第七批,良户玉虚观,古建筑,元至清,112.77901962246862,35.75936806938289
第七批,南庄玉皇庙,古建筑,元至清,113.04146101392708,35.66306986614954
第七批,川底佛堂,古建筑,元至清,112.68367424709,35.534087306039694
第七批,马厂崇教寺,古建筑,元至清,113.11927141862172,36.34863147538685
第七批,长春观,古建筑,元至清,111.63422680248468,35.49454439614942
第七批,南林交龙泉寺,古建筑,元至清,111.53451540935316,35.590110440209735
第七批,武乡真如寺,古建筑,元至清,113.20244624816384,36.74252717550124
第七批,襄垣五龙庙,古建筑,元至清,113.05182739096183,36.54337004471864
第七批,董峰万寿宫,古建筑,元至清,112.75456676326534,35.786325472590214
第七批,建南济渎庙,古建筑,元至清,113.105408897115,35.84000740704586
第七批,史村东岳庙,古建筑,元至清,112.7257114392282,35.61842196652199
第七批,河津台头庙,古建筑,元至清,110.71400243050287,35.58923650289718
第七批,南柳泰山庙,古建筑,元至清,111.61199861293574,35.56490056424086
第七批,律吕神祠,古建筑,元至清,113.65789616820577,39.72626108164568
第七批,南召文庙,古建筑,元至清,113.32364074777196,35.81983256967524
第七批,水东崔府君庙,古建筑,元至清,112.97528431462428,35.53761508462333
第七批,薛庄玉皇庙,古建筑,元至清,112.92894819940103,35.61661205995571
第七批,辛村天齐王庙,古建筑,元、明至清,113.49933818704588,36.56103924516196
第七批,上冯圣母庙,古建筑,元、明至清,111.31433246059568,35.25102019094173
第七批,南阳法王庙,古建筑,元、明至清,110.93918087516052,35.60030981398664
第七批,洪洞关帝庙,古建筑,元、明至清,111.68702193553791,36.27367041084197
第七批,柏草坡龙天土地庙,古建筑,元至民国,111.76805188835328,37.3490560890352
第七批,孝义三皇庙,古建筑,元至民国,111.75042496478228,37.145683540043805
第七批,大中汉三嵕庙,古建筑,元、清,112.81133181209272,36.119491291961104
第七批,孝义天齐庙,古建筑,元、清,111.82907350440864,37.07908919582214
第七批,北和炎帝庙,古建筑,元、清,113.01685199413812,36.06027434577872
第七批,北社三嵕庙,古建筑,元、清,113.30493900469452,36.25800871148483
第七批,北社大禹庙,古建筑,元、清,113.30634900352636,36.26061879646633
第七批,北甘泉圣母庙,古建筑,元、清,113.27399484358484,36.23566799080065
第七批,李庄武庙,古建筑,元、清,113.39023257300926,36.322499102559306
第七批,石末宣圣庙,古建筑,元、清,113.08861512330571,35.695460571855165
第七批,关村炎帝庙,古建筑,元、清至民国,113.15760187875736,36.22467596369796
第七批,夏县文庙大成殿,古建筑,明,111.22544081080282,35.14137943412089
第七批,永和文庙大成殿,古建筑,明,110.63489511642165,36.76434847548071
第七批,泉掌关帝庙,古建筑,明,111.09138222102996,35.663733099822124
第七批,阳曲大王庙大殿,古建筑,明,112.8060447667642,38.0535861036935
第七批,隰县鼓楼,古建筑,明,110.9418651540808,36.69903831827449
第七批,交城玄中寺,古建筑,明至清,112.0850594534957,37.57004398114361
第七批,原平惠济寺,古建筑,明至清,112.8115745056662,38.79180698797615
第七批,石室蓬莱宫,古建筑,明至清,113.00242273108002,36.38821569552978
第七批,洪洞商山庙,古建筑,明至清,111.69172814108154,36.37006900778094
第七批,绛县文庙,古建筑,明至清,111.57080463432892,35.493895409709104
第七批,襄垣慈胜寺,古建筑,明至清,112.17596032278442,37.19500179876196
第七批,后土圣母庙,古建筑,明至清,110.83591707489197,37.00421808402504
第七批,薛瑄家庙及墓地,古建筑,明至清,110.83905979980162,35.42160168925491
第七批,介休城隍庙,古建筑,明至清,111.92580909125124,37.03580186720645
第七批,新村妙觉寺,古建筑,明至清,112.62658405258728,37.41807820135632
第七批,范村圆智寺,古建筑,明至清,112.79375637931166,37.487108045626464
第七批,太原大关帝庙,古建筑,明至清,112.55785028616674,37.87369417507448
第七批,太原清真寺,古建筑,明至清,112.56086150794756,37.86976583629189
第七批,太原纯阳宫,古建筑,明至清,112.57244640823164,37.86823932018783
第七批,前斧柯悬泉寺,古建筑,明至清,112.37605559741516,37.988506464254215
第七批,藏山祠,古建筑,明至清,113.3649092596605,38.22918605771206
第七批,灵空山圣寿寺,古建筑,明至清,112.08751313669477,36.59869190088442
第七批,西青北大禹庙,古建筑,明至清,113.23114891329756,36.25622340382096
第七批,陈廷敬故居,古建筑,明至清,112.55613389208176,35.41972167730063
第七批,运城关王庙,古建筑,明至清,110.99685108881243,35.02402331370063
第七批,池神庙及盐池禁墙,古建筑,明至清,111.00635747485744,35.013459914873486
第七批,仙翁庙,古建筑,明至清,112.86022920851418,35.85161482870705
第七批,干坑南神庙,古建筑,明至清,112.19104166938511,37.19260754310472
第七批,黎城城隍庙,古建筑,明至清,113.3871691446204,36.50832716512559
第七批,罗睺寺,古建筑,明至清,113.5977187440372,39.014756760274125
第七批,辛庄开化寺,古建筑,明至清,112.6988418519388,38.19521945603937
第七批,浑源文庙,古建筑,明至清,113.68955050439662,39.70339403349292
第七批,太山龙泉寺,古建筑,明至清,112.4438827024353,37.7572613069468
第七批,坪上汤帝庙,古建筑,明至清,112.67200723031898,35.483847246088985
第七批,静升文庙,古建筑,明至清,111.87627628033997,36.90116643334167
第七批,云峰寺石佛殿,古建筑,明至清,111.9173488703531,37.032447569929005
第七批,北依涧永福寺过殿,古建筑,明至清,112.33372087459884,37.22786233828235
第七批,崇善寺大悲殿,古建筑,明至清,112.58025722190804,37.87249020378721
第七批,唱经楼,古建筑,明至清,112.56529556682383,37.87712299273393
第七批,晋源阿育王塔,古建筑,明至清,112.49559250277665,37.743625956014085
第七批,晋源文庙,古建筑,明至清,112.4890551597902,37.73297371642425
第七批,清徐尧庙,古建筑,明至清,112.44631439116785,37.50767295596329
第七批,绛州文庙,古建筑,明至清,111.23106184196944,35.623824910001666
第七批,北池稷王庙,古建筑,明至清,111.04712987864504,35.49435517477939
第七批,玄帝庙,古建筑,明至清,110.71607414921,35.67895990838498
第七批,石四牌坊和木四牌坊,古建筑,明至清,111.7190913146472,35.74459877609262
第七批,樊店关帝庙,古建筑,明至清,111.61052591102516,35.6934294751942
第七批,孝义慈胜寺,古建筑,明至清,111.74923974551386,37.16915405873947
第七批,净石宫,古建筑,明至民国,111.67907023088442,36.47039222756448
第七批,梁家滩白云寺,古建筑,明至民国,112.25195377147324,37.08393063193468
第七批,玉虚宫下院,古建筑,清,110.91117122704772,37.44249782776117
第七批,古交千佛寺,古建筑,清,112.17291010930636,37.90952557532212
第七批,太原文庙,古建筑,清,112.56805169963324,37.87020290235116
第七批,平遥惠济桥,古建筑,清,112.18004160371927,37.21737092082143
第七批,雷履泰旧居,古建筑,清,112.17596032278442,37.19500179876196
第七批,平遥市楼,古建筑,清,112.1854593516162,37.21004287062725
第七批,南樊石牌坊及碑亭,古建筑,清,111.61101455337358,35.61608161944203
第七批,乔寺碑楼,古建筑,清,111.44151230578208,35.4643374481745
第七批,郭家庄仇氏石牌坊及碑亭,古建筑,清,111.1721672907392,35.31054019676644
第七批,府城关帝庙,古建筑,清,112.94918442255944,35.549227159762715
第七批,冠山书院,古建筑,清,113.63025638169276,37.81080522674492
第七批,大同观音堂,古建筑,清,113.20375753686469,40.10708901908806
第七批,介休源神庙,古建筑,清,112.039401372209,37.03479567069071
第七批,南政隆福寺,古建筑,清,112.16764697839989,37.241770567541074
第七批,闫景李家大院,古建筑,清至民国,110.72574209327615,35.29633273179541
第七批,准格尔召,古建筑,明,110.20671090207222,39.7067211946279
第七批,乌素图召,古建筑,清,111.5663235082746,40.83322634032332
第七批,席力图召及家庙,古建筑,清,111.65588552706252,40.80528102708457
第七批,奈曼蒙古王府,古建筑,清,120.6516732909916,42.85098605691272
第七批,寿因寺大殿,古建筑,清,121.44338518138493,42.5023540507243
第七批,梵宗寺,古建筑,清,118.99257965459796,42.96683005543268
第七批,荟福寺,古建筑,清,118.6836266869296,43.52967027594382
第七批,法轮寺,古建筑,清,118.89721030606457,41.71731424942708
第七批,赤峰清真北大寺,古建筑,清,118.95725637441356,42.2839672646715
第七批,四子王旗王府,古建筑,清,111.70544248294662,41.53744837616791
第七批,巴丹吉林庙,古建筑,清,101.66987349223707,39.21405013098468
第七批,沙日特莫图庙,古建筑,清,108.73718162998922,39.83777526444536
第七批,呼和浩特清真大寺,古建筑,清至民国,111.6556075644038,40.81424614885346
第七批,八棱观塔,古建筑,辽,120.0929336673468,41.418545370083685
第七批,白塔峪塔,古建筑,辽,120.6280476782994,40.71928539179665
第七批,班吉塔,古建筑,辽,120.87586431232764,41.19743924623485
第七批,东平房塔,古建筑,辽,120.20004498673276,41.4481738770349
第七批,东塔山塔,古建筑,辽,121.45235057721062,42.1591726266212
第七批,广胜寺塔,古建筑,辽,121.23943695564908,41.544705169146816
第七批,黄花滩塔,古建筑,辽,120.12151432334468,41.4502493868104
第七批,金塔,古建筑,辽,122.6863703970724,40.88594955857787
第七批,磨石沟塔,古建筑,辽,120.5799365225003,40.613944030341294
第七批,青峰塔,古建筑,辽,120.55311846018483,41.330138120656336
第七批,双塔寺双塔,古建筑,辽,120.161569706533,41.33194422008945
第七批,塔营子塔,古建筑,辽,121.75806359203324,42.06916681146871
第七批,无垢净光舍利塔,古建筑,辽,123.38050462761952,41.83912033856406
第七批,妙峰寺双塔,古建筑,辽,119.83775374342042,40.30389573412168
第七批,银塔,古建筑,辽至明,122.9945691919959,40.72196392477984
第七批,沙锅屯石塔,古建筑,金,120.70040703033855,41.1413109134253
第七批,千山古建筑群,古建筑,明至清,122.96220044482465,41.07911878744586
第七批,银冈书院,古建筑,清,123.85351248145864,42.304396873217705
第七批,农安辽塔,古建筑,辽,125.17504042247094,44.43271218599144
第七批,延吉边务督办公署旧址,古建筑,清,129.50687229492357,42.89584148887884
第七批,乌拉街清代建筑群,古建筑,清,126.44019922480048,44.122627037327234
第七批,阿城清真寺,古建筑,清,126.9671928576432,45.540663683362354
第七批,嘉定孔庙,古建筑,明至清,121.25520940557828,31.38893936773069
第七批,海春轩塔,古建筑,唐,120.28988129910682,32.83968767146297
第七批,文通塔,古建筑,宋,119.13929943704758,33.51770186275464
第七批,甲辰巷砖塔,古建筑,宋,120.641139339218,31.31621347333761
第七批,思本桥,古建筑,宋,120.70499097700292,31.162919171098636
第七批,东庙桥,古建筑,宋,120.6473582356169,31.146850027142413
第七批,月塔,古建筑,宋,119.58107836055564,33.92691576427263
第七批,聚沙塔,古建筑,宋,120.880287778448,31.71298278456192
第七批,兴国寺塔,古建筑,宋、明,120.26713405370724,31.91061086240352
第七批,甘露寺铁塔,古建筑,宋、明,119.45874989263714,32.225372756896775
第七批,万佛石塔,古建筑,元,120.33575424724648,31.3261876976204
第七批,七桥瓮,古建筑,明,118.83127348761676,32.01507186097839
第七批,蒲塘桥,古建筑,明,118.99614181568342,31.566657181324675
第七批,开元寺无梁殿,古建筑,明,120.61980528495272,31.30143280896405
第七批,玉燕堂,古建筑,明,120.8526939862002,31.12230850792646
第七批,秦峰塔,古建筑,明,121.00361260493172,31.27470304007092
第七批,慈云寺塔,古建筑,明,120.50744922697405,30.923298927970517
第七批,广教禅寺,古建筑,明至清,120.89142787682296,31.95700492444747
第七批,周王庙及碑刻,古建筑,明至清,119.82355260570584,31.37060007482428
第七批,日涉园,古建筑,明至民国,119.91966109940267,32.49534350081856
第七批,隆昌寺,古建筑,明至民国,119.09051976438212,32.136400162542515
第七批,浏河天妃宫遗迹,古建筑,清,121.26986770045704,31.513110913285583
第七批,朝天宫,古建筑,清,118.77650470514736,32.04111640752186
第七批,近园,古建筑,清,119.96083513098324,31.790050526672413
第七批,杨柳村古建筑群,古建筑,清,118.9293078569411,31.86674971010759
第七批,苏州织造署旧址,古建筑,清,120.63689104489131,31.307521418013927
第七批,卫道观前潘宅,古建筑,清,120.63647455711067,31.32161558867984
第七批,杨氏宅第,古建筑,清,120.67297924656224,31.785683034099225
第七批,燕园,古建筑,清,120.74510100461907,31.656758793672672
第七批,敬业堂,古建筑,清,120.8532607444741,31.12139217806065
第七批,先蚕祠,古建筑,清,120.6685904788474,30.91137890111774
第七批,耕乐堂,古建筑,清,120.71748864259214,31.166357134316105
第七批,学政试院,古建筑,清,119.92258061269956,32.498804274460895
第七批,适园,古建筑,清,120.27456879663588,31.90978588714884
第七批,史可法墓祠,古建筑,清,119.4414882199415,32.40880830582261
第七批,汪氏盐商住宅,古建筑,清,119.4418092445594,32.39132290166813
第七批,贾氏盐商住宅,古建筑,清,119.44693997167349,32.39531037051918
第七批,卢氏盐商住宅,古建筑,清,119.45302466179396,32.39192143291471
第七批,逸圃,古建筑,清,119.44399705820406,32.405504585012025
第七批,扬州重宁寺,古建筑,清,119.43907607849069,32.41139456511256
第七批,如皋公立简易师范学堂旧址,古建筑,1903年,120.5866626242538,32.38730305224152
第七批,上池斋药店,古建筑,清至民国,119.85031608134358,32.94178364458114
第七批,汪氏小苑,古建筑,清至民国,119.44805278416544,32.40362537472924
第七批,瑞隆感应塔,古建筑,五代,121.264338938521,28.65845735487201
第七批,灵隐寺石塔和经幢,古建筑,五代、北宋,120.1033358445947,30.24946425394473
第七批,保俶塔,古建筑,五代、明、民国,120.14989665199532,30.26936762164458
第七批,二灵塔,古建筑,宋,121.68367142017222,29.78106960180323
第七批,国安寺塔,古建筑,宋,120.7558873468342,27.95219543319344
第七批,观音寺石塔,古建筑,宋,120.6500005059712,27.791492061481136
第七批,护法寺桥和塔,古建筑,宋,120.52783132635189,27.469565570032128
第七批,东化成寺塔,古建筑,宋,120.24898026144751,29.71741906632961
第七批,龙德寺塔,古建筑,宋,119.89713644102493,29.46174924863444
第七批,南峰塔和福印山塔,古建筑,宋,120.74342301538164,28.865647724937556
第七批,乐清东塔,古建筑,宋,121.00184387098332,28.08466407894367
第七批,八卦桥和河西桥,古建筑,宋,120.48572387223165,27.85723131833946
第七批,栖真寺五佛塔,古建筑,宋,120.56859968169772,27.67108857631353
第七批,西山桥,古建筑,南宋,119.28233948761894,29.48370159643755
第七批,真如寺石塔,古建筑,元,120.82272018100484,28.015780358002395
第七批,普庆寺石塔,古建筑,元,119.7700858793968,30.366529367825063
第七批,千佛塔,古建筑,元,121.1201129223702,28.848057141252497
第七批,金昭牌坊和宪台牌坊,古建筑,明,120.82375171825224,28.270118042339465
第七批,七家厅,古建筑,明,119.68032195595654,29.04336399547447
第七批,关西世家,古建筑,明,119.22290842650494,29.27837325261732
第七批,绍衣堂和横山塔,古建筑,明,119.212399345473,29.18139069695409
第七批,西姜祠堂,古建筑,明,119.2927238929486,29.18676362426388
第七批,楠溪江宗祠建筑群,古建筑,明至清,120.61098006307311,28.05963803845424
第七批,寺平村乡土建筑,古建筑,明至清,119.35189737929626,29.029610567341223
第七批,狭搽湖避塘,古建筑,明至清,120.4976419772814,30.091766875802115
第七批,鸡鸣山民居苑,古建筑,明至清,119.18577929705856,29.031097626358825
第七批,南坞杨氏宗祠,古建筑,明至清,118.43958615442207,28.539172341148934
第七批,河阳村乡土建筑,古建筑,明至清,120.01158668443746,28.73378810466712
第七批,潘公桥及潘孝墓,古建筑,明至清,120.11559552977477,30.880593620798997
第七批,玉岩包氏宗祠,古建筑,明至清,120.02786220213748,27.489917995591576
第七批,华堂王氏宗祠,古建筑,明至清,121.05344641483885,29.56155893481675
第七批,世德堂,古建筑,明至清,119.39077213493157,29.30508098995434
第七批,上族祠,古建筑,明至清,119.4615249971528,29.21668299971242
第七批,积庆堂,古建筑,明至清,119.35373259059064,29.24762057229918
第七批,余庆堂,古建筑,明至清,119.45282209730678,29.29604680690762
第七批,吴氏宗祠,古建筑,明至清,118.93420318856418,29.061664942122643
第七批,三槐堂,古建筑,明至清,119.22570099936053,29.268757862016862
第七批,新叶村乡土建筑,古建筑,明至民国,119.33776903565676,29.33686343526869
第七批,兰亭,古建筑,清,120.5263004822987,29.9647323409074
第七批,林宅,古建筑,清,121.54724102880812,29.87156377078576
第七批,雪溪胡氏大院,古建筑,清,119.9300489786151,27.396405345253203
第七批,陈阁老宅,古建筑,清,120.54755667296044,30.41454040501316
第七批,双林三桥,古建筑,清,120.41998616233732,30.857313431324005
第七批,舜王庙,古建筑,清,120.70447671017214,29.795935207878056
第七批,马上桥花厅,古建筑,清,120.38879980562449,29.190056185541785
第七批,周宣灵王庙,古建筑,清,118.8728132233887,28.977308661454305
第七批,北二蓝氏宗祠,古建筑,清,118.733776324381,28.95600781160197
第七批,三门源叶氏民居,古建筑,清,119.10952979309866,29.21631366104969
第七批,西洋殿,古建筑,清,119.12322619110816,27.68414569557362
第七批,普陀山普济寺,古建筑,清,122.38883924137612,29.994249684070404
第七批,泰顺土楼,古建筑,清至民国,119.96945876141235,27.42934633848118
第七批,黄山登山古道及古建筑,古建筑,唐至民国,118.1934828250606,30.128435866722047
第七批,黄金塔,古建筑,宋,117.942683136024,31.345925372923624
第七批,太平塔,古建筑,宋,116.58275571607425,30.639349972823616
第七批,天寿寺塔,古建筑,宋,118.76041361402145,30.948821072297157
第七批,长庆寺塔,古建筑,宋,118.4377487960734,29.86848159706665
第七批,仙人塔,古建筑,宋,119.29964868038824,30.455963393124808
第七批,程大位故居,古建筑,明,118.3298055852204,29.7199666807896
第七批,黄村进士第,古建筑,明,118.166598644225,29.83801877060013
第七批,法云寺塔,古建筑,明,116.38766569356083,30.82335658545756
第七批,桐城文庙,古建筑,明至清,116.9525556472119,31.060356087229597
第七批,洪氏宗祠,古建筑,明至清,118.416193960417,29.868602325044424
第七批,奕世尚书坊和胡炳衡宅,古建筑,明至清,118.67098941227452,30.08468128806852
第七批,寿县孔庙,古建筑,明至清,116.52134829900903,31.74353570375776
第七批,寿县清真寺,古建筑,明至清,116.6525420335139,32.49505399511386
第七批,太平山房,古建筑,明至清,117.8663484422764,30.41453341328536
第七批,棠樾古民居,古建筑,明至民国,118.37010038577688,29.87595628074053
第七批,九华山祇园寺,古建筑,明至民国,117.80613709229138,30.489238809116465
第七批,上庄古建筑群,古建筑,明至民国,118.45137217882164,30.13437336240871
第七批,九华山化城寺,古建筑,清,117.80359037484536,30.487113308302654
第七批,九华山月身殿,古建筑,清,117.82487118976375,30.48575892953403
第七批,安庆南关清真寺,古建筑,清,117.04221339637176,30.510160360714096
第七批,济阳曹氏宗祠,古建筑,清,117.84633116949284,30.648334689257865
第七批,上章李氏宗祠,古建筑,清,117.93106238255868,30.40680790092705
第七批,九华山百岁宫,古建筑,清,117.81052462445052,30.489409346065106
第七批,旌德文庙,古建筑,清,118.54257561658068,30.295526651682803
第七批,北岸吴氏宗祠,古建筑,清,118.58267365094127,29.915419588044703
第七批,员公支祠,古建筑,清,118.65038963096066,29.92132661404384
第七批,昌溪周氏宗祠,古建筑,清,118.64908158892304,29.914054735565667
第七批,北岸廊桥,古建筑,清,118.58150291989372,29.91495604428524
第七批,兴村程氏宗祠,古建筑,清,118.08669588125858,30.28366139681553
第七批,南京巷钱庄,古建筑,清,115.77545420753096,33.89002386085335
第七批,太白楼,古建筑,清,118.4612141945807,31.65416487913447
第七批,汀州城墙,古建筑,唐至民国,116.36197694119775,25.84268011280616
第七批,龙江桥,古建筑,宋,119.45925733954948,25.699864253384547
第七批,五塔岩石塔,古建筑,宋,118.47553397621928,24.90738314728552
第七批,龙华双塔,古建筑,宋、清,118.6938277758762,25.37112962964761
第七批,宁海桥,古建筑,元,119.09057555830488,25.42566503018204
第七批,罗星塔,古建筑,明,119.45896475281398,25.989229450119225
第七批,镇海卫城址,古建筑,明,117.6487786997426,24.52189796557516
第七批,云峰寺大殿,古建筑,明,118.54270549549648,27.926770886928185
第七批,观音亭寨,古建筑,明至清,120.10990376572208,27.021918088246213
第七批,惠安青山宫,古建筑,明至清,118.87408152190936,24.916512821062792
第七批,林公忠平王祖殿,古建筑,明至清,119.4584368614444,26.98875158727249
第七批,安海龙山寺,古建筑,明至清,118.46801313869854,24.73160226862659
第七批,大田土堡群,古建筑,明至清,117.8486264947936,25.70198636289603
第七批,古田临水宫,古建筑,明至清,118.92351180421149,26.59459017520095
第七批,清水岩寺,古建筑,清,118.1204826747905,25.133002214126577
第七批,平和城隍庙,古建筑,清,117.02610043793968,24.26155732242247
第七批,平海天后宫,古建筑,清,119.27485861089784,25.18777253190576
第七批,漈下建筑群,古建筑,清,119.07017294461868,27.08062217273936
第七批,蓝廷珍府第,古建筑,清,117.61571923510438,24.126361506774497
第七批,九头马民居,古建筑,清,119.56162179751662,25.960884156718624
第七批,亭店杨氏民居,古建筑,清,118.5890348597706,24.91635571720093
第七批,南安林氏民居,古建筑,清,118.38768051818394,24.968989987196537
第七批,南安中宪第,古建筑,清,118.4330489477497,24.63628471436866
第七批,李光地宅和祠,古建筑,清,118.18759243983004,25.06450325722104
第七批,玉井坊郑氏大厝,古建筑,清,118.19253631600382,26.17938694245136
第七批,仙游文庙,古建筑,清,118.70039229700672,25.3697062379632
第七批,建瓯文庙,古建筑,清,118.33081763376438,27.048609156285185
第七批,官田李氏大宗祠,古建筑,清,116.59754577514272,24.86733012503061
第七批,凤岐吴氏大宅,古建筑,清,120.05382229087547,27.198301434933903
第七批,乘广禅师塔和甄叔禅师塔,古建筑,唐,113.89289310951324,27.840593824094597
第七批,石钟山古建筑及石刻,古建筑,唐至民国,116.2240240082832,29.752084994164527
第七批,槎滩陂,古建筑,五代,114.69794100080458,26.837586534582798
第七批,永福寺塔,古建筑,宋,116.67964391263588,28.99812415042496
第七批,逢渠桥,古建筑,宋,114.80450296957102,28.40374453187904
第七批,马祖塔亭,古建筑,宋,115.36417071363184,28.86997980636679
第七批,大胜塔,古建筑,宋至明,115.9973594349838,29.730463831488656
第七批,万安城墙,古建筑,宋至明,114.78739719893866,26.46391604683697
第七批,紫阳堤,古建筑,南宋,116.04455784418424,29.448389339284155
第七批,龙虎山古建筑群,古建筑,南宋、元、清,116.99346044189184,28.12405805241185
第七批,明园,古建筑,明,117.18499369374167,29.29618699738301
第七批,锁江楼塔,古建筑,明,116.00835527822206,29.74499290830729
第七批,庐山赐经亭,古建筑,明,115.97043775535322,29.56035222940577
第七批,景贤贾氏宗祠,古建筑,明,115.36964232828672,28.203962689155976
第七批,三清山古建筑群,古建筑,明,118.06033920491323,28.92480147617625
第七批,龙图学士和刺史传芳牌楼门,古建筑,明至清,115.83264229461474,27.437444098585605
第七批,白鹭洲书院,古建筑,明至清,115.00370794516064,27.127079302277124
第七批,万年桥和聚星塔,古建筑,明至清,116.6644830784278,27.592028483825864
第七批,羊角水堡,古建筑,明至清,115.80555609414102,25.1966424364753
第七批,龙溪祝氏宗祠,古建筑,明至清,118.46427086833788,28.480843084523784
第七批,庐山御碑亭,古建筑,明、民国,116.04622195244234,29.457030527152053
第七批,安福孔庙,古建筑,清,114.61396557432202,27.39047011310586
第七批,太平桥,古建筑,清,114.63266061873614,24.662207756491668
第七批,羽琌山馆和云亭别墅,古建筑,清,116.07754273039777,28.479154721694467
第七批,永镇桥,古建筑,清,115.267855296006,25.130289622238287
第七批,玉带桥,古建筑,清,115.0942018881938,25.107885188930894
第七批,龚氏宗祠两牌楼及浣纱记石雕,古建筑,清,118.00585856875703,28.290350988603898
第七批,抚州玉隆万寿宫,古建筑,清,116.37025926818563,28.00571945328293
第七批,驿前石屋里民宅,古建筑,清,116.32900731157228,26.56164065016978
第七批,赣州文庙,古建筑,清,114.95028196731757,25.865081358741865
第七批,凤山查氏宗祠,古建筑,清,117.87461249900424,29.47986553363958
第七批,新源俞氏宗祠,古建筑,清,117.9995240707839,29.357073402916058
第七批,浒崦名分堂戏台,古建筑,清,117.32122691294516,29.152348913424845
第七批,镇窑,古建筑,清,117.18528148283576,29.281512921360378
第七批,东生围,古建筑,清,115.32942673514776,25.011883309538806
第七批,金口坝,古建筑,南北朝至明,116.78454625371847,35.55813934747479
第七批,永丰塔,古建筑,宋,116.09645556428148,35.39863051609709
第七批,重兴塔,古建筑,宋,116.9734758343074,35.405313770461326
第七批,兴国寺塔,古建筑,宋,116.24496639757506,36.97293776910067
第七批,太子灵踪塔,古建筑,宋,116.49993024976736,35.71715088424912
第七批,兴隆塔,古建筑,宋至清,116.83541812447288,35.56650676479303
第七批,伏羲庙,古建筑,宋至清,116.81403407412844,35.13539547921427
第七批,宁阳颜子庙和颜林,古建筑,元,116.68663265453422,35.89802506547169
第七批,崂山道教建筑群,古建筑,元至清,120.47043730877498,36.1133155758161
第七批,龙泉塔,古建筑,明,117.17362199751976,35.09127725081925
第七批,光善寺塔,古建筑,明,116.3127115560966,35.07285659403329
第七批,平阴永济桥,古建筑,明,116.45689754478984,36.29467431709379
第七批,四世宫保坊,古建筑,明,117.94675877664586,36.95593461072474
第七批,衡王府石坊,古建筑,明,118.47526125269395,36.68008728940763
第七批,翠屏山多佛塔,古建筑,明至清,116.37297961850486,36.22503607705711
第七批,周公庙,古建筑,明至清,117.00519479563962,35.60863414990216
第七批,戚继光祠堂及戚继光墓,古建筑,明至清,120.75545783133084,37.81507277611573
第七批,大汶口古石桥,古建筑,明至清,117.1029181765938,35.95239710725352
第七批,巨野文庙大成殿,古建筑,明至清,116.09647040752208,35.400200942367924
第七批,青城文昌阁,古建筑,清,117.69809912423077,37.19140875089299
第七批,青州真教寺,古建筑,清,118.48614244256476,36.68195558717977
第七批,慈孝兼完坊,古建筑,清,116.5843200714264,35.41354819121429
第七批,百寿坊及百狮坊,古建筑,清,116.08752532249774,34.8028171927164
第七批,青山寺,古建筑,清至民国,116.3098205643657,35.336800307220955
第七批,五龙口古代水利设施,古建筑,秦至清,112.60264016148012,35.07376792510612
第七批,正阳石阙,古建筑,东汉,114.43569870792398,32.52661856052161
第七批,阳台寺双石塔,古建筑,唐,113.90605261613926,35.805273778830035
第七批,少林寺,古建筑,唐至清,112.94177305027787,34.51456692115804
第七批,兴国寺塔,古建筑,宋,114.21203073848712,34.058155263618545
第七批,千尺塔,古建筑,宋,113.38288031016792,34.79459827643028
第七批,寿圣寺双塔,古建筑,宋,113.99919956286423,34.50334486818458
第七批,凤台寺塔,古建筑,宋,113.723797749381,34.3956382906071
第七批,五花寺塔,古建筑,宋,111.79132242064377,34.45213789056698
第七批,玲珑塔,古建筑,宋,113.79191786067936,35.006313547594544
第七批,广唐寺塔,古建筑,宋,114.20560369633812,35.14834646741569
第七批,大兴寺塔,古建筑,宋,114.73031067191444,35.922684668161146
第七批,兴阳禅寺塔,古建筑,宋,114.4708231246002,36.08856496082462
第七批,香山寺大悲观音大士塔及碑刻,古建筑,宋至清,113.19316572258796,33.820432887583685
第七批,秀公戒师和尚塔,古建筑,金,114.62015307990582,32.97004985175417
第七批,清凉寺,古建筑,金至清,112.93305684078878,34.459364564390505
第七批,灵山寺,古建筑,金至清,112.10683025745698,34.508057912935925
第七批,天王寺善济塔,古建筑,元,113.8063574053746,35.470501544331675
第七批,药王庙大殿,古建筑,元,113.11836596368428,35.14779102374074
第七批,坡街关王庙大殿,古建筑,元,113.4889700857612,34.14964846572079
第七批,玄天洞石塔,古建筑,元至明,114.29965070331664,35.74700799366205
第七批,韩王庙与昼锦堂,古建筑,元至清,114.36091405712276,36.098385149530245
第七批,显圣王庙,古建筑,元、清,112.75609797339403,34.89304700920655
第七批,浚县古城墙及文治阁,古建筑,明,114.54854391117256,35.67466449528229
第七批,卢氏城隍庙,古建筑,明,111.050527362894,34.05981367675101
第七批,襄城文庙,古建筑,明,113.47781748203435,33.857000779584546
第七批,襄城城墙,古建筑,明,113.48142619835328,33.89576037548618
第七批,高贤寿圣寺塔,古建筑,明,114.7502941778366,34.23225128330354
第七批,碧霞宫,古建筑,明至清,114.54565912390731,35.66558011905552
第七批,襄城乾明寺,古建筑,明至清,113.4757558791128,33.83163331420688
第七批,永济桥,古建筑,明至清,114.9203357922558,32.01816696580967
第七批,南岳庙,古建筑,明至清,112.98281809335693,34.379274314167944
第七批,陕县安国寺,古建筑,明至清,111.68939247001964,34.60640273665344
第七批,郑州城隍庙（含文庙大成殿）,古建筑,明至清,113.68875445898875,34.755180404228504
第七批,登封城隍庙,古建筑,明至清,113.0324901366652,34.465100516635125
第七批,朱仙镇岳飞庙（含关帝庙）,古建筑,明至清,114.26476254974384,34.619949124081835
第七批,高阁寺,古建筑,明至清,114.35791457219936,36.10291614666545
第七批,彰德府城隍庙,古建筑,明至清,114.35542536771634,36.10250520291568
第七批,林州惠明寺,古建筑,明至清,113.86959238599007,36.15731124081629
第七批,寨卜昌村古建筑群,古建筑,明至清,113.06395410807694,35.177696269214344
第七批,天宝宫,古建筑,明至清,113.66087308607848,34.163955793083026
第七批,临沣寨,古建筑,明至清,113.27093178634718,33.89993834315648
第七批,郑州清真寺,古建筑,清,113.67918795498797,34.76225700944808
第七批,密县县衙,古建筑,清,113.36803485853784,34.521602122235976
第七批,相国寺,古建筑,清,114.34814394966664,34.792232988318126
第七批,青龙宫,古建筑,清,113.38190634861752,35.13013417658048
第七批,西关清真寺,古建筑,清,113.05891297715392,35.17511883744077
第七批,许昌关帝庙,古建筑,清,113.78488344582458,34.027565428533144
第七批,镇平菩提寺,古建筑,清,112.27581423916796,33.13758589564819
第七批,邓城叶氏庄园,古建筑,清,114.47621624026048,33.663351825842746
第七批,郏县山陕会馆,古建筑,清,113.201802181694,33.98238925153492
第七批,西蒋村马氏庄园,古建筑,清至民国,114.15203299416576,36.15717880470286
第七批,庙上村地坑窑院,古建筑,清至民国,111.21307928692656,34.62159300139732
第七批,双城塔,古建筑,宋,114.65371857564568,31.43528160960293
第七批,无影塔,古建筑,宋,114.3361071622269,30.541901879548984
第七批,胜像宝塔,古建筑,元至明,114.31708058347088,30.561957567324733
第七批,郑公塔,古建筑,元至明,115.78268992530796,30.01593893523209
第七批,槐山矶驳岸,古建筑,明,114.32308899513504,30.383990807672348
第七批,白龙寺,古建筑,明,113.34648864672415,30.86444419795454
第七批,禹稷行宫,古建筑,清,114.2862423878632,30.564302881652843
第七批,杨家湾老屋,古建筑,清,111.0620289228151,30.83347304110644
第七批,百宝寨岩屋,古建筑,清,111.6800126646415,30.95714600004637
第七批,甘氏宗祠,古建筑,清,109.7165241565646,32.32635307816159
第七批,大丰仓,古建筑,清,110.81666152292078,32.81889899570392
第七批,上津古城,古建筑,清,110.04599534343257,33.14477292720926
第七批,万年台戏台,古建筑,清,115.2043241682433,30.28828750159475
第七批,沈鸿宾故居,古建筑,清,114.32405219962374,29.788524415084566
第七批,王明璠府第,古建筑,清,114.45521138176386,29.63192176791529
第七批,彭家寨古建筑群,古建筑,清,109.629295483055,29.67991179790648
第七批,湘桂古道永州段,古建筑,战国至民国,111.60222602675564,25.535614252265397
第七批,湘桂古道永州段,古建筑,战国至民国,111.58030057971864,25.19438249533149
第七批,湘桂古道永州段,古建筑,战国至民国,111.3450310129218,25.28243972048749
第七批,慈氏塔,古建筑,宋,113.09237840943922,29.37662887922532
第七批,花瓦寺塔,古建筑,宋,111.75982274690038,29.64156708396752
第七批,宝庆府古城墙,古建筑,宋至清,111.46464744102434,27.248851819003686
第七批,武冈城墙,古建筑,宋至清,110.63594458087532,26.73561673700504
第七批,绣衣坊（含范氏家庙和中丞公祠）,古建筑,明,113.68870160884856,25.555509917109784
第七批,廻龙塔,古建筑,明,111.6322370257698,26.23115198642995
第七批,云龙坊与王氏虚堂,古建筑,明,111.94721137931889,25.58009566908105
第七批,天心阁古城墙,古建筑,明,112.9825033558964,28.19281643100364
第七批,大渔村王氏宗祠,古建筑,明至清,112.514060026868,26.6704697925823
第七批,普光禅寺古建筑群,古建筑,明至清,110.49003001610409,29.133548198078078
第七批,龙溪李家大院,古建筑,明至清,112.03642940123449,26.492047369094244
第七批,涧岩头周家大院古建筑群,古建筑,明至清,111.51582652161169,26.029939900232897
第七批,夹山寺,古建筑,明至清,111.48618183446844,29.565878628880643
第七批,濂溪故里古建筑群,古建筑,明至清,111.51673269523188,25.515162712683065
第七批,荆坪村古建筑群,古建筑,明至清,109.94033382120166,27.431873014798256
第七批,澧州文庙,古建筑,明至清,111.7583436891405,29.641992942392992
第七批,澧州古城墙,古建筑,明至清,111.75982274690038,29.64156708396752
第七批,龙家大院,古建筑,明至民国,112.23228857931036,25.894295323924457
第七批,黔城古建筑群,古建筑,明至民国,109.83104631728332,27.21222300033052
第七批,汝城古祠堂群,古建筑,明至民国,113.5751335437684,25.556546791584967
第七批,洞口宗祠建筑群,古建筑,明至民国,110.57724370359178,27.064704211364678
第七批,星子宫古建筑群,古建筑,清,111.48978961000968,28.91175947665866
第七批,芷江天后宫,古建筑,清,109.68478279720505,27.447251851158647
第七批,荫家堂,古建筑,清,111.98092181202438,27.1505350367836
第七批,新化北塔,古建筑,清,111.30793674257632,27.76620267339508
第七批,浏阳文庙,古建筑,清,113.6348301198822,28.15331241356514
第七批,湘阴文庙,古建筑,清,112.89718965515569,28.685520320086564
第七批,北五省会馆,古建筑,清,112.91261989723354,27.86547671416836
第七批,岁圆楼古建筑群,古建筑,清,111.64351324260474,25.67432902899917
第七批,零陵文武双庙,古建筑,清,111.6322370257698,26.23115198642995
第七批,乾州文庙,古建筑,清,109.70175366951229,28.264847534836665
第七批,恭城书院,古建筑,清,109.63315850543012,26.32309412782077
第七批,芙蓉楼,古建筑,清,109.81723091877949,27.201725249631025
第七批,兵书阁与文星桥,古建筑,清,109.78588402418076,26.167546042688503
第七批,广利桥,古建筑,清,111.3181281449994,26.40160355906511
第七批,久安背翰林祠,古建筑,清,112.01726808553626,25.44415733785809
第七批,白衣观,古建筑,清,109.78588402418076,26.167546042688503
第七批,王船山故居及墓,古建筑,清,112.2108980405254,27.22955090323256
第七批,田家大院,古建筑,清,110.52237383644156,29.12658813401807
第七批,安化风雨桥,古建筑,清、民国,111.66301174149228,28.193386300853238
第七批,石堰坪古建筑群,古建筑,清、民国,110.88874507388016,29.05297416825436
第七批,南粤雄关与古道,古建筑,唐至明,114.34480098771373,25.335733816541527
第七批,文光塔,古建筑,宋至清,116.60461960694164,23.268078158659268
第七批,父子进士牌坊,古建筑,明,116.6825523811806,24.52217406507737
第七批,五仙观及岭南第一楼,古建筑,明至清,113.26093306526036,23.12925589171462
第七批,潮州老城古民居建筑群,古建筑,明至清,116.66077138624011,23.641152269539624
第七批,镇海楼与广州明城墙,古建筑,明至民国,113.25971529463573,23.126923268056327
第七批,南海神庙,古建筑,清,113.49907132759304,23.08925513730115
第七批,古榕武庙,古建筑,清,116.3609046812396,23.54787550326168
第七批,揭阳学宫,古建筑,清,116.35782748422524,23.54399505321688
第七批,清晖园,古建筑,清,113.25629879327715,22.84456080549677
第七批,长围村围屋,古建筑,清,114.06327849623848,24.961244316780903
第七批,茶东陈氏宗祠群,古建筑,清,113.53514827042277,22.52194938967425
第七批,大湾古建筑群,古建筑,清、民国,111.6375515509841,22.827804546016004
第七批,湘山寺塔群与石刻,古建筑,宋至清,111.06261402711364,25.943364443836977
第七批,永宁州城城墙,古建筑,明,109.9851066385994,24.988495925977546
第七批,大芦村古建筑群,古建筑,明至清,109.34379430348308,22.46093285635167
第七批,富川瑶族风雨桥群,古建筑,明至清,111.20256210972944,25.028436748168403
第七批,伏波庙,古建筑,清,108.31919633195432,22.809095794111787
第七批,和里三王宫,古建筑,清,109.48685998346464,25.746234841994927
第七批,惠爱桥,古建筑,清,109.20924468563044,21.6695965142012
第七批,西林岑氏家族建筑群,古建筑,清,105.09742377750749,24.49843279462657
第七批,斗柄塔,古建筑,明至清,110.60357210600198,20.095882954914163
第七批,文昌学宫,古建筑,清,110.99059823043169,19.65207291230637
第七批,崖城学宫,古建筑,清,109.16836391817458,18.378756995069686
第七批,独柏寺正殿,古建筑,元,105.96364919237796,30.148353252967176
第七批,重庆古城墙,古建筑,明,106.51661428554354,29.54726622705005
第七批,彭氏宗祠,古建筑,清,108.80667022437204,30.86432288475912
第七批,双桂堂,古建筑,清,107.70826490777434,30.61379026423362
第七批,离堆,古建筑,秦至清,103.77554045099916,29.546304391695536
第七批,灵岩寺及千佛塔,古建筑,唐至清,103.61849302197672,31.034844589390463
第七批,丹棱白塔,古建筑,宋,103.50689890298185,30.022365121329308
第七批,旧州塔,古建筑,宋,104.59736768497068,28.79867459783881
第七批,卓筒井,古建筑,宋,105.19956390150298,30.50222609140996
第七批,中江北塔,古建筑,宋,104.68157749346682,31.06325613630308
第七批,广安白塔,古建筑,宋,106.65179553297617,30.50127500283245
第七批,三江白塔,古建筑,宋,104.04679151397568,29.544832302156657
第七批,荣县镇南塔,古建筑,宋,104.4212675306908,29.453598885184785
第七批,白玉嘎托寺,古建筑,宋至元,98.83057729433214,31.217774674207774
第七批,报恩塔,古建筑,南宋,105.4545163652851,28.900042120854955
第七批,龙护舍利塔,古建筑,元,104.28735045799672,31.259591787806148
第七批,拉日马石板藏寨,古建筑,元至民国,100.69520365164566,30.831488780811288
第七批,楞严寺,古建筑,明,104.35017638357652,28.837364198838717
第七批,乡城夯土碉楼,古建筑,明,99.80355582704762,28.94016558307448
第七批,阆中观音寺,古建筑,明,106.0071202241148,31.548366557685675
第七批,龙居寺中殿,古建筑,明,104.26079960066347,30.929141032851252
第七批,甘泉寺,古建筑,明至清,104.2605306263443,30.10660686212176
第七批,开禧寺,古建筑,明至清,104.44769277332549,31.449665974598968
第七批,大藏寺,古建筑,明至清,102.23363942571724,32.14318941518529
第七批,甲扎尔甲山洞窟壁画,古建筑,明至清,102.2118407489538,31.91398342600441
第七批,慧严寺大殿,古建筑,明至清,105.6661219555219,30.457098137735095
第七批,慧剑寺,古建筑,明至清,104.22585894921068,31.12813303275113
第七批,泸县龙桥群,古建筑,明至清,105.38471246494,29.160609217370855
第七批,鱼泉寺,古建筑,明至清,105.01374421536778,31.49272263354005
第七批,潼川古城墙,古建筑,明至清,105.09152901162176,31.106371666961486
第七批,云台观,古建筑,明至清,105.0898715453596,30.792565641427284
第七批,尊胜寺,古建筑,明至清,105.01723462778656,31.1984935437838
第七批,饶益寺,古建筑,明至清,105.40442895804402,30.732547311744028
第七批,南溪城墙,古建筑,明至清,104.98959927800892,28.84821576335001
第七批,尧坝镇古建筑群,古建筑,明至清,105.64724584016976,28.74918385297402
第七批,西充文庙,古建筑,明至清,105.89603265378884,30.9941117648582
第七批,长青春科尔寺,古建筑,清,100.28119578713194,30.0110444464084
第七批,圣水寺,古建筑,清,105.04405604464132,29.601086494960224
第七批,噶丹桑披罗布岭寺,古建筑,清,99.79981276709113,28.946474399643023
第七批,马鞍寺,古建筑,清,105.0398866227604,31.479183499221328
第七批,宜宾大观楼,古建筑,清,104.6249211310668,28.77350866635466
第七批,蓬溪奎塔,古建筑,清,105.70977526581984,30.766285411763263
第七批,八邦寺,古建筑,清,98.80115016150005,31.655273857308725
第七批,青林口古建筑群,古建筑,清,105.1341086295038,32.024870587107664
第七批,盐神庙,古建筑,清,104.51350519114096,29.83910438007805
第七批,巴巴寺,古建筑,清,105.98088338271327,31.596192590366197
第七批,曾达关碉,古建筑,清,102.01954444402172,31.20553473897771
第七批,筹边楼,古建筑,清,103.31761567447268,31.560514071227527
第七批,沃日土司官寨经楼与碉,古建筑,清,102.5065676531405,31.032050419188423
第七批,灌口城隍庙,古建筑,清,103.61998274900506,31.00843925356168
第七批,奎光塔,古建筑,清,103.6379515974228,30.972998033438657
第七批,寿安陈家大院,古建筑,清,103.7439439341154,30.832237873623743
第七批,真佛山庙群,古建筑,清,107.59755405785924,31.048908387863595
第七批,渠县文庙,古建筑,清,106.97339196705764,30.845892812791444
第七批,川北道贡院,古建筑,清,105.97218804516132,31.58661581412458
第七批,名山文庙,古建筑,清,103.11392652736748,30.095708861081015
第七批,九襄石牌坊,古建筑,清,102.6281438389312,29.49723776139594
第七批,自贡桓侯宫,古建筑,清,104.7721049111936,29.35836690461504
第七批,青城山古建筑群,古建筑,清至民国,103.59936921052282,30.90809540813274
第七批,达扎寺,古建筑,清至民国,102.95989921462554,33.58238696311517
第七批,泸县屈氏庄园,古建筑,清至民国,105.45782495039144,29.28065360648507
第七批,高峰山古建筑群,古建筑,清至民国,105.65274552560818,30.92419361887948
第七批,鲍家屯水利工程,古建筑,明,106.1248782357318,26.332923358024832
第七批,镇远城墙,古建筑,明至清,108.43225779696444,27.061377583590104
第七批,安顺武庙,古建筑,明至清,105.9362103037394,26.25564152405484
第七批,隆里古建筑群,古建筑,明至清,109.10945190772787,26.422878054755724
第七批,石阡府文庙,古建筑,明至清,108.2351849910528,27.527216740901075
第七批,榕江大利村古建筑群,古建筑,明至清,108.6449027821834,26.04620835978176
第七批,楼上村古建筑群,古建筑,明至民国,108.1516482459349,27.459898686472595
第七批,岩门长官司城,古建筑,清,107.91951204846826,26.91492690023916
第七批,锦屏飞山庙,古建筑,清,109.1067825539168,26.42674354388905
第七批,高阡鼓楼,古建筑,清,108.70688532526763,25.92227696053898
第七批,宰俄鼓楼,古建筑,清,108.70688532526763,25.92227696053898
第七批,金勾风雨桥,古建筑,清,108.67007485531256,25.96273022964087
第七批,鲁屯牌坊群,古建筑,清,105.14058491866275,25.168486299099825
第七批,复兴江西会馆,古建筑,清,105.74631229283166,28.524932868077503
第七批,三门塘古建筑群,古建筑,清至民国,109.27252896442664,26.868378337796564
第七批,可渡关驿道,古建筑,秦至清,104.2810595055375,26.62677471791913
第七批,弘圣寺塔,古建筑,唐至宋,100.16263889244364,25.6943458466573
第七批,陆良大觉寺,古建筑,元、明,103.6722442600214,25.0307082184971
第七批,大觉宫壁画,古建筑,明,100.23135168521598,26.886706831784984
第七批,德丰寺,古建筑,明,101.24501264699042,25.5124192964058
第七批,等觉寺,古建筑,明,100.31230088948064,25.23632771336375
第七批,勐旺塔及西北塔,古建筑,明,100.07399564298971,23.89841390362848
第七批,楚雄文庙,古建筑,明至清,101.5533707890162,25.04289885679493
第七批,诺邓白族乡土建筑群,古建筑,明至清,99.3701505614881,25.90069638937187
第七批,侬氏土司衙署,古建筑,明至清,105.0586076662006,24.05484674928382
第七批,景谷傣族佛寺建筑群,古建筑,明至清,100.6278352804732,23.74296084405492
第七批,沘江古桥梁群,古建筑,明至民国,99.36541843667578,25.630737250476795
第七批,景风阁古建筑群,古建筑,清,99.904149383145,26.54327747534172
第七批,来鹤亭,古建筑,清,102.5224478224466,23.70713937300108
第七批,云南驿古建筑群,古建筑,清,100.69173587693506,25.397036471130573
第七批,大观楼,古建筑,清,102.67907710158944,25.03301946762033
第七批,绮罗文昌宫,古建筑,清,98.64763758978695,25.40996849441309
第七批,景东文庙,古建筑,清,100.83673795726352,24.456948379075147
第七批,星宿桥和丰裕桥,古建筑,清,101.53296049004814,25.054827787103456
第七批,郑氏宗祠,古建筑,清,102.41011720335317,23.752396165180965
第七批,建水朱家花园,古建筑,清,102.83203900847124,23.624939291187687
第七批,曼春满佛寺,古建筑,清,100.94782592590066,21.857629104286595
第七批,南诏镇古建筑群,古建筑,清,100.31432038999418,25.24665251155563
第七批,团山民居建筑群,古建筑,清至民国,102.7449381520716,23.652046217725157
第七批,石屏文庙建筑群,古建筑,清至民国,102.49782600946376,23.72401910291648
第七批,丽江普济寺,古建筑,清至民国,100.1870316972538,26.90665376473777
第七批,红河县东门楼及迤萨民居,古建筑,清至民国,102.42639381249016,23.37494377803296
第七批,仲嘎曲德寺,古建筑,宋、明,92.34201284320874,28.518351287369804
第七批,拉隆寺,古建筑,明,90.71548610583336,28.385788238022847
第七批,拉让宁巴,古建筑,明,91.14357811265307,29.66107087881517
第七批,昌都强巴林寺,古建筑,明,97.18406157324084,31.149663083724327
第七批,邦达仓,古建筑,明至清,91.14357811265307,29.66107087881517
第七批,贡嘎曲德寺,古建筑,明至清,90.8194651519774,29.273913510301
第七批,桑珠颇章,古建筑,清,91.1379647380342,29.65751326203558
第七批,帕巴寺,古建筑,清,85.33407904284253,28.40280215386101
第七批,冲赛康,古建筑,清,91.13905227656684,29.66037327642873
第七批,拉鲁颇章,古建筑,清,91.11692184816656,29.673389930056143
第七批,喜德寺,古建筑,清,91.13546833090642,29.662073463851648
第七批,达杰林寺,古建筑,清至民国,91.91067407839545,28.93555994326404
第七批,门孜康,古建筑,1916年,91.13482402596672,29.65881694906716
第七批,法源寺塔,古建筑,唐,109.35642014941035,34.951916433603444
第七批,慧彻寺南塔,古建筑,唐,109.5874774239664,34.962316306207505
第七批,净光寺塔,古建筑,唐,107.75261077590606,34.28178921773455
第七批,开元寺塔,古建筑,唐,109.37799355022544,35.99921424758201
第七批,罗山寺塔,古建筑,唐,110.14994673553528,35.24428928010755
第七批,清梵寺塔,古建筑,唐,108.48878183739065,34.31098839315378
第七批,报本寺塔,古建筑,宋,108.11217931612046,34.33994484316758
第七批,柏山寺塔,古建筑,宋,108.99748579143326,35.96668950782582
第七批,崇寿寺塔,古建筑,宋,109.5874774239664,34.962316306207505
第七批,重兴寺塔,古建筑,宋,109.0993261689201,35.120049056914304
第七批,大象寺塔,古建筑,宋,110.20102143211706,35.20248922670012
第七批,福严院塔,古建筑,宋,109.15804115426168,35.96007721501978
第七批,敬德塔,古建筑,宋,108.73616864997352,33.976464361363014
第七批,万凤塔,古建筑,宋,109.65950490687258,35.63065726969602
第七批,延昌寺塔,古建筑,宋,108.9250797462952,34.86813629824884
第七批,汉中东塔,古建筑,南宋,107.04028234439484,33.07955222143748
第七批,韩城九郎庙,古建筑,元,110.44094611483348,35.47099015734938
第七批,鸿门寺塔,古建筑,元,109.18658130394626,37.777595536145725
第七批,良马寺觉皇殿,古建筑,元,107.39464314736814,33.17037996754722
第七批,庆善寺大佛殿,古建筑,元,110.44049598601428,35.46764162544077
第七批,紫云观三清殿,古建筑,元,110.44399683715174,35.48228028044454
第七批,智果寺,古建筑,元、明至清,107.42996841026752,33.17963202270832
第七批,合阳文庙,古建筑,明,110.15020582488708,35.24383768174099
第七批,慧照寺塔,古建筑,明,109.51572638327762,34.73259569833194
第七批,七星庙,古建筑,明,110.9077212593986,39.091634211818175
第七批,武功城隍庙,古建筑,明,108.1169706458318,34.33795440949635
第七批,北杜铁塔,古建筑,明,108.73505594278556,34.468541104842146
第七批,大学习巷清真寺,古建筑,明至清,108.93749385903897,34.26979966558034
第七批,金台观,古建筑,明至清,107.15418408779458,34.38729377713907
第七批,勉县武侯祠,古建筑,明至民国,106.6382026220797,33.15767727327569
第七批,骡帮会馆,古建筑,清,110.06324246216045,33.24014935719404
第七批,桥上桥,古建筑,清,109.64221176949412,34.511525337951134
第七批,瓦房店会馆群,古建筑,清,108.45948875410176,32.51461760600071
第七批,毓秀桥,古建筑,清,110.43792155329484,35.46175505631878
第七批,绥德党氏庄园,古建筑,清至民国,110.3935620269876,37.46573401671962
第七批,塔儿庄塔,古建筑,五代,107.9299220002486,35.50845242937104
第七批,栗川砖塔,古建筑,宋,105.91777900434256,33.78814541102906
第七批,白马造像塔,古建筑,宋,107.736546795241,36.59497999277592
第七批,脚扎川万佛塔,古建筑,宋,108.22243329150024,36.63612273484717
第七批,环县塔,古建筑,宋,107.2943447876353,36.59043650642501
第七批,肖金塔,古建筑,宋,107.6538910536855,35.59074938287706
第七批,塔儿湾造像塔,古建筑,宋,108.02065275213276,35.8395328671964
第七批,双塔寺造像塔,古建筑,宋,108.49244084841594,36.38010448667566
第七批,崆峒山古建筑群,古建筑,宋、明至清,106.53065756922356,35.55630597667317
第七批,周旧邦木坊,古建筑,明,107.895541899237,35.998881982742994
第七批,洮州卫城,古建筑,明至清,103.35807871508408,34.69973290397215
第七批,威远楼,古建筑,明至清,104.64098432773692,35.010820171385305
第七批,兴隆山古建筑群,古建筑,明至清,107.45363392498436,36.82946379401309
第七批,青城古民居,古建筑,明至民国,104.19234403695135,36.33353181955393
第七批,五泉山建筑群,古建筑,明至民国,103.83047948558436,36.04446049039613
第七批,海藏寺,古建筑,明至民国,102.62524368001608,37.96151689335447
第七批,圣容寺,古建筑,明至民国,103.09304388382397,38.6273958491135
第七批,酒泉鼓楼,古建筑,清,98.51630040872789,39.7500384025005
第七批,兰州府城隍庙,古建筑,清,103.82655514568378,36.06725943815504
第七批,金天观,古建筑,清,103.8098042021026,36.066752651213264
第七批,夏琼寺,古建筑,元至清,101.88325728128343,36.15812885577502
第七批,文都寺及班禅大师故居,古建筑,元至清,102.49359247981263,35.85694810853367
第七批,旦斗寺,古建筑,明至清,102.52811280355075,35.911621519200914
第七批,佑宁寺,古建筑,明至清,102.18428289183176,36.76595218568803
第七批,洪水泉清真寺,古建筑,明至清,101.91108947384848,36.4848016909981
第七批,保安古屯田寨堡古建筑群,古建筑,明至清,102.02051980513512,35.526193687122465
第七批,东关清真大寺,古建筑,明至民国,101.80216545528133,36.62134584098727
第七批,赛宗寺,古建筑,明至民国,99.69957648189305,35.4770922732604
第七批,文昌庙,古建筑,清,101.3667979084451,35.70937421002256
第七批,珍珠寺,古建筑,清,101.4611956702176,36.0491750541034
第七批,拉加寺,古建筑,清,100.66108436498035,34.6954654270252
第七批,石藏寺,古建筑,清,100.91931151714844,34.736725002819504
第七批,阿河滩清真寺,古建筑,清,102.34777220417608,35.89049309073092
第七批,撒拉族清真寺古建筑群,古建筑,清,102.68302864363338,35.800307027268126
第七批,湟源城隍庙,古建筑,清至民国,101.26183302312012,36.68389352902656
第七批,宏佛塔,古建筑,宋,106.43365653564412,38.57830695970467
第七批,康济寺塔,古建筑,宋、明,106.4832725616316,37.28663788967256
第七批,鸣沙洲塔,古建筑,明,105.86917409985,37.55940875672765
第七批,银川玉皇阁,古建筑,清,106.28623149437888,38.47038902125658
第七批,纳家户清真寺,古建筑,清,106.24329993719482,38.288141737287134
第七批,田州塔,古建筑,清,106.48331458871256,38.75545575693784
第七批,平罗玉皇阁,古建筑,清至民国,106.54668852403012,38.916941740238215
第七批,中卫高庙,古建筑,清至民国,105.21515995202576,37.51374042200768
第七批,巴仑台黄庙古建筑群,古建筑,清,86.31749588480794,42.75389138826892
第七批,拜吐拉清真寺宣礼塔,古建筑,清,81.32834037075985,43.900749947464966
第七批,哈纳喀及赛提喀玛勒清真寺宣礼塔,古建筑,清,82.99032937107438,46.756629294677005
第七批,惠远钟鼓楼,古建筑,清,80.91123710155051,43.99876124652686
第七批,库车大寺,古建筑,清,82.93083457122192,41.72603117620053
第七批,纳达齐牛录关帝庙,古建筑,清,81.16474494239682,43.8399160765122
第七批,莎车加满清真寺,古建筑,清,77.26700789532842,38.41813428493758
第七批,伊宁陕西大寺,古建筑,清,81.28131171493686,43.91411294249684
第七批,乌鲁木齐陕西大寺大殿,古建筑,清,87.63552650902442,43.79902646343847
第七批,朱山石刻,石窟寺及石刻,汉、唐,114.48787074333542,36.77892287565073
第七批,封龙山石窟,石窟寺及石刻,南北朝至明,114.52669008745342,37.77171961905085
第七批,水浴寺石窟,石窟寺及石刻,南北朝至明,114.20798606203176,36.539019715042656
第七批,八会寺刻经,石窟寺及石刻,隋,114.74538948174356,38.627713094371344
第七批,邢台道德经幢,石窟寺及石刻,唐,114.50558371271474,37.07622436885933
第七批,卧佛寺摩崖造像,石窟寺及石刻,北宋,114.8522701542058,38.88923096994395
第七批,法华洞石窟,石窟寺及石刻,宋至清,113.98545637895126,36.675574676068585
第七批,瑜伽山摩崖造像,石窟寺及石刻,宋、明,113.80411737579304,38.22541111692191
第七批,木兰围场御制碑、摩崖石刻,石窟寺及石刻,清,117.49447414025866,42.3245319584962
第七批,木兰围场御制碑、摩崖石刻,石窟寺及石刻,清,117.73884170942556,41.31793068323187
第七批,开河寺石窟,石窟寺及石刻,南北朝至隋,113.68736221290482,37.85411972016714
第七批,石马寺石窟,石窟寺及石刻,南北朝至唐,113.62501583292224,37.53021434532879
第七批,七里脚千佛洞石窟,石窟寺及石刻,南北朝至唐,110.97172542699256,36.76423590317584
第七批,南涅水石刻,石窟寺及石刻,南北朝至宋,112.70179530898255,36.74972286240436
第七批,桌子山岩画群,石窟寺及石刻,新石器时代,106.98974411440032,39.64063154309076
第七批,桌子山岩画群,石窟寺及石刻,新石器时代,106.79563732704236,39.66107202725664
第七批,克什克腾岩画群,石窟寺及石刻,新石器时代至南北朝,117.54488129225636,43.26860846375259
第七批,曼德拉山岩画群,石窟寺及石刻,新石器时代至清,103.8660427103364,40.01632553180095
第七批,广化寺造像,石窟寺及石刻,明至清,111.16286303129988,40.73384468959601
第七批,庆云摩崖石刻,石窟寺及石刻,金,125.4421751639163,42.288407984101525
第七批,清追封和硕忠亲王碑,石窟寺及石刻,清,124.82418310032894,45.12145985153209
第七批,东连岛东海琅琊郡界域刻石,石窟寺及石刻,汉,119.34091533449642,34.7660994647255
第七批,惠山寺经幢,石窟寺及石刻,唐、宋,120.27134116965848,31.58757481367144
第七批,郁林观石刻群,石窟寺及石刻,唐至清,119.16377636197691,34.57842370348964
第七批,第一山题刻,石窟寺及石刻,宋至民国,118.53135927812288,33.01853041897307
第七批,阳山碑材,石窟寺及石刻,明,119.00525887741692,32.07183932654177
第七批,仙居古越族岩画群,石窟寺及石刻,春秋战国,120.56790801625476,28.74804386270769
第七批,南明山摩崖题刻,石窟寺及石刻,晋至民国,119.86644098254018,28.43572073722509
第七批,大佛寺石弥勒像和千佛岩造像,石窟寺及石刻,南北朝,120.89850933905107,29.50095236141346
第七批,石门洞摩崖题刻,石窟寺及石刻,南北朝至民国,120.11658997522284,28.283629849221327
第七批,龙兴寺经幢,石窟寺及石刻,唐,120.16521621758704,30.272501043037657
第七批,惠力寺经幢,石窟寺及石刻,唐,120.6952490554156,30.53799923659596
第七批,柯岩造像及摩崖题刻,石窟寺及石刻,宋、清,120.4820685703166,30.05552161473383
第七批,南山造像,石窟寺及石刻,元,119.96097826848478,30.40227367851036
第七批,琅琊山摩崖石刻及碑刻,石窟寺及石刻,唐至民国,118.4180053566276,32.20802681948873
第七批,浮山摩崖石刻,石窟寺及石刻,唐至民国,117.28388903159248,30.92528191851381
第七批,齐山摩崖石刻,石窟寺及石刻,唐至民国,117.5047836127722,30.643641927298933
第七批,黄山摩崖石刻群,石窟寺及石刻,唐至中华人民共和国,118.175514000475,30.10990392045057
第七批,仙字潭摩崖石刻,石窟寺及石刻,新石器时代至周,117.58423217160372,24.716556157767187
第七批,乌石山、于山摩崖石刻及造像,石窟寺及石刻,唐至中华人民共和国,119.3116211972648,26.08728379319733
第七批,西资寺石佛造像,石窟寺及石刻,宋,118.59589830449214,24.551855777607702
第七批,南天寺石佛造像和摩崖石刻,石窟寺及石刻,宋、明,118.50033305666766,24.68975513180284
第七批,罗田岩石刻,石窟寺及石刻,北宋至民国,115.4188497675471,25.93703152415791
第七批,南岩石窟,石窟寺及石刻,宋,117.4445087837282,28.39973271465746
第七批,皇圣卿阙、功曹阙,石窟寺及石刻,汉,117.61555756707618,35.523399459876366
第七批,丈八佛,石窟寺及石刻,南北朝,118.23299346651476,37.09551748291883
第七批,长清莲花洞石窟造像,石窟寺及石刻,南北朝至唐,116.83632820111433,36.45632268962089
第七批,棘梁山石刻,石窟寺及石刻,南北朝至宋,116.47196089299764,35.94184710349868
第七批,景灵宫碑,石窟寺及石刻,宋,116.98771956341815,35.58752833179364
第七批,大泽山石刻及智藏寺墓塔林,石窟寺及石刻,宋至民国,119.92603188665716,36.99406500078553
第七批,萧大亨墓地石刻,石窟寺及石刻,明,117.04257565732765,36.19309535722909
第七批,水泉石窟,石窟寺及石刻,南北朝,112.6574652485459,34.53000435887711
第七批,万佛山石窟,石窟寺及石刻,南北朝,112.45410046362376,34.626989743189334
第七批,田迈造像,石窟寺及石刻,南北朝,114.27494529021088,35.65868280035288
第七批,禅静寺造像碑,石窟寺及石刻,南北朝,113.81467577685449,34.20299241381012
第七批,洪谷寺塔与千佛洞石窟,石窟寺及石刻,南北朝至明,113.70900051273644,36.01382010117002
第七批,香泉寺石窟,石窟寺及石刻,南北朝至清,113.975682924548,35.56148623946318
第七批,窄涧谷太平寺石窟,石窟寺及石刻,南北朝至清,112.91638765366484,35.1082300598101
第七批,尊胜陀罗尼经幢,石窟寺及石刻,唐,113.86648584639588,35.30903634064805
第七批,陀罗尼经幢,石窟寺及石刻,五代,114.07518654957744,35.41368868323197
第七批,大宋新修会圣宫铭碑,石窟寺及石刻,北宋,112.90551289699287,34.71788755651674
第七批,新乡文庙大观圣作之碑,石窟寺及石刻,北宋,113.87571953786484,35.31100390765224
第七批,佛沟摩崖造像,石窟寺及石刻,宋,113.37509523020756,33.11973028645523
第七批,水南关清真寺阿文碑,石窟寺及石刻,元,112.9481474213144,35.110180958225705
第七批,慈云寺石刻,石窟寺及石刻,元至清,113.0220705361273,34.755030513114306
第七批,赤壁摩崖石刻,石窟寺及石刻,宋、明、清,113.62554255350302,29.891052481255585
第七批,李曾伯纪功铭,石窟寺及石刻,南宋,112.13811723989896,32.0131615462526
第七批,侍郎坦摩崖石刻群,石窟寺及石刻,南北朝至清,113.15905991983826,26.07607977499516
第七批,南岳摩崖石刻,石窟寺及石刻,南北朝至民国,112.70069447634708,27.299724233565676
第七批,朝阳岩石刻,石窟寺及石刻,唐至民国,111.3713146312994,25.916654954539904
第七批,苏仙岭摩崖石刻群,石窟寺及石刻,唐至民国,113.04453957362476,25.80534844546607
第七批,禹王碑,石窟寺及石刻,宋,112.93199964380922,28.244998473507557
第七批,淡岩石刻,石窟寺及石刻,宋至民国,111.61659944785904,26.1232304052515
第七批,龙龛岩摩崖石刻,石窟寺及石刻,唐、清、民国,111.73021332490508,22.724840739721746
第七批,丹霞山摩崖石刻,石窟寺及石刻,宋至民国,113.75965572854878,25.053202798745087
第七批,百寿岩石刻,石窟寺及石刻,宋至民国,109.78526852343826,25.173324475802502
第七批,会仙山摩崖石刻,石窟寺及石刻,宋至民国,108.67174077672055,24.51347896835324
第七批,石门大佛寺摩崖造像,石窟寺及石刻,宋至元,106.03426741803509,29.10690268614016
第七批,瞿塘峡摩崖石刻,石窟寺及石刻,南宋至民国,109.59581810142264,31.04079752822959
第七批,弹子石摩崖造像,石窟寺及石刻,元至清,105.71423783191362,29.72072725861341
第七批,北周文王碑及摩崖造像,石窟寺及石刻,南北朝至清,104.3306436442247,30.540092337403287
第七批,鹤鸣山道教石窟寺及石刻,石窟寺及石刻,南北朝至民国,105.527994728894,32.29585425899581
第七批,睏佛寺摩崖造像,石窟寺及石刻,隋至宋,105.02433088541912,30.28493689570297
第七批,冲相寺摩崖造像,石窟寺及石刻,隋至清,106.91560143278406,30.71405666788685
第七批,郑山、刘嘴摩崖造像,石窟寺及石刻,唐,103.41884250266332,30.039278828160093
第七批,碧水寺摩崖造像,石窟寺及石刻,唐,104.75912981430848,31.48133522323517
第七批,禹迹山摩崖造像,石窟寺及石刻,唐,106.03960986786797,31.35578771851657
第七批,半月山摩崖造像,石窟寺及石刻,唐,104.58568597169284,29.98835829700269
第七批,白乳溪石窟,石窟寺及石刻,唐,107.24135903936302,31.799674905085126
第七批,能仁寺摩崖造像,石窟寺及石刻,唐至宋,104.40166826800528,29.95288142832248
第七批,穆日玛尼石经墙,石窟寺及石刻,唐至清,98.15926426009727,33.18613069548804
第七批,中岩寺摩崖造像,石窟寺及石刻,唐至清,103.84457046564216,29.769587483790158
第七批,大像山摩崖造像,石窟寺及石刻,唐至清,106.00768979249536,31.56620328124638
第七批,翔龙山摩崖造像,石窟寺及石刻,唐至民国,105.06237199631089,29.588645642590333
第七批,玉蟾山摩崖造像,石窟寺及石刻,宋至明,105.38471246494,29.160609217370855
第七批,冒水村摩崖造像,石窟寺及石刻,宋至清,104.07957693926288,29.97453150877333
第七批,清凉洞摩崖造像,石窟寺及石刻,明,105.32742352123216,28.37335095927046
第七批,敖氏和罗氏墓群石刻,石窟寺及石刻,清,105.94433857179004,27.66738875207106
第七批,金沙江岩画,石窟寺及石刻,旧石器时代至新石器时代,99.79107461341788,27.19931855592732
第七批,金沙江岩画,石窟寺及石刻,旧石器时代至新石器时代,99.6203595077926,27.41371695379588
第七批,大王岩岩画,石窟寺及石刻,新石器时代至周,104.71211755344396,23.13343652693309
第七批,观音阁石刻造像,石窟寺及石刻,北宋、清,100.75632052728518,26.69351778749315
第七批,其多山洞穴岩画,石窟寺及石刻,新石器时代至唐,90.27807822650792,30.812678267255155
第七批,宜君石窟群,石窟寺及石刻,南北朝至唐,109.11827094281814,35.40482458236864
第七批,清凉山万佛洞石窟及琉璃塔,石窟寺及石刻,宋、元、明,109.48986565214194,36.60757917580935
第七批,大黑沟岩画,石窟寺及石刻,战国至汉,97.13901723895688,39.60836172481388
第七批,黑山岩画,石窟寺及石刻,战国至明,98.29559085902784,39.77711705990348
第七批,石拱寺石窟,石窟寺及石刻,北魏至隋,106.66548090686116,35.079384671127535
第七批,五个庙石窟,石窟寺及石刻,南北朝、五代、宋,94.7871460266058,39.656477206486414
第七批,石空寺石窟,石窟寺及石刻,宋至明,107.2294490264578,35.667771745565695
第七批,和日寺石经墙及和日寺,石窟寺及石刻,清,101.47160144569789,35.04285239060683
第七批,康家石门子岩雕刻画,石窟寺及石刻,周,86.34964060145536,43.83818032938501
第七批,伯西哈石窟,石窟寺及石刻,唐至宋,89.53051769610006,42.981871605447935
第七批,东堂,近现代重要史迹及代表性建筑,清,116.40318080849174,39.94249433745215
第七批,基督教中华圣公会教堂,近现代重要史迹及代表性建筑,清,116.36628939154949,39.91673763977564
第七批,京张铁路南口段至八达岭段,近现代重要史迹及代表性建筑,清至民国,116.13342471083288,40.23807681824247
第七批,京张铁路南口段至八达岭段,近现代重要史迹及代表性建筑,清至民国,116.00459334468772,40.36287294117819
第七批,通州近代学校建筑群,近现代重要史迹及代表性建筑,清至民国,116.65076481503648,39.8888748634179
第七批,西交民巷近代银行建筑群,近现代重要史迹及代表性建筑,清至民国,116.39209736833588,39.9066144508611
第七批,辅仁大学本部旧址,近现代重要史迹及代表性建筑,清至民国,116.38427810945888,39.94083687366772
第七批,盛新中学与佑贞女中旧址,近现代重要史迹及代表性建筑,民国,116.38620224135332,39.93753867782178
第七批,四九一电台旧址,近现代重要史迹及代表性建筑,1918年,116.58159663250188,39.89366643800942
第七批,李大钊旧居,近现代重要史迹及代表性建筑,1920～1924年,116.36622583146888,39.90927048251078
第七批,长辛店二七大罢工旧址,近现代重要史迹及代表性建筑,1923年,116.20795606989796,39.82795909585363
第七批,基督教中华圣经会北京分会旧址,近现代重要史迹及代表性建筑,1928年,116.41584358880829,39.91386015073111
第七批,北京大学地质学馆旧址,近现代重要史迹及代表性建筑,1935年,116.41616648199614,39.933430910974415
第七批,焦庄户地道战遗址,近现代重要史迹及代表性建筑,1943年,116.6554980282095,40.13522692383927
第七批,梅兰芳旧居,近现代重要史迹及代表性建筑,1951～1961年,116.36628939154949,39.91673763977564
第七批,北洋水师大沽船坞遗址,近现代重要史迹及代表性建筑,清,117.66768347829765,38.99090391008728
第七批,塘沽火车站旧址,近现代重要史迹及代表性建筑,清,117.67493252602152,39.01883455805693
第七批,北洋大学堂旧址,近现代重要史迹及代表性建筑,1902年,117.17852227711572,39.18341779681161
第七批,马可波罗广场建筑群,近现代重要史迹及代表性建筑,1908～1924年,117.1989540814756,39.13926043561799
第七批,天津西站主楼,近现代重要史迹及代表性建筑,1910年,117.16369090725988,39.16427408544068
第七批,天津五大道近代建筑群,近现代重要史迹及代表性建筑,民国,117.21117261104058,39.11772692746329
第七批,谦祥益绸缎庄旧址,近现代重要史迹及代表性建筑,1917年,117.1511309815574,39.17214803751726
第七批,黄海化学工业研究社旧址,近现代重要史迹及代表性建筑,1922年,117.67144776110634,39.02068481380644
第七批,天津工商学院主楼旧址,近现代重要史迹及代表性建筑,1924年,117.2086678236998,39.11402044553273
第七批,马厂炮台,近现代重要史迹及代表性建筑,清,116.86583917847652,38.68243053696374
第七批,开滦唐山矿早期工业遗存,近现代重要史迹及代表性建筑,清,118.18742985901774,39.628863659450005
第七批,滦河铁桥,近现代重要史迹及代表性建筑,清,118.70445815438666,39.74588416331389
第七批,察哈尔民主政府旧址,近现代重要史迹及代表性建筑,清至民国,115.09936055584956,40.61409400882866
第七批,直隶审判厅旧址,近现代重要史迹及代表性建筑,清至民国,115.49447794268168,38.870874190070815
第七批,秦皇岛港口近代建筑群,近现代重要史迹及代表性建筑,清至民国,119.56538529974593,39.952180527899486
第七批,光园,近现代重要史迹及代表性建筑,民国,115.3137453265088,39.5940685403406
第七批,正丰矿工业建筑群,近现代重要史迹及代表性建筑,民国,114.06211082160752,38.06975190824611
第七批,大名天主堂,近现代重要史迹及代表性建筑,1921年,115.13637438960734,36.44708166628833
第七批,耀华玻璃厂旧址,近现代重要史迹及代表性建筑,1922年,119.52970170786124,40.02838340495494
第七批,光明戏院,近现代重要史迹及代表性建筑,1934年,116.09539835079698,38.44233857129144
第七批,晋冀鲁豫边区政府旧址,近现代重要史迹及代表性建筑,1942～1945年,113.62687683106826,36.62350672052567
第七批,晋察冀军区司令部旧址,近现代重要史迹及代表性建筑,1945～1946年,114.88936199105842,40.81188705092912
第七批,中国人民银行总行旧址,近现代重要史迹及代表性建筑,1948年,114.48422819405587,38.054310555297455
第七批,山西铭贤学校旧址,近现代重要史迹及代表性建筑,清至民国,112.58247556864612,37.42954624167437
第七批,山西大学堂旧址,近现代重要史迹及代表性建筑,1904年,112.5775034698986,37.868583317189966
第七批,太原天主堂,近现代重要史迹及代表性建筑,1905年,112.56277849915476,37.88974650441956
第七批,阎家大院,近现代重要史迹及代表性建筑,民国,113.1098403496526,38.59448032199212
第七批,中共太原支部旧址,近现代重要史迹及代表性建筑,1924年,112.5702925286002,37.86972483719654
第七批,孔家大院,近现代重要史迹及代表性建筑,1925年,112.75310178004982,37.69216027471154
第七批,南茹八路军总部旧址,近现代重要史迹及代表性建筑,1937年,113.3691326076298,38.73977106803172
第七批,太岳军区司令部旧址,近现代重要史迹及代表性建筑,1940～1942年,112.35048429001084,36.44078341875149
第七批,大寨人民公社旧址,近现代重要史迹及代表性建筑,1966年,113.72027357155494,37.57433527673148
第七批,呼和浩特天主教堂,近现代重要史迹及代表性建筑,1924年,111.65346731936134,40.8163093277929
第七批,侵华日军阿尔山要塞遗址,近现代重要史迹及代表性建筑,1935～1944年,120.53812163275808,47.39229171195655
第七批,巴彦汗日本毒气实验场遗址,近现代重要史迹及代表性建筑,1940年,119.7540129228688,49.15110459653012
第七批,中国共产党内蒙古工作委员会办公旧址,近现代重要史迹及代表性建筑,1947年,122.06469838198292,46.08821535162832
第七批,本溪湖工业遗产群,近现代重要史迹及代表性建筑,清至民国,123.75669301129687,41.3427338654787
第七批,南子弹库旧址,近现代重要史迹及代表性建筑,1884年,121.26340972518308,38.85590986276785
第七批,旅顺船坞旧址,近现代重要史迹及代表性建筑,1890年,121.14960527169563,38.82148516275894
第七批,老铁山灯塔,近现代重要史迹及代表性建筑,1893年,121.14174509119132,38.7329241711049
第七批,甲午战争田庄台遗址,近现代重要史迹及代表性建筑,1895年,122.12172041369924,40.828698554827774
第七批,关东州总督府旧址,近现代重要史迹及代表性建筑,1899年,121.26340972518308,38.85590986276785
第七批,旅顺红十字医院旧址,近现代重要史迹及代表性建筑,1900年,121.14960527169563,38.82148516275894
第七批,营口俄国领事馆旧址,近现代重要史迹及代表性建筑,1900年,122.2395208768802,40.68180923293786
第七批,关东州厅旧址,近现代重要史迹及代表性建筑,1906年,121.23979590358051,38.81257845738155
第七批,元帅林,近现代重要史迹及代表性建筑,民国,123.91588127870222,41.88494005237274
第七批,沈阳天主堂,近现代重要史迹及代表性建筑,1912年,123.4594017987771,41.799912234504056
第七批,沈阳中山广场建筑群,近现代重要史迹及代表性建筑,1913～1937年,123.41195093205496,41.80021273887702
第七批,侵华日军关东军司令部旧址,近现代重要史迹及代表性建筑,1919年,121.2352604006744,38.81512851067909
第七批,辽宁总站旧址,近现代重要史迹及代表性建筑,1930年,123.42728281783808,41.81415518087033
第七批,奉海铁路局旧址,近现代重要史迹及代表性建筑,1931年,123.50171083342326,41.82755309143891
第七批,沈阳二战盟军战俘营旧址,近现代重要史迹及代表性建筑,1942～1945年,123.4921431387107,41.81310982287068
第七批,抗美援朝下河口公路断桥遗址,近现代重要史迹及代表性建筑,1950年,124.796919013696,40.414407169603365
第七批,雷锋墓和雷锋纪念碑,近现代重要史迹及代表性建筑,1964年,123.78467621814728,41.85678854132412
第七批,宝泉涌酒坊,近现代重要史迹及代表性建筑,清,125.75943128466317,41.68337821858746
第七批,吉长道尹公署旧址,近现代重要史迹及代表性建筑,1909年,125.33971187566355,43.905558691243485
第七批,吉林天主教堂,近现代重要史迹及代表性建筑,1926年,126.56503223666402,43.84290842113081
第七批,吉海铁路总站旧址,近现代重要史迹及代表性建筑,1929年,126.51160042324162,43.820864472061466
第七批,吉林大学教学楼旧址,近现代重要史迹及代表性建筑,1929年,126.50440135438828,43.82733056187578
第七批,辽源矿工墓,近现代重要史迹及代表性建筑,1931年,125.14899226941878,42.930792760935184
第七批,伪满皇宫及日伪军政机构旧址,近现代重要史迹及代表性建筑,1932～1945年,125.34878685916024,43.908833546330136
第七批,伪满皇宫及日伪军政机构旧址,近现代重要史迹及代表性建筑,1932～1945年,125.28896309550328,43.83825243226113
第七批,通化葡萄酒厂地下贮酒窖,近现代重要史迹及代表性建筑,1937～1983年,125.92794861859949,41.706252138124086
第七批,伪满洲国中央银行旧址,近现代重要史迹及代表性建筑,1938年,125.3231851399681,43.89195196956972
第七批,长春电影制片厂早期建筑,近现代重要史迹及代表性建筑,1939年,125.2923274290643,43.86754322493278
第七批,长春第一汽车制造厂早期建筑,近现代重要史迹及代表性建筑,1956年,125.25605012447396,43.88448188797839
第七批,马迭尔宾馆,近现代重要史迹及代表性建筑,1906年,126.62015165999874,45.77743368140796
第七批,哈尔滨犹太人活动旧址群,近现代重要史迹及代表性建筑,1909～1949年,126.66957648706423,45.76385701214247
第七批,黑龙江督军署旧址,近现代重要史迹及代表性建筑,1912年,123.95613259535293,47.361314515733056
第七批,黑龙江省图书馆旧址,近现代重要史迹及代表性建筑,1930年,123.91801355024948,47.35793052541971
第七批,伪满洲国哈尔滨警察厅旧址,近现代重要史迹及代表性建筑,1933年,126.63551009528128,45.7650394781367
第七批,东北民主联军前线指挥部旧址,近现代重要史迹及代表性建筑,1946年,126.3133401396762,45.38590007288524
第七批,铁人一口井井址,近现代重要史迹及代表性建筑,1960年,124.89108608852204,46.402605959548126
第七批,杨树浦水厂,近现代重要史迹及代表性建筑,1883年,121.52819835934748,31.2676204433944
第七批,佘山天文台,近现代重要史迹及代表性建筑,1900年,121.19528657974504,31.102791564015988
第七批,提篮桥监狱早期建筑,近现代重要史迹及代表性建筑,1903年,121.51108867537752,31.26240849432175
第七批,徐家汇天主堂,近现代重要史迹及代表性建筑,1910年,121.44779018297412,31.199680017256544
第七批,中国共产党第二次全国代表大会会址,近现代重要史迹及代表性建筑,1922年,121.44884876967647,31.2357356902558
第七批,黄山炮台旧址,近现代重要史迹及代表性建筑,明至民国,120.28898358960252,31.94024331724518
第七批,小娄巷建筑群,近现代重要史迹及代表性建筑,明至民国,120.30773679050102,31.58281198835263
第七批,金陵刻经处,近现代重要史迹及代表性建筑,清,118.79229720287722,32.04540768710071
第七批,刘氏兄弟故居,近现代重要史迹及代表性建筑,清,120.26530454287152,31.91217091727662
第七批,东吴大学旧址,近现代重要史迹及代表性建筑,清至民国,120.64321982218216,31.311004552018453
第七批,金陵兵工厂旧址,近现代重要史迹及代表性建筑,清至民国,118.79523141539087,32.04721639795199
第七批,浦口火车站旧址,近现代重要史迹及代表性建筑,清至民国,118.72147027205928,32.104599357256625
第七批,韩公馆,近现代重要史迹及代表性建筑,1906年,120.46554589944564,32.55547671096883
第七批,孙中山临时大总统府及南京国民政府建筑遗存,近现代重要史迹及代表性建筑,1912～1949年,118.88993277831034,32.10483945164099
第七批,无锡县商会旧址,近现代重要史迹及代表性建筑,1915年,120.30423130097152,31.590095583905317
第七批,秦邦宪旧居,近现代重要史迹及代表性建筑,1916～1921年,120.2254020411496,31.534591677812024
第七批,通崇海泰总商会大楼,近现代重要史迹及代表性建筑,1920年,120.85896588267973,32.01795891538871
第七批,北极阁气象台旧址,近现代重要史迹及代表性建筑,1928年,118.7924351802596,32.06782198161787
第七批,中央陆军军官学校旧址,近现代重要史迹及代表性建筑,1928年,118.79924313165208,32.056843149353334
第七批,励志社旧址,近现代重要史迹及代表性建筑,1929～1931年,118.81320619500124,32.04898004861576
第七批,国民政府中央广播电台旧址,近现代重要史迹及代表性建筑,1932年,118.73331295531044,32.044477220389844
第七批,国立中央研究院旧址,近现代重要史迹及代表性建筑,1933～1935年,118.79595508723708,32.06720451593179
第七批,拉贝旧居,近现代重要史迹及代表性建筑,1934～1938年,118.78453886377922,32.05892500209062
第七批,天香小筑,近现代重要史迹及代表性建筑,1935年,120.62605568648048,31.307996667416997
第七批,新四军江南指挥部旧址,近现代重要史迹及代表性建筑,1939年,119.35131686554426,31.84036092271966
第七批,黄桥战斗旧址,近现代重要史迹及代表性建筑,1940年,120.23663430927584,32.24206733469284
第七批,美国驻华使馆旧址,近现代重要史迹及代表性建筑,1946年,118.77130563858032,32.07445804919123
第七批,英国驻华使馆旧址,近现代重要史迹及代表性建筑,1946年,118.77130563858032,32.07445804919123
第七批,茂新面粉厂旧址,近现代重要史迹及代表性建筑,1946年,120.29476271312932,31.577433032053527
第七批,国民党江阴要塞司令部旧址,近现代重要史迹及代表性建筑,1947年,120.27800670121324,31.91326380763931
第七批,乍浦炮台,近现代重要史迹及代表性建筑,清,121.10062473020464,30.599453592217092
第七批,春晖中学旧址,近现代重要史迹及代表性建筑,清至民国,120.92577587418307,30.03637097261158
第七批,仓前粮仓,近现代重要史迹及代表性建筑,清至中华人民共和国,120.00889324680438,30.300537908305976
第七批,尊德堂,近现代重要史迹及代表性建筑,1877年,120.41998616233732,30.857313431324005
第七批,嘉兴文生修道院与天主堂,近现代重要史迹及代表性建筑,1903年、1930年,120.75995017140072,30.784897843861987
第七批,锦堂学校旧址,近现代重要史迹及代表性建筑,1909年,121.42792600536936,30.194718529463422
第七批,浙江兴业银行旧址,近现代重要史迹及代表性建筑,1923年,120.17228114123358,30.25527281196138
第七批,坎门验潮所,近现代重要史迹及代表性建筑,1929年,121.2902195249013,28.095565102160197
第七批,红十三军军部旧址,近现代重要史迹及代表性建筑,1930年,120.68447370588756,28.15976958716758
第七批,曹娥庙,近现代重要史迹及代表性建筑,1936年,120.87375864611435,30.000296047911107
第七批,浙江大学龙泉分校旧址,近现代重要史迹及代表性建筑,1939年,118.99972865670853,27.945697905684668
第七批,李氏家族旧宅,近现代重要史迹及代表性建筑,清,117.29219866086156,31.8719164333048
第七批,洪家大屋,近现代重要史迹及代表性建筑,清,117.71806241112677,29.862858402371305
第七批,芜湖天主堂,近现代重要史迹及代表性建筑,清至民国,118.38719179091702,31.34770207835059
第七批,英驻芜领事署旧址,近现代重要史迹及代表性建筑,清至民国,118.36796526907146,31.3392599828458
第七批,安徽大学红楼及敬敷书院旧址,近现代重要史迹及代表性建筑,清至民国,117.0351482043439,30.52056771302096
第七批,安庆天主堂,近现代重要史迹及代表性建筑,1893年,117.04964472164798,30.51445917272588
第七批,怀远教会建筑旧址,近现代重要史迹及代表性建筑,1903年、1909年,117.21265201399146,32.980816279324856
第七批,王稼祥故居,近现代重要史迹及代表性建筑,1906年,118.06061416284668,30.55419040657424
第七批,圣雅各中学旧址,近现代重要史迹及代表性建筑,1910～1936年,118.38719179091702,31.34770207835059
第七批,岩寺新四军军部旧址,近现代重要史迹及代表性建筑,1938年,118.35009223625474,29.83632647486249
第七批,侵华日军淮南罪证遗址,近现代重要史迹及代表性建筑,1938～1943年,117.10617170556502,32.55488007585135
第七批,陈独秀墓,近现代重要史迹及代表性建筑,1947年,117.00366204591982,30.58220941987668
第七批,安徽省博物馆陈列展览大楼,近现代重要史迹及代表性建筑,1956年,117.26595355764135,31.886898953894768
第七批,亭江炮台,近现代重要史迹及代表性建筑,清,119.51516401924448,26.06812003949724
第七批,林则徐宅与祠,近现代重要史迹及代表性建筑,清,119.3056669160136,26.09120166266697
第七批,福建戍守台湾将士墓群,近现代重要史迹及代表性建筑,清,120.2191710555208,27.33372994240033
第七批,福建戍守台湾将士墓群,近现代重要史迹及代表性建筑,清,119.50066953496923,26.053631907915765
第七批,福建戍守台湾将士墓群,近现代重要史迹及代表性建筑,清,117.4315057135304,23.709312119029377
第七批,临江楼,近现代重要史迹及代表性建筑,1929年,116.41866814775004,25.05628204489004
第七批,闽西工农银行旧址,近现代重要史迹及代表性建筑,1930年,117.03700568317056,25.106274974989944
第七批,毛泽东才溪乡调查旧址群,近现代重要史迹及代表性建筑,1933年,116.42162962650904,25.05821575108832
第七批,红九军团长征出发地,近现代重要史迹及代表性建筑,1934年,116.3587123826387,25.84204027034516
第七批,永安抗战旧址群,近现代重要史迹及代表性建筑,1938～1945年,117.36622838244962,25.95105186886568
第七批,五更寮土高炉群,近现代重要史迹及代表性建筑,1958年,117.07718042873258,24.59964181364992
第七批,同文书院,近现代重要史迹及代表性建筑,清至民国,116.00275987134542,29.713856103252105
第七批,陈宝箴、陈三立故居,近现代重要史迹及代表性建筑,1831年,114.6820736059938,28.98947614079956
第七批,盛公祠,近现代重要史迹及代表性建筑,1898年,113.90071778923432,27.610048868168207
第七批,总平巷矿井口,近现代重要史迹及代表性建筑,1898年,113.87218932243174,27.62474919499732
第七批,湘赣边界秋收起义前敌委员会旧址,近现代重要史迹及代表性建筑,1927年,114.36957008672744,28.52836641832966
第七批,东固平民银行旧址,近现代重要史迹及代表性建筑,1928～1930年,115.39972097351075,26.73277169649343
第七批,君埠红一方面军总司令部旧址,近现代重要史迹及代表性建筑,1929年,115.67194933474516,26.7115750425851
第七批,富田村诚敬堂,近现代重要史迹及代表性建筑,1929～1931年,115.25679462686954,26.819872416142587
第七批,渼陂红四军总部旧址,近现代重要史迹及代表性建筑,1930年,115.12058266219206,26.948695968654118
第七批,“二七”陂头会议旧址,近现代重要史迹及代表性建筑,1930年,115.04699535075902,27.10068267005523
第七批,寻乌调查旧址,近现代重要史迹及代表性建筑,1930年,115.64044645938192,24.978252823983496
第七批,中共苏区中央局旧址,近现代重要史迹及代表性建筑,1931年,116.0106104964018,26.47930978376528
第七批,中华苏维埃共和国中央革命军事委员会旧址,近现代重要史迹及代表性建筑,1931～1932年,116.00881483977338,25.88005731392237
第七批,瑞金中央工农红军学校旧址,近现代重要史迹及代表性建筑,1932年,116.01580817019968,25.89275665745748
第七批,瑶里改编旧址,近现代重要史迹及代表性建筑,1938年,117.58501292312282,29.56736210664231
第七批,上高会战遗址,近现代重要史迹及代表性建筑,1941年,114.92664437475425,28.24230924524417
第七批,邓小平旧居与劳动车间,近现代重要史迹及代表性建筑,1969～1972年,115.81645881584294,28.702003383217573
第七批,淄博矿业集团德日建筑群,近现代重要史迹及代表性建筑,清至民国,117.99426601104594,36.63602078448583
第七批,烟台西炮台,近现代重要史迹及代表性建筑,1876年,121.31081546629365,37.56343639760542
第七批,猴矶岛灯塔,近现代重要史迹及代表性建筑,1882年,120.64874576809991,38.06426402799512
第七批,坊子德日建筑群,近现代重要史迹及代表性建筑,1898～1945年,119.16201156125288,36.60423444967994
第七批,威海英式建筑,近现代重要史迹及代表性建筑,1900年、1901年,122.02922561701564,37.52898521308057
第七批,兖州天主教堂,近现代重要史迹及代表性建筑,1901年,116.8241566230626,35.552669100511295
第七批,济南纬二路近现代建筑群,近现代重要史迹及代表性建筑,1901～1932年,116.99637521077432,36.66941617091332
第七批,原胶济铁路济南站近现代建筑群,近现代重要史迹及代表性建筑,1904～1915年,116.99108670724752,36.67745572687632
第七批,张裕公司酒窖,近现代重要史迹及代表性建筑,1905年,121.37034206532732,37.53069263113657
第七批,原齐鲁大学近现代建筑群,近现代重要史迹及代表性建筑,1905～1924年,117.11574741225496,36.68113841629778
第七批,济南泺口黄河铁路大桥,近现代重要史迹及代表性建筑,1912年,117.03262561946237,36.78790860538415
第七批,徂徕山抗日武装起义旧址,近现代重要史迹及代表性建筑,1938年,117.36079007491176,36.04175714192937
第七批,新四军军部暨华东军区、华东野战军诞生地旧址,近现代重要史迹及代表性建筑,1946～1947年,118.40297554986029,35.143621956864855
第七批,莱芜战役指挥所旧址,近现代重要史迹及代表性建筑,1947年,117.81165939306982,36.0647436521983
第七批,袁寨古民居,近现代重要史迹及代表性建筑,清,114.96698155275406,33.350169266750214
第七批,张祜庄园,近现代重要史迹及代表性建筑,清至民国,113.1982506727545,34.702778164191585
第七批,鸡公山近代建筑群,近现代重要史迹及代表性建筑,1903～1949年,113.97950355878731,31.8425926344812
第七批,刘镇华庄园,近现代重要史迹及代表性建筑,民国,113.05845838491032,34.833106168548134
第七批,洛阳西工兵营,近现代重要史迹及代表性建筑,1914年,112.42810124142228,34.66771680621154
第七批,袁林,近现代重要史迹及代表性建筑,1918年,114.35498829790684,36.13006925950042
第七批,天主教河南总修院旧址,近现代重要史迹及代表性建筑,1932年,114.31489917095384,34.804875527445645
第七批,河朔图书馆旧址,近现代重要史迹及代表性建筑,1935年,113.86965946955628,35.31786828523384
第七批,国共黄河归故谈判旧址,近现代重要史迹及代表性建筑,1946年,114.34847869411892,34.784292938431534
第七批,豫陕鄂前后方工作委员会旧址,近现代重要史迹及代表性建筑,1947年,112.90853528497284,33.74656295226838
第七批,商丘淮海战役总前委旧址,近现代重要史迹及代表性建筑,1948年,115.66037939530167,34.28954307118026
第七批,洛阳涧西苏式建筑群,近现代重要史迹及代表性建筑,1954年,112.39417975817835,34.67262556650435
第七批,古德寺,近现代重要史迹及代表性建筑,1877年,114.30855294190803,30.626678408074127
第七批,起义门,近现代重要史迹及代表性建筑,1911年,114.30849727930716,30.533816606482414
第七批,京汉铁路总工会旧址,近现代重要史迹及代表性建筑,1923年,114.31887122981864,30.63265687126966
第七批,汉口中共中央宣传部旧址,近现代重要史迹及代表性建筑,1927年,114.29374685932852,30.594532078482995
第七批,中共中央领导人汉口住地旧址,近现代重要史迹及代表性建筑,1927年,114.31111681018751,30.60778737297229
第七批,中国共产党第五次全国代表大会旧址,近现代重要史迹及代表性建筑,1927年,114.31708058347088,30.561957567324733
第七批,武汉中央军事政治学校旧址,近现代重要史迹及代表性建筑,1927年,114.29784732052234,30.5477656510932
第七批,武汉中共中央机关旧址,近现代重要史迹及代表性建筑,,114.299566219092,30.595983415487453
第七批,湖北省立图书馆旧址,近现代重要史迹及代表性建筑,1936年,114.30764970853164,30.55418132606469
第七批,汉口新四军军部旧址,近现代重要史迹及代表性建筑,1937～1938年,114.31233740437187,30.61454426365521
第七批,八路军武汉办事处旧址,近现代重要史迹及代表性建筑,1937～1938年,114.3104983144967,30.61425162847705
第七批,中共豫鄂边区委员会旧址,近现代重要史迹及代表性建筑,1940～1942年,113.08896780844536,31.227084090475994
第七批,华新水泥厂旧址,近现代重要史迹及代表性建筑,1946～2005年,115.0833140424442,30.22999330662512
第七批,向阳湖文化名人旧址,近现代重要史迹及代表性建筑,中华人民共和国,114.18415657924986,29.91505566152416
第七批,武汉长江大桥,近现代重要史迹及代表性建筑,1957年,114.31708058347088,30.561957567324733
第七批,武汉长江大桥,近现代重要史迹及代表性建筑,1957年,114.2200011611673,30.562516318225757
第七批,渌江书院,近现代重要史迹及代表性建筑,清,113.49372721753628,27.659643419676318
第七批,何叔衡故居,近现代重要史迹及代表性建筑,1876年,112.04063372319156,28.075968727549885
第七批,谢觉哉故居,近现代重要史迹及代表性建筑,1884年,112.06172827277496,28.088896646135236
第七批,林伯渠故居,近现代重要史迹及代表性建筑,1886年,111.61226062489376,29.53750158818639
第七批,徐特立故居,近现代重要史迹及代表性建筑,1889年,113.28705463375968,28.078999736220275
第七批,李达故居,近现代重要史迹及代表性建筑,1890年,111.61504881957396,26.364284795683226
第七批,左文襄公祠,近现代重要史迹及代表性建筑,1892年,112.8950604024375,28.671846671970304
第七批,邓中夏故居,近现代重要史迹及代表性建筑,1894年,113.0432338446257,25.477676487492275
第七批,李立三故居,近现代重要史迹及代表性建筑,1899年,113.5317639371024,27.663074114887387
第七批,蔡和森、蔡畅故居,近现代重要史迹及代表性建筑,1899年,112.1758918103681,27.466198002014774
第七批,岳州关,近现代重要史迹及代表性建筑,1901年,113.15161530674683,29.44472243734003
第七批,信义校会建筑群,近现代重要史迹及代表性建筑,1904～1924年,112.3748507524958,28.588086371469817
第七批,信义校会建筑群,近现代重要史迹及代表性建筑,1904～1924年,112.3247711951836,28.600409010052967
第七批,岳阳教会学校,近现代重要史迹及代表性建筑,1910年,113.14713419350969,29.380723565701388
第七批,爱晚亭,近现代重要史迹及代表性建筑,1913～1918年,112.93853771065916,28.1901357606492
第七批,罗荣桓故居,近现代重要史迹及代表性建筑,1914年,113.15597296601553,27.08144805546127
第七批,胡耀邦故居,近现代重要史迹及代表性建筑,1915年,113.64392442935088,28.173309957224
第七批,新民学会旧址,近现代重要史迹及代表性建筑,1918年,112.95327372406902,28.202900836945737
第七批,湘南学联旧址,近现代重要史迹及代表性建筑,1919年,112.61962446592332,26.91341946842109
第七批,湖南大学早期建筑群,近现代重要史迹及代表性建筑,1920～1950年,112.9322488933202,28.20753938546853
第七批,渌江桥,近现代重要史迹及代表性建筑,1924年,113.50168837196748,27.660552192044197
第七批,中共平江县委旧址,近现代重要史迹及代表性建筑,1927～1928年,113.60837115011236,28.713687801107486
第七批,湘南起义旧址群,近现代重要史迹及代表性建筑,1928年,113.68620512022466,25.55900362158574
第七批,湘南起义旧址群,近现代重要史迹及代表性建筑,1928年,112.37007397173493,25.59616779588801
第七批,湘南起义旧址群,近现代重要史迹及代表性建筑,1928年,112.95020024326809,25.40869026405076
第七批,湘南起义旧址群,近现代重要史迹及代表性建筑,1928年,113.1168265794431,26.13603791284643
第七批,湘南起义旧址群,近现代重要史迹及代表性建筑,1928年,112.7351872401342,25.762775695733342
第七批,湘南起义旧址群,近现代重要史迹及代表性建筑,1928年,113.2698256993078,26.71910288009858
第七批,湘南起义旧址群,近现代重要史迹及代表性建筑,1928年,113.23702941575628,25.98501175785622
第七批,湘南起义旧址群,近现代重要史迹及代表性建筑,1928年,112.86131365729896,26.431621123978413
第七批,湘南起义旧址群,近现代重要史迹及代表性建筑,1928年,113.77401351688697,26.49948231629244
第七批,中国工农红军第七军指挥所旧址,近现代重要史迹及代表性建筑,1930年,110.0474185694565,26.51067358648177
第七批,湖南省苏维埃政府旧址,近现代重要史迹及代表性建筑,1930年,113.64411404886498,28.17338239531326
第七批,红二、六军团长征出发地旧址,近现代重要史迹及代表性建筑,1935年,110.23189755992952,29.47528270574982
第七批,红二军团长征司令部旧址,近现代重要史迹及代表性建筑,1935年,110.81097909158407,27.817348589611395
第七批,黄埔军校第二分校旧址,近现代重要史迹及代表性建筑,1938年,110.63378553240106,26.736511605527145
第七批,大云山三战三捷摩崖石刻,近现代重要史迹及代表性建筑,1942年,113.52430417876782,29.271382895906815
第七批,厂窖惨案遗址,近现代重要史迹及代表性建筑,1943年,112.25170514269549,29.16416858091272
第七批,丁氏光禄公祠,近现代重要史迹及代表性建筑,1878年,116.35391781698029,23.546318249259716
第七批,崎碌炮台,近现代重要史迹及代表性建筑,1879年,116.70108869274472,23.360543802643395
第七批,人境庐和荣禄第,近现代重要史迹及代表性建筑,1881年、1884年,116.13182367782548,24.31939230174664
第七批,广州湾法国公使署旧址和法军指挥部旧址,近现代重要史迹及代表性建筑,1903年、1905年,110.41801643800906,21.204869730679807
第七批,谢晋元故居,近现代重要史迹及代表性建筑,1905年,116.17270378418836,24.667769633676027
第七批,三灶岛侵华日军罪行遗迹,近现代重要史迹及代表性建筑,民国,113.3640784330021,22.15521468660728
第七批,广九铁路石龙南桥,近现代重要史迹及代表性建筑,1911年,113.85760295421508,23.11239284871913
第七批,中国共产党第三次全国代表大会会址,近现代重要史迹及代表性建筑,1923年,113.29696264739592,23.127088267618728
第七批,国民革命军东征军总指挥部、政治部旧址,近现代重要史迹及代表性建筑,1925年,116.70502224180063,23.37435774936796
第七批,顺德糖厂早期建筑,近现代重要史迹及代表性建筑,1934年,113.2695424866491,22.79466828954203
第七批,中山纪念中学旧址,近现代重要史迹及代表性建筑,1936年,113.52317391412237,22.45348718533744
第七批,梧州近代建筑群,近现代重要史迹及代表性建筑,清至民国,111.32229612856376,23.481359212609213
第七批,梧州近代建筑群,近现代重要史迹及代表性建筑,清至民国,111.2803962301628,23.48532905820586
第七批,谢鲁山庄,近现代重要史迹及代表性建筑,1920年,110.18905763724888,22.16199849782521
第七批,越南共产党驻龙州秘密机关旧址,近现代重要史迹及代表性建筑,1926年,106.85102070424291,22.34566984487205
第七批,柳州旧机场及城防工事群旧址,近现代重要史迹及代表性建筑,1929年,109.37844835246824,24.284000428861297
第七批,南宁育才学校旧址,近现代重要史迹及代表性建筑,1951年,108.31558384639992,22.842411634844115
第七批,临高角灯塔,近现代重要史迹及代表性建筑,清,109.717602795561,20.01636422064408
第七批,琼海关旧址,近现代重要史迹及代表性建筑,1937年,110.34296563743396,20.050894669716943
第七批,韩家宅,近现代重要史迹及代表性建筑,1938年,110.7811268784958,19.75574051193786
第七批,刘伯承故居,近现代重要史迹及代表性建筑,1897年,108.42761912095057,31.08275914588732
第七批,聂荣臻故居,近现代重要史迹及代表性建筑,1899年,106.07758673683394,29.244724846158785
第七批,嘉陵江三峡乡村建设旧址群,近现代重要史迹及代表性建筑,民国,106.42193686857952,29.862648437419427
第七批,特园,近现代重要史迹及代表性建筑,1931～1946年,106.54838768426748,29.570038989991676
第七批,世界佛学苑汉藏教理院旧址,近现代重要史迹及代表性建筑,1932年,106.39824568461034,29.81363218090666
第七批,南腰界红三军司令部旧址,近现代重要史迹及代表性建筑,1934年,108.65287282979234,28.404601359516477
第七批,国民政府立法院、司法院及蒙藏委员会旧址,近现代重要史迹及代表性建筑,1937～1946年,106.56202835438866,29.565222575145043
第七批,国民政府军事委员会政治部旧址,近现代重要史迹及代表性建筑,1937～1946年,106.57165858642466,29.561990612860228
第七批,国民政府军事委员会政治部旧址,近现代重要史迹及代表性建筑,1937～1946年,106.65371805070704,29.03727778286559
第七批,国民政府外交部旧址,近现代重要史迹及代表性建筑,1938～1946年,106.58665148706788,29.564994003292824
第七批,重庆抗战金融机构旧址群,近现代重要史迹及代表性建筑,1938～1946年,106.51661428554354,29.54726622705005
第七批,国民参政会旧址,近现代重要史迹及代表性建筑,1938～1946年,106.5776504700974,29.56608000998699
第七批,林园,近现代重要史迹及代表性建筑,1938～1946年,106.55319162491335,29.57290130660968
第七批,国民政府军事委员会政治部第三厅暨文化工作委员会旧址,近现代重要史迹及代表性建筑,1938～1946年,106.57166470082493,29.56180846383072
第七批,国民政府军事委员会政治部第三厅暨文化工作委员会旧址,近现代重要史迹及代表性建筑,1938～1946年,106.459488392705,29.54980602487237
第七批,重庆黄山抗战旧址群,近现代重要史迹及代表性建筑,1938～1946年,106.62169480845816,29.5728529447796
第七批,同盟国驻渝外交机构旧址群,近现代重要史迹及代表性建筑,1938～1946年,106.58261372604056,29.570786973143743
第七批,同盟国驻渝外交机构旧址群,近现代重要史迹及代表性建筑,1938～1946年,106.58261372604056,29.570786973143743
第七批,南泉抗战旧址群,近现代重要史迹及代表性建筑,1938～1946年,106.61547865763202,29.4554993954589
第七批,国民政府行政院旧址,近现代重要史迹及代表性建筑,1938～1947年,106.82436035087704,29.693003569281625
第七批,重庆抗战兵器工业旧址群,近现代重要史迹及代表性建筑,1939～1945年,106.56873710833324,29.65188338414027
第七批,重庆抗战兵器工业旧址群,近现代重要史迹及代表性建筑,1939～1945年,106.49430778623255,29.47936428768805
第七批,重庆抗战兵器工业旧址群,近现代重要史迹及代表性建筑,1939～1945年,106.49430778623255,29.47936428768805
第七批,重庆抗战兵器工业旧址群,近现代重要史迹及代表性建筑,1939～1945年,106.49430778623255,29.47936428768805
第七批,重庆抗战兵器工业旧址群,近现代重要史迹及代表性建筑,1939～1945年,106.49430778623255,29.47936428768805
第七批,同盟国中国战区统帅部参谋长官邸旧址,近现代重要史迹及代表性建筑,1942～1944年,106.5358128219114,29.559388817857183
第七批,保卫中国同盟总部旧址,近现代重要史迹及代表性建筑,1942～1945年,106.55168255037005,29.563237030094623
第七批,重庆谈判旧址群,近现代重要史迹及代表性建筑,1945年,106.54979726567774,29.5720093537398
第七批,抗战胜利纪功碑暨人民解放纪念碑,近现代重要史迹及代表性建筑,1947年,106.5797529724814,29.566217038692884
第七批,重庆市人民大礼堂,近现代重要史迹及代表性建筑,1954年,106.5564545587326,29.57073577458505
第七批,吉成井盐作坊遗址,近现代重要史迹及代表性建筑,清,104.77735811861388,29.376918981173876
第七批,丁氏庄园,近现代重要史迹及代表性建筑,清,106.59791905815752,31.46451932140061
第七批,东源井古盐场,近现代重要史迹及代表性建筑,1892年,104.68736144639544,29.350771202720537
第七批,平安桥天主教堂,近现代重要史迹及代表性建筑,1904年,104.0658349161412,30.672499018107924
第七批,四川大学早期建筑,近现代重要史迹及代表性建筑,1913～1954年,104.04695426052126,30.651167087586543
第七批,张伯卿公馆,近现代重要史迹及代表性建筑,1923年,104.72136820603806,29.34920223988173
第七批,新场川王宫,近现代重要史迹及代表性建筑,1926年,103.37335462086304,30.56276846222025
第七批,列宁街石牌坊及红军标语,近现代重要史迹及代表性建筑,1933年,107.51391678351813,31.20468906803515
第七批,曾家园,近现代重要史迹及代表性建筑,1937年,103.23639639767896,29.725052716021715
第七批,尚稽陈玉祠,近现代重要史迹及代表性建筑,清,106.9724910873456,27.383797924648945
第七批,兴义刘氏庄园,近现代重要史迹及代表性建筑,清至民国,104.9001324980566,25.07300704028908
第七批,茅台酒酿酒工业遗产群,近现代重要史迹及代表性建筑,清至民国,106.403610473936,27.800943938208142
第七批,王若飞故居,近现代重要史迹及代表性建筑,1896年,105.9335517438358,26.258386943908203
第七批,述洞独柱鼓楼,近现代重要史迹及代表性建筑,1922年,108.92881104072794,26.11219266355486
第七批,福林堂,近现代重要史迹及代表性建筑,1857年,102.67914720442572,25.07561218632762
第七批,熊庆来故居,近现代重要史迹及代表性建筑,1893年,103.3811991833598,24.029950990937916
第七批,碧色寨车站,近现代重要史迹及代表性建筑,1909年,103.41396695131624,23.469310151495687
第七批,滇西军都督府旧址及叠园集刻,近现代重要史迹及代表性建筑,1911年,98.49654364467771,25.029128072854142
第七批,宝丰隆商号,近现代重要史迹及代表性建筑,1916年,103.1617064208016,23.360292267665304
第七批,周家宅院,近现代重要史迹及代表性建筑,1916年,103.406772413657,23.37517723455204
第七批,糯福教堂,近现代重要史迹及代表性建筑,1921年,99.70735230810448,22.22833683067909
第七批,龙氏家祠,近现代重要史迹及代表性建筑,1930年,103.6712308635706,27.28729445422046
第七批,文兴祥商号旧址,近现代重要史迹及代表性建筑,1934年,102.55017556303258,24.361126722078016
第七批,丹桂村中央红军总部驻地旧址与金沙江皎平渡口,近现代重要史迹及代表性建筑,1935年,102.86644318608634,25.567174855918697
第七批,丹桂村中央红军总部驻地旧址与金沙江皎平渡口,近现代重要史迹及代表性建筑,1935年,102.4567960678016,26.133789172732
第七批,陇西世族庄园,近现代重要史迹及代表性建筑,1938年,101.5487117339044,24.02239824605015
第七批,扎木中心县委红楼,近现代重要史迹及代表性建筑,1953年,95.7952306382959,29.80687376653256
第七批,帕拉庄园,近现代重要史迹及代表性建筑,1955年,89.5801399337908,28.909219681712763
第七批,中央人民政府驻藏代表办公处旧址,近现代重要史迹及代表性建筑,1965年,91.17700029045449,29.662287641821948
第七批,青木川老街建筑群,近现代重要史迹及代表性建筑,清,105.57408015291468,32.83674660049504
第七批,青木川魏氏庄园,近现代重要史迹及代表性建筑,1927～1934年,105.57408015291468,32.83674660049504
第七批,陕甘边照金革命根据地旧址,近现代重要史迹及代表性建筑,1932年,108.64206589393028,35.06384458620426
第七批,杨虎城旧居,近现代重要史迹及代表性建筑,1934年,109.5857929545366,34.960949615290694
第七批,安吴堡战时青年训练班革命旧址,近现代重要史迹及代表性建筑,1936～1940年,108.83530757458252,34.680842553808695
第七批,宏道书院,近现代重要史迹及代表性建筑,1938年,108.93276247103482,34.62977178773486
第七批,南梁陕甘边区革命政府旧址,近现代重要史迹及代表性建筑,1934～1935年,108.34053553264332,36.39810045883279
第七批,榜罗镇会议旧址,近现代重要史迹及代表性建筑,1935年,104.94433730458528,35.03996144603557
第七批,八路军兰州办事处旧址,近现代重要史迹及代表性建筑,1937～1943年,103.83218480759656,36.06115788592657
第七批,玉门油田老一井,近现代重要史迹及代表性建筑,1939年,97.55349840401306,39.79757130401837
第七批,临夏东公馆与蝴蝶楼,近现代重要史迹及代表性建筑,1947年,103.20745584544386,35.5931542307322
第七批,天佑德酒作坊,近现代重要史迹及代表性建筑,清,101.9689743647196,36.83656932642484
第七批,青藏公路建设指挥部旧址（将军楼）,近现代重要史迹及代表性建筑,1956年,94.88889604842434,36.42539562888539
第七批,新疆第一口油井,近现代重要史迹及代表性建筑,1909年,84.86060939746494,44.31504089615539
第七批,于田艾提卡清真寺,近现代重要史迹及代表性建筑,民国,81.68108482397844,36.86332499475136
第七批,吐尔迪阿吉庄园,近现代重要史迹及代表性建筑,1915年,78.28985481487983,37.58407469470077
第七批,满汗王府,近现代重要史迹及代表性建筑,1919年,86.39003283728917,42.32650033820424
第七批,八路军驻新疆办事处旧址,近现代重要史迹及代表性建筑,1937～1942年,87.63135011260754,43.77556505836985
第七批,三区革命政府旧址,近现代重要史迹及代表性建筑,1944～1949年,81.30781117035251,43.92290010848415
第七批,小李庄军垦旧址,近现代重要史迹及代表性建筑,1953年,86.21807090576078,44.30899241785855
第七批,克拉玛依一号井,近现代重要史迹及代表性建筑,1955年,84.90053547730508,45.599354023452335
第七批,新疆人民剧场,近现代重要史迹及代表性建筑,1956年,87.62507168023059,43.79582258550263
第七批,红山核武器试爆指挥中心旧址,近现代重要史迹及代表性建筑,1966年,87.3433922991922,42.40434722244905
第七批,稷山大佛,其他,金、元,110.9836256476764,35.61067161962607
第七批,西湖十景,其他,南宋至清,120.1316938647926,30.26821585312478
第七批,洋浦盐田,其他,宋至中华人民共和国,109.2006133303131,19.743987195418462
第七批,重安江水碾群,其他,明,107.8957070157816,26.775124152903647
第七批,景迈古茶园,其他,东汉至唐,100.09033509455628,22.265817735780978
第七批,红河哈尼梯田,其他,唐至中华人民共和国,103.13526664390952,23.106873145756527
第七批,芒康县盐井古盐田,其他,唐至中华人民共和国,98.5996002635295,29.055099589758388
第七批,房山大白玉塘采石场遗址,古遗址,隋至清,116.14322430788476,39.75298784869693
第七批,宋辽边关地道,古遗址,宋、辽,116.11585009627127,38.994561196429714
第七批,“驸马城”遗址,古遗址,金,126.95823545119586,45.55223031271633
第七批,小城子遗址,古遗址,金,127.0117665384294,45.504245789940256
第七批,刘秀屯宫殿基址,古遗址,金,127.0446410195766,45.49697139804567
第七批,半拉城遗址,古遗址,金,127.03544281144154,45.514307204922105
第七批,元上都遗址（扩展项目）,古遗址,元,116.18663507115708,42.365678644279285
第七批,功臣寺遗址,古遗址,唐、五代,119.7266212180984,30.242275156630267
第七批,白洋湖、里杜湖越窑遗址,古遗址,唐至北宋,121.3770046665904,30.13875238551312
第七批,上垟窑址,古遗址,北宋至元,119.06442041371956,27.6284731283155
第七批,锁阳城古渠道遗址,古遗址,唐,95.9858108258168,40.26888905787537
第七批,泸州老窖窖池群及酿酒作坊,古遗址,明、清,105.43798024492187,28.887525204331283
第七批,丛葬墓群,古墓葬,战国,115.49737618584284,39.35398823647801
第七批,丛葬墓群,古墓葬,战国,115.55597014372012,39.2478142138205
第七批,代王城墓群,古墓葬,战国至汉,114.67832863664806,39.89746929152063
第七批,东门里壁画墓,古墓葬,东汉,123.23226457813668,41.28791581835746
第七批,北园二号墓,古墓葬,汉魏,123.1753624924284,41.273901405887166
第七批,南郊路壁画墓,古墓葬,汉魏,123.23226457813668,41.28791581835746
第七批,三道壕三号墓,古墓葬,魏晋,123.1753624924284,41.273901405887166
第七批,龙山越国贵族墓群,古墓葬,春秋、战国,119.68167027453586,30.64685526127834
第七批,东钱湖墓群,古墓葬,宋、明,121.6329825911356,29.79094277511385
第七批,八卦营墓群,古墓葬,汉,100.97788472258868,38.34763082559343
第七批,德清古桥群,古建筑,宋、元、明,120.3054654011414,30.589177430882373
第七批,绍兴古桥群,古建筑,元至民国,120.4976419772814,30.091766875802115
第七批,处州廊桥,古建筑,明至民国,119.12438478932492,27.684219360906223
第七批,处州廊桥,古建筑,明至民国,118.96414163785948,27.87198854027145
第七批,处州廊桥,古建筑,明至民国,118.96414163785948,27.87198854027145
第七批,处州廊桥,古建筑,明至民国,118.96414163785948,27.87198854027145
第七批,处州廊桥,古建筑,明至民国,118.96414163785948,27.87198854027145
第七批,呈坎村古建筑群（扩建项目）,古建筑,明至民国,118.28066691206566,29.92335255807336
第七批,福建土楼（扩建项目）,古建筑,明至中国人民共和国,117.09698128764836,24.674918768022213
第七批,福建土楼（扩建项目）,古建筑,明至中国人民共和国,117.691435106079,25.02925697631966
第七批,福建土楼（扩建项目）,古建筑,明至中国人民共和国,116.98027610887397,24.66875864500594
第七批,三坊七巷古民居建筑,古建筑,清,119.29784947936535,26.09607379223421
第七批,药草台寺,古建筑,明至清,102.25136034210637,36.300258092871005
第七批,长城,古建筑,汉、魏晋南北朝、唐、明,116.39936121558486,40.5591162552671
第七批,长城,古建筑,汉、魏晋南北朝、唐、明,114.57663646529812,38.16159144495107
第七批,长城,古建筑,汉、魏晋南北朝、唐、明,121.32237323787363,38.94076484376801
第七批,长城,古建筑,汉、魏晋南北朝、唐、明,125.24595673757942,43.84695733102983
第七批,长城,古建筑,汉、魏晋南北朝、唐、明,101.75076903985376,36.68057189265362
第七批,长城,古建筑,汉、魏晋南北朝、唐、明,106.37945724204414,39.030179465314
第七批,大运河,古建筑,春秋至中华人民共和国,116.62114698014138,39.91244726749434
第七批,大运河,古建筑,春秋至中华人民共和国,117.20180420637104,39.09010303089623
第七批,大运河,古建筑,春秋至中华人民共和国,116.85459784512852,38.25433864590696
第七批,大运河,古建筑,春秋至中华人民共和国,120.14410381436971,30.311020946706385
第七批,大运河,古建筑,春秋至中华人民共和国,119.9517557996951,31.775461446573303
第七批,大运河,古建筑,春秋至中华人民共和国,115.7906255692532,32.739069417425334
第七批,大运河,古建筑,春秋至中华人民共和国,117.02148271420732,36.67450890738385
第七批,大运河,古建筑,春秋至中华人民共和国,114.5437789582528,35.674345600230474
第七批,云门山石窟及石刻,石窟寺及石刻,隋至清,118.48537182081527,36.666865648608855
第七批,千佛寺摩崖造像,石窟寺及石刻,唐至元、明,105.735252085229,29.98156662594326
第七批,文殊山后山千佛洞、古佛洞,石窟寺及石刻,南北朝至宋,98.3451042660122,39.653968456683685
第七批,侵华日军第七三一细菌部队安达特别实验场遗址,近现代重要史迹及代表性建筑,1941年,125.34105643856223,46.41470216740047
第七批,丽则女学校旧址,近现代重要史迹及代表性建筑,1911年,120.6473582356169,31.146850027142413
第七批,南通大生第三纺织公司旧址,近现代重要史迹及代表性建筑,1919年,120.96703741485037,32.02375418950443
第七批,莫干山别墅群（扩展项目）,近现代重要史迹及代表性建筑,清至民国,119.87027727521004,30.61606552734854
第七批,浙东沿海灯塔,近现代重要史迹及代表性建筑,民国,122.21749865854602,30.07032879611922
第七批,浙东沿海灯塔,近现代重要史迹及代表性建筑,民国,121.59894724221948,29.97356656288563
第七批,浙东沿海灯塔,近现代重要史迹及代表性建筑,民国,121.81661909700767,29.93808227822724
第七批,浙东沿海灯塔,近现代重要史迹及代表性建筑,民国,121.87156944128552,29.484979366152416
第七批,鼓浪屿近代建筑群（扩展项目）,近现代重要史迹及代表性建筑,清至民国,118.06819583439186,24.45318229964905
第七批,湘鄂西革命根据地早期旧址,近现代重要史迹及代表性建筑,1927～1932年,112.64336190097968,30.07139191167158
第七批,谭嗣同墓与谭嗣同祠,近现代重要史迹及代表性建筑,1901年、1913年,113.63178846454892,28.151032716805904
第七批,翰林院子和蚕房院子,近现代重要史迹及代表性建筑,清,106.64470177770448,30.48251484300529
第七批,巴中红军石刻标语群,近现代重要史迹及代表性建筑,1933～1934年,106.72855641368612,31.856203182449686
第七批,巴中红军石刻标语群,近现代重要史迹及代表性建筑,1933～1934年,107.24681201180282,31.921549283215565
第七批,巴中红军石刻标语群,近现代重要史迹及代表性建筑,1933～1934年,106.83036640508536,32.35490296634486
第七批,巴中红军石刻标语群,近现代重要史迹及代表性建筑,1933～1934年,107.10598448838468,31.56815021468168
第七批,红军飞夺泸定桥战前动员会旧址,近现代重要史迹及代表性建筑,1935年,102.23987205784849,29.923110584253656
第七批,古蔺县红军四渡赤水战役遗址,近现代重要史迹及代表性建筑,1935年,105.95830777274514,27.98939605310778
第七批,白求恩国际和平医院旧址,近现代重要史迹及代表性建筑,1943～1947年,109.54281952755336,36.64456948514486
第七批,中东铁路建筑群（扩展项目）,近现代重要史迹及代表性建筑,清至民国,111.76570220144738,40.82173357540473
第七批,中东铁路建筑群（扩展项目）,近现代重要史迹及代表性建筑,清至民国,123.4294630740668,41.83904251282945
第七批,中东铁路建筑群（扩展项目）,近现代重要史迹及代表性建筑,清至民国,125.32603524200812,43.89929318238284
第七批,中东铁路建筑群（扩展项目）,近现代重要史迹及代表性建筑,清至民国,126.66361101439676,45.7459273113162
第七批,八宝山革命公墓,近现代重要史迹及代表性建筑,新中国,116.21132436679542,39.911828723548446
第八批,长城马水口段、样边段、板厂峪段,古遗址,明,115.20498295937138,40.3845520227508
第八批,长城马水口段、样边段、板厂峪段,古遗址,明,115.83422252137964,40.25366972136029
第八批,长城马水口段、样边段、板厂峪段,古遗址,明,119.57241630970675,40.19530173410561
第八批,上宅遗址,古遗址,新石器时代,117.30249240609164,40.196052388216906
第八批,长城新广武村段、荷叶坪王家岔段、竹帛口段、阳方口段,古遗址,北齐、明,112.79721545482845,39.22251277366866
第八批,长城新广武村段、荷叶坪王家岔段、竹帛口段、阳方口段,古遗址,北齐、明,111.7446705854101,38.67350902969539
第八批,长城新广武村段、荷叶坪王家岔段、竹帛口段、阳方口段,古遗址,北齐、明,113.2645569048272,39.19428521525417
第八批,长城新广武村段、荷叶坪王家岔段、竹帛口段、阳方口段,古遗址,北齐、明,112.33621369401924,39.10688698204556
第八批,郛堤城遗址,古遗址,战国、秦汉,117.33012599871942,38.376701853204096
第八批,砬子山城遗址,古遗址,唐,129.48211457606,44.344770491979865
第八批,贝州故城遗址,古遗址,宋,115.66857349870588,37.04596618417896
第八批,太子城遗址,古遗址,金,115.447332655939,40.926787428164566
第八批,老黑山城遗址,古遗址,唐,129.48211457606,44.344770491979865
第八批,板闸遗址,古遗址,明,119.10473345613552,33.557123609217186
第八批,西土城遗址,古遗址,金,114.23820756175392,41.55541666622401
第八批,源口窑遗址,古遗址,元明,119.40263386041346,28.06798029475449
第八批,峙峪遗址,古遗址,旧石器时代,112.35325878324753,39.411136082335815
第八批,碧村遗址,古遗址,新石器时代,110.90203429315623,38.51346230311498
第八批,骆冲窑遗址,古遗址,五代至宋,118.16740460961016,31.085481791286178
第八批,大河口遗址,古遗址,西周至春秋,111.78897967951444,35.754801374880735
第八批,大上清宫遗址,古遗址,宋至清,117.0528131978942,28.05091507953871
第八批,战国魏长城黄龙段,古遗址,战国,109.8413789030267,35.59063153358635
第八批,南梁古城遗址,古遗址,周,111.75831547167684,35.67522104716812
第八批,战国魏长城合阳段,古遗址,战国,110.03525495152569,35.30200631700305
第八批,苇沟北寿城遗址,古遗址,周,111.69807792189803,35.7583541794801
第八批,上王家壁画墓,古墓葬,汉晋,123.09180984283633,41.38851493191347
第八批,解梁故城遗址,古遗址,东周,110.52720212001448,34.95570616468968
第八批,国字山墓群,古墓葬,东周,115.54745902208164,28.06560137789229
第八批,童子寺遗址,古遗址,北齐至唐,112.43327289780164,37.74380506799101
第八批,九嶷山舜帝陵,古墓葬,明清,111.978072678634,25.35630146260774
第八批,蒙山开化寺遗址,古遗址,北齐,112.44591125995358,37.78339385139922
第八批,杨辉墓,古墓葬,明,106.8326891183419,27.54596145862305
第八批,汾阳宫遗址,古遗址,隋,112.31968054332891,39.023431568037
第八批,岔河口遗址,古遗址,新石器时代,111.44539442522134,39.93490489954411
第八批,江村大墓,古墓葬,西汉,109.1182509531887,34.241425973514275
第八批,通州燃灯塔,古建筑,清,116.66628458151624,39.92055312999846
第八批,哈民遗址,古遗址,新石器时代,123.3122894996362,44.13009143364819
第八批,巾山东大塔、南山殿塔,古建筑,明清,121.12042913062822,28.847006903230252
第八批,丰州故城遗址,古遗址,辽金元,111.89679313547074,40.83184133093133
第八批,鸽子洞遗址,古遗址,旧石器时代,119.741355706092,41.13180923362165
第八批,筇竹寺墓塔,古建筑,元至民国,102.62959833814288,25.074471628820262
第八批,张店古城遗址,古遗址,汉,121.94030496338289,39.45892526813476
第八批,吴官屯石窟,石窟寺及石刻,北魏,113.10027519657356,40.12993997058256
第八批,三燕龙城遗址,古遗址,十六国,120.45484165877284,41.56951481365924
第八批,鲁班窑石窟,石窟寺及石刻,北魏,113.13730937526113,40.11676472636585
第八批,卧龙山山城遗址,古遗址,隋唐,123.33434835279972,40.19979840050623
第八批,象庄村石象,石窟寺及石刻,东汉,112.58724315087888,34.744156598600014
第八批,萨尔浒城遗址,古遗址,明清,123.91588127870222,41.88494005237274
第八批,花山岩画增补点,石窟寺及石刻,战国至东汉,107.35538604434883,22.414007443437526
第八批,花山岩画增补点,石窟寺及石刻,战国至东汉,107.01370693452732,22.261182228914823
第八批,花山岩画增补点,石窟寺及石刻,战国至东汉,107.1558947430657,22.398726352353545
第八批,花山岩画增补点,石窟寺及石刻,战国至东汉,107.90666623148088,22.644179719691166
第八批,和龙大洞遗址,古遗址,旧石器时代,128.9629077656828,42.09769627796
第八批,妙高山摩崖造像,石窟寺及石刻,南宋,105.52507297640622,29.63949378781376
第八批,舒成岩摩崖造像,石窟寺及石刻,南宋,105.67705491953592,29.765072208086984
第八批,后套木嘎遗址,古遗址,新石器时代、周,123.81552923854558,45.668966988383325
第八批,农安五台山遗址,古遗址,新石器时代、周,124.69170053036623,44.48083663709637
第八批,西狭古栈道遗址及题刻,石窟寺及石刻,东汉,105.74457353375188,33.758259233178755
第八批,圣米厄尔教堂,近现代重要史迹及代表性建筑,1904年,116.41616648199614,39.933430910974415
第八批,大海猛遗址,古遗址,周至唐,126.46703674239758,44.12503171930385
第八批,东团山遗址,古遗址,汉,126.60420771038038,43.85828464026984
第八批,满铁农事试验场熊岳城分场旧址,近现代重要史迹及代表性建筑,1909～1945年,122.15149723484215,40.180637261225016
第八批,中东铁路建筑群增补点,近现代重要史迹及代表性建筑,1903年,125.72810915992532,44.52513923252677
第八批,中东铁路建筑群增补点,近现代重要史迹及代表性建筑,1903年,125.32806662921082,43.94710549654465
第八批,霸王朝山城遗址,古遗址,汉至唐,126.18070695284872,41.16270429454476
第八批,长白山神庙遗址,古遗址,金,128.11582780996352,42.42978410228827
第八批,横道河子机务公寓旧址,近现代重要史迹及代表性建筑,1900～1935年,129.0697831791589,44.82232869208677
第八批,富拉尔基火车站旧址,近现代重要史迹及代表性建筑,1903年,123.64703102076716,47.21447285659791
第八批,小南山遗址,古遗址,新石器时代,134.02864501510146,46.80331564337434
第八批,新开流遗址,古遗址,新石器时代,132.39710630284208,45.35084455052215
第八批,勃利西山仓库遗址,近现代重要史迹及代表性建筑,1934年,130.5912882461611,45.75894228464486
第八批,中国共产党第一次全国代表大会宿舍旧址,近现代重要史迹及代表性建筑,1921年,121.47792748406506,31.229489904377544
第八批,洪河遗址,古遗址,新石器时代,123.60385919895393,47.128754405093176
第八批,中山陵附属革命历史图书馆旧址,近现代重要史迹及代表性建筑,1935年,118.85658980860688,32.062919578078784
第八批,锅盔山山城遗址,古遗址,唐,131.12267680523772,45.26376796501405
第八批,九龙岗老火车站碉堡,近现代重要史迹及代表性建筑,1938～1945年,117.10590588912966,32.62028410034574
第八批,青龙镇遗址,古遗址,唐宋,121.12596200041791,31.15735200862945
第八批,顺山集遗址,古遗址,新石器时代,118.17512540237544,33.582876672784245
第八批,鼓浪屿近代建筑群增补点,近现代重要史迹及代表性建筑,清至民国,118.06819583439186,24.45318229964905
第八批,中共闽浙赣省机关旧址,近现代重要史迹及代表性建筑,1926～1934年,117.59736311960413,28.41689920041019
第八批,韩井遗址,古遗址,新石器时代,118.22535175532497,33.59752377964241
第八批,蒋庄遗址,古遗址,新石器时代,120.20582805823618,32.761814238636205
第八批,德国海军军官俱乐部旧址,近现代重要史迹及代表性建筑,1909年,120.41346840673675,36.08118358360682
第八批,汉口新泰大楼旧址,近现代重要史迹及代表性建筑,1924年,114.31111681018751,30.60778737297229
第八批,寺墩遗址,古遗址,新石器时代,119.9756999427086,31.787588886672363
第八批,下邳故城遗址,古遗址,汉晋,117.89976650070804,34.1345186683275
第八批,汉口华俄道胜银行旧址,近现代重要史迹及代表性建筑,1896年,114.303578369649,30.5945076618031
第八批,汉口英商电灯公司旧址,近现代重要史迹及代表性建筑,1905年,114.2995752289773,30.593416911594733
第八批,鲤鱼山老虎岭水坝遗址,古遗址,新石器时代,119.90205913945796,30.420395513392243
第八批,嘉兴子城遗址,古遗址,唐至清,120.7550722902951,30.76913164288915
第八批,汉口花旗银行大楼旧址,近现代重要史迹及代表性建筑,1921年,114.30057025817632,30.58871180012419
第八批,坦头窑遗址,古遗址,唐,120.56701259182972,28.13890627022011
第八批,汉口景明大楼旧址,近现代重要史迹及代表性建筑,1921年,114.29778657585372,30.59084585416738
第八批,沙埠窑遗址,古遗址,唐宋,121.21285606754688,28.5634493188515
第八批,罗荣桓故居增补点,近现代重要史迹及代表性建筑,1902年,113.15597296601553,27.08144805546127
第八批,秋收起义文家市会师旧址增补点,近现代重要史迹及代表性建筑,1927年,113.93260702779892,28.05226820102877
第八批,华龙洞遗址,古遗址,旧石器时代,116.95337219679048,30.11414720301944
第八批,湘鄂赣革命根据地旧址增补点,近现代重要史迹及代表性建筑,1929～1937年,113.58211314827818,28.71094299433321
第八批,金寨遗址,古遗址,新石器时代,117.05087726158186,33.99299403218973
第八批,湘鄂川黔革命根据地旧址增补点,近现代重要史迹及代表性建筑,1934～1935年,109.85897720986372,28.988969732401674
第八批,湘鄂川黔革命根据地旧址增补点,近现代重要史迹及代表性建筑,1934～1935年,111.87901470622673,29.61405992815108
第八批,台家寺遗址,古遗址,商,115.90463112136348,32.70759713462958
第八批,汤家墩遗址,古遗址,商周,117.3633993486259,30.735626028771392
第八批,黄埔军校第二分校十四军官总队旧址,近现代重要史迹及代表性建筑,1938～1945年,110.57799943838494,27.06954918502744
第八批,合肥曹魏新城遗址,古遗址,三国,117.13224231611206,31.919513002635032
第八批,赤山约农会旧址,近现代重要史迹及代表性建筑,1922年,115.349725957003,22.978635951853576
第八批,壳丘头遗址群,古遗址,新石器时代至商,119.75557305941992,25.63102267858166
第八批,黄埔军校燕塘分校旧址,近现代重要史迹及代表性建筑,1925～1929年,113.36300633918,23.132874476295243
第八批,岩仔洞遗址,古遗址,新石器时代,117.50902598117928,26.711998857066387
第八批,湘江战役旧址增补点,近现代重要史迹及代表性建筑,1934年,111.07427358465648,25.937293958307585
第八批,湘江战役旧址增补点,近现代重要史迹及代表性建筑,1934年,110.01286735678784,25.807117875964792
第八批,湘江战役旧址增补点,近现代重要史迹及代表性建筑,1934年,110.65381143755744,26.05190020847857
第八批,苦寨坑窑遗址,古遗址,夏商,118.29569067792434,25.330720738948244
第八批,武夷山闽赣古驿道,古遗址,唐至清,118.03640216637451,27.76567068250742
第八批,宝丰银矿遗址,古遗址,宋至明,119.34059695194075,27.113395633347917
第八批,白鹤岭福温古道,古遗址,南宋至清,119.5098858675308,26.65482360129816
第八批,东溪窑遗址,古遗址,明清,117.5357280156689,25.01299427790315
第八批,东溪窑遗址,古遗址,明清,117.40544620396584,24.78244774120977
第八批,老虎墩遗址,古遗址,新石器时代,115.36417071363184,28.86997980636679
第八批,山背遗址,古遗址,新石器时代、商周,114.58591314803716,29.031565716393004
第八批,锅底山遗址,古遗址,新石器时代至商周,116.23770874880076,27.56380250329908
第八批,南窑遗址,古遗址,唐,117.20722918984656,28.9561125266016
第八批,五府山银铅矿遗址,古遗址,唐宋,118.05410947238856,28.148608103506
第八批,邱家庄遗址,古遗址,新石器时代,121.3118003958852,37.44398775791765
第八批,焦家遗址,古遗址,新石器时代,117.52662965897788,36.685341981832174
第八批,汶阳遗址,古遗址,新石器时代,117.72169150194848,36.17817615316452
第八批,岗上遗址,古遗址,新石器时代,117.27530650381428,35.10367251925039
第八批,十里铺北堌堆遗址,古遗址,新石器时代至商,115.57390814386794,35.078071171236274
第八批,呙宋台遗址,古遗址,新石器时代、商周至汉,118.74695348010702,36.82147208532574
第八批,梁堌堆遗址,古遗址,新石器时代至商周,115.75826982574596,34.857530638339135
第八批,刘台子遗址,古遗址,西周,117.27378706161086,37.16115619461211
第八批,曲城故城遗址,古遗址,西周至北齐,120.4353941664956,37.36020888335322
第八批,高密故城遗址,古遗址,东周至东汉,119.78575838425373,36.46914663887586
第八批,卞国故城遗址,古遗址,春秋,117.50396169759486,35.64152482246907
第八批,少昊陵及景灵宫遗址,古遗址,宋至清,117.03881410567816,35.61310744857323
第八批,凫山羲皇庙遗址,古遗址,宋至清,116.8246254172086,35.19348135069033
第八批,东镇庙大殿遗址,古遗址,宋至民国,118.54393160760698,36.5190520896205
第八批,孙家洞遗址,古遗址,旧石器时代,111.61655312906024,33.79350780250208
第八批,老奶奶庙遗址,古遗址,旧石器时代,113.57754808846032,34.63786269031087
第八批,后高老家遗址,古遗址,新石器时代,114.87712024726387,33.20895729329694
第八批,苏羊遗址,古遗址,新石器时代,111.77980454992291,34.396140935985414
第八批,老坟岗遗址,古遗址,新石器时代,111.45936418479953,33.313656644207875
第八批,阎村遗址,古遗址,新石器时代,112.96912525764374,34.120866911709875
第八批,史官遗址,古遗址,新石器时代、商周,115.20643957792218,36.07657541975814
第八批,鹤壁刘庄遗址,古遗址,新石器时代至夏,114.26328846793216,35.76239199949976
第八批,淮阳双冢遗址,古遗址,新石器时代至商,114.91699384336992,33.69993362089044
第八批,西史村遗址,古遗址,夏商,113.33088368042245,34.83337702624747
第八批,闰楼遗址,古遗址,商,114.43945929048576,32.76241209435522
第八批,浚县辛村遗址,古遗址,商周,114.24209661563096,35.76833408327975
第八批,官庄遗址,古遗址,周,113.38849447298968,34.860512173130715
第八批,阳城故城遗址,古遗址,战国,114.6450323993409,33.5673437795331
第八批,保安古城遗址,古遗址,战国,113.357193978281,33.63386502168887
第八批,新安故城遗址,古遗址,秦汉,111.87453848329748,34.75424158127681
第八批,黎阳故城遗址,古遗址,西汉至北宋,114.5477070798506,35.67331854331184
第八批,崤函古道石壕段,古遗址,唐宋,111.5420965839017,34.72504810458107
第八批,窑沟遗址,古遗址,宋金,113.35076950027153,34.59372605410896
第八批,东沟窑遗址,古遗址,金元,112.7371120098464,34.20285934957154
第八批,白龙洞遗址,古遗址,旧石器时代,110.15817160989836,33.07621591171622
第八批,凤凰咀遗址,古遗址,新石器时代,111.9901964999882,32.252640215028244
第八批,庙台子遗址,古遗址,周,113.37129765664264,31.72400405082749
第八批,青山遗址,古遗址,东周,112.47343245783745,30.199402606583728
第八批,襄樊码头遗址,古遗址,清,112.1345211250021,32.01815586454492
第八批,襄樊码头遗址,古遗址,清,112.14903685856842,32.03834144859946
第八批,杉龙岗遗址,古遗址,新石器时代,111.52054949012944,29.67415748866218
第八批,车轱山遗址,古遗址,新石器时代,112.71233975435464,29.518899372629257
第八批,磨山遗址,古遗址,新石器时代,113.23055237266288,27.71847635556916
第八批,优周岗遗址,古遗址,新石器时代,111.82421237067284,29.6770795932126
第八批,马栏嘴遗址,古遗址,新石器时代、商周,112.2812590334013,28.76568438436114
第八批,益阳故城遗址,古遗址,东周至宋,112.407958300405,28.511737094501516
第八批,窑头古城遗址,古遗址,战国至汉,110.37833416072728,28.426761273737064
第八批,渡头古城遗址,古遗址,汉至六朝,112.67939144596768,25.33133340514697
第八批,岳州窑遗址,古遗址,汉至唐,112.88287316123738,28.646019008584386
第八批,衡山窑遗址,古遗址,宋元,112.8229819879637,27.092713533030235
第八批,衡山窑遗址,古遗址,宋元,112.95408079243042,27.090517472617364
第八批,桐木岭矿冶遗址,古遗址,清,112.60318255642775,25.736331352933988
第八批,磨刀山遗址,古遗址,旧石器时代,111.5364718640116,23.24294310553792
第八批,青塘遗址,古遗址,旧石器时代,113.85456438624284,24.198469980962678
第八批,东莞村头遗址,古遗址,夏商,113.72432732055492,22.82909050108397
第八批,狮雄山遗址,古遗址,秦汉,115.77775476664092,23.941092210684413
第八批,石望铸钱遗址,古遗址,五代南汉,111.92765120144932,22.529576857381223
第八批,乳源西京古道,古遗址,唐至清,113.27696898782796,24.785194981625224
第八批,西樵山采石场遗址,古遗址,明清,112.97817141736796,22.93302328064056
第八批,娅怀洞遗址,古遗址,旧石器时代,107.76503230387884,23.108657499507864
第八批,大岩遗址,古遗址,旧石器时代至新石器时代,109.97936639254272,25.45375527678901
第八批,父子岩遗址,古遗址,新石器时代至商周,110.35252869266462,25.20713579365768
第八批,桥山遗址,古遗址,新石器时代,110.01317148349054,18.457473438273546
第八批,金银岛沉船遗址,古遗址,南宋、明清,111.51400810468162,16.453168011180235
第八批,定安故城遗址,古遗址,明,110.3611103428021,19.68884245741265
第八批,珊瑚岛沉船遗址,古遗址,清,111.61401488368683,16.54008153919023
第八批,玉米洞遗址,古遗址,旧石器时代、新石器时代,109.64057487230008,30.851477585355344
第八批,白帝城遗址,古遗址,南宋,109.5780763523837,31.05059836467197
第八批,大宁盐场遗址,古遗址,宋至民国,109.57166655921048,31.40718869223095
第八批,中子铺遗址,古遗址,新石器时代,106.03933580350716,32.69780904819071
第八批,高山古城遗址,古遗址,新石器时代至商周,103.58397988107252,30.46099913821164
第八批,绵竹故城遗址,古遗址,汉晋,104.41278592801828,31.28535690510537
第八批,甘棠箐遗址,古遗址,旧石器时代,102.75905748382,24.296357966615016
第八批,河泊所遗址,古遗址,战国至汉,102.7043869452164,24.716531758624424
第八批,大甸山遗址,古遗址,春秋至汉,99.61076994279831,24.837164300994225
第八批,大波那遗址,古遗址,春秋至汉,100.76160842888568,25.49965670043805
第八批,牡宜遗址,古遗址,汉,105.19403451757508,23.687166199010285
第八批,朱提故城遗址,古遗址,汉晋,103.7113841359745,27.329576029562133
第八批,德源古城遗址,古遗址,唐,100.09599928308388,26.00313359327055
第八批,尼阿底遗址,古遗址,旧石器时代,88.71423834655123,30.93906618714239
第八批,杰顿珠宗遗址,古遗址,元明,91.20413689278318,28.175610002732117
第八批,芦山峁遗址,古遗址,新石器时代,109.47981819361696,36.687223604299
第八批,刘家洼遗址,古遗址,东周,109.88029518736286,35.36639140080509
第八批,东马坊遗址,古遗址,战国至西汉,108.7132987556816,34.27315174146744
第八批,中渭桥遗址,古遗址,秦至唐,108.87652712352164,34.35900966119277
第八批,血池遗址,古遗址,秦汉,107.27761455402452,34.57664724519894
第八批,孙家南头仓储遗址,古遗址,西汉,109.03297287637284,34.48782676030876
第八批,柳巷城遗址,古遗址,汉魏,107.82749218223982,34.288978338085165
第八批,西灰山遗址,古遗址,夏商,100.63335805391873,38.72478945261798
第八批,石家及遇村遗址,古遗址,周,107.97122806964308,35.42131096318811
第八批,毛家坪遗址,古遗址,周,105.10152309836116,34.75997910486892
第八批,马鬃山玉矿遗址,古遗址,战国至汉,97.03455147992544,41.81351900590261
第八批,小川瓷窑遗址,古遗址,宋至民国,104.94265813816328,36.77879048280831
第八批,尕海古城遗址,古遗址,汉,100.57352718908795,37.01251533481764
第八批,伏俟城遗址,古遗址,北朝至隋唐,99.5876797055444,37.03184565613212
第八批,考肖图古城遗址,古遗址,唐,98.10345644457816,36.03720611203136
第八批,姚河塬遗址,古遗址,西周,106.52129974357447,35.80220154135476
第八批,通天洞遗址,古遗址,旧石器时代至商,86.14212038030634,47.18749557299816
第八批,吉仁台沟口遗址,古遗址,商周,82.74407716245636,43.78394284552244
第八批,卓尔库特古城遗址,古遗址,汉,84.2556140407466,41.782494095564495
第八批,博格达沁古城遗址,古遗址,汉至唐,86.50850755980568,41.96199035130197
第八批,阔纳协海尔古城遗址,古遗址,魏晋至唐,84.34088851416143,41.68075071364554
第八批,乌什吐尔和夏合吐尔遗址,古遗址,晋至宋,81.23876785494517,41.65596004560003
第八批,乌什吐尔和夏合吐尔遗址,古遗址,晋至宋,82.61320055617,41.552932906211694
第八批,公主堡古城遗址,古遗址,唐,75.37237576410138,37.24485778430404
第八批,霍拉山佛寺遗址,古遗址,唐,86.01856981575429,42.10561303330746
第八批,拉甫却克古城遗址,古遗址,唐,93.51974637232726,42.83132601179524
第八批,小央达克协海尔古城遗址,古遗址,唐,82.55065525350146,41.30553367881681
第八批,玛纳斯古城遗址,古遗址,唐至元,86.20856730616464,44.29158359384237
第八批,巴里坤故城遗址,古遗址,清,93.01524567442256,43.60448246927557
第八批,醇亲王墓,古墓葬,清,116.29934246757324,39.964217970511015
第八批,北张庄墓群,古墓葬,汉,114.46694579574076,36.56175547292656
第八批,陶寺北墓地,古墓葬,东周,111.50839233262684,35.90309205049231
第八批,沙岭墓群,古墓葬,北魏,113.34926751365752,40.070068008797456
第八批,马鬃山墓群,古墓葬,商周至汉,109.6125715961519,41.28396728344798
第八批,医巫闾山辽陵,古墓葬,辽,121.72112283622464,41.615835546769695
第八批,喀喇沁右翼旗蒙古王陵,古墓葬,清,119.64338766832049,41.407524277697874
第八批,良茂墓群,古墓葬,汉唐,126.50011246994367,41.41358964681916
第八批,隋炀帝墓,古墓葬,唐,119.42872395315368,32.470509650580546
第八批,洞阳东吴墓,古墓葬,三国,118.60742356588666,31.576523502398068
第八批,吴复墓,古墓葬,明,117.46976670216472,31.89583769717826
第八批,百崎郭氏墓群,古墓葬,明,118.72100922299646,24.889670414465
第八批,纪王崮墓群,古墓葬,东周,118.62921421539583,35.79634636115899
第八批,金山汉墓群,古墓葬,西汉,116.23214245851604,35.240372127203365
第八批,天湖墓地,古墓葬,商周,114.56408037972555,32.022758276645284
第八批,徐阳墓地,古墓葬,东周,112.2287523797394,34.373494468343004
第八批,西朱村曹魏墓,古墓葬,三国,112.64185067928354,34.55836396900472
第八批,义地岗墓群,古墓葬,东周,113.37129765664264,31.72400405082749
第八批,毕昇墓,古墓葬,北宋,115.68219295168367,30.74379042947086
第八批,汨罗山墓群,古墓葬,战国,113.06758319808417,28.815414514552906
第八批,蒋家山墓葬,古墓葬,汉,112.67419614460373,26.912695133299422
第八批,赛典赤赡思丁墓,古墓葬,元、清至民国,102.75703257863069,25.125312206345967
第八批,赛典赤赡思丁墓,古墓葬,元、清至民国,102.7489937260827,25.02414524271953
第八批,故如甲木墓地,古墓葬,汉晋,80.10065978073753,32.49963858896149
第八批,石鼓山墓地,古墓葬,西周,107.19343197835347,34.354764910315474
第八批,太公庙秦公墓,古墓葬,春秋,107.452602323475,34.35617366151093
第八批,咸阳秦王陵,古墓葬,战国,108.73872310670713,34.36950326894299
第八批,弘农杨氏家族墓地,古墓葬,汉至北魏,110.09314404563754,34.5728489061767
第八批,杨震家族墓地,古墓葬,东汉,110.24726231363354,34.55157446955094
第八批,吴挺墓,古墓葬,南宋,105.72114437596488,33.76337994785907
第八批,吉尔赞喀勒墓地,古墓葬,东周,75.22776237208016,37.77912922180261
第八批,长椿寺,古建筑,清,116.36628939154949,39.91673763977564
第八批,智珠寺,古建筑,清,116.40365994560602,39.93302956628558
第八批,北京湖广会馆,古建筑,清至民国,116.38428381277032,39.89375898965516
第八批,武安舍利塔,古建筑,北宋,114.20684893373382,36.70175785280696
第八批,涞水龙严寺塔,古建筑,辽,115.71437022508891,39.39924808570606
第八批,邢台清风楼,古建筑,明,114.50854548011095,37.07205806888907
第八批,正定梁氏宗祠,古建筑,明,114.57248672843431,38.14388576336644
第八批,涉县清泉寺,古建筑,明清,113.70633528025525,36.50748352075339
第八批,上党西岩寺塔,古建筑,唐,113.05082102487576,36.05918152986567
第八批,栖岩寺塔林,古建筑,唐至清,110.44909090360328,34.87364424644239
第八批,泽州崇寿寺,古建筑,北宋至清,112.87467441780171,35.68155458400651
第八批,上党长春玉皇庙,古建筑,北宋至清,113.13007545215493,35.97768685667728
第八批,昔阳离相寺,古建筑,宋至清,113.79877455814308,37.54110252724903
第八批,原平普济桥,古建筑,金,112.71090316129433,38.735825891932535
第八批,平定马齿岩寺,古建筑,金至清,113.9337284245131,37.7986887977028
第八批,新绛寿圣寺大殿,古建筑,元,111.22534149703004,35.622848036759606
第八批,长子文庙大成殿,古建筑,元,112.88337811559909,36.12534575794042
第八批,峪口圣母庙,古建筑,元至清,111.80615600422988,37.32532646989812
第八批,盂北泰山庙,古建筑,元至清,113.5826781512714,38.168146991084654
第八批,潦河头关帝庙,古建筑,元至清,113.39539857557128,36.355726101387305
第八批,西社卫公庙,古建筑,元至清,113.29148216478428,36.26061008592235
第八批,西下庄昭泽王庙,古建筑,元至清,113.38669240793152,36.50838235917399
第八批,武乡福源院,古建筑,元至清,112.6583217101006,36.99959177529157
第八批,田庄全神庙,古建筑,元至清,113.18073701647526,35.74182563592256
第八批,团东清化寺,古建筑,元至清,112.97356753500836,35.884137548843306
第八批,梁村洪福寺,古建筑,元至清,112.42505103377376,37.30688449780058
第八批,霍州祝圣寺,古建筑,元至清,111.72667732459172,36.57689425128516
第八批,北辛舍利塔,古建筑,明,110.53435432956702,35.39489871547561
第八批,祁县镇河楼,古建筑,明,112.33589042824212,37.363398135215576
第八批,大武鼓楼,古建筑,明,111.16062809130275,37.65383888679182
第八批,右玉宝宁寺,古建筑,明,112.35302009067917,40.17027682089776
第八批,汾阳关帝庙,古建筑,明,111.7881699960984,37.2707686049922
第八批,胡家沟砖塔,古建筑,明,111.04859763380638,38.47513766273863
第八批,普救寺塔,古建筑,明,110.33472560979092,34.85168521196062
第八批,永济万固寺,古建筑,明,110.36997655711272,34.82153243806856
第八批,繁峙琉璃塔,古建筑,明,113.2645568773714,39.19428521601012
第八批,平城兴国寺,古建筑,明,113.29739844097617,40.080791088802215
第八批,大同鼓楼,古建筑,明,113.30166996633736,40.09640991700289
第八批,西关三圣寺大殿,古建筑,明,113.41140468149436,38.09172044236094
第八批,永济扁鹊庙,古建筑,明,110.44909087484844,34.873644251088145
第八批,董村戏台,古建筑,明,110.72066907138648,34.90421910098319
第八批,崞阳文庙,古建筑,明清,112.76534356237596,38.89133145677717
第八批,阳城文庙,古建筑,明清,112.43172734149152,35.48620504171769
第八批,长则普明寺,古建筑,明清,112.17596028650792,37.195001799398185
第八批,热留关帝庙,古建筑,明清,112.01256137611992,36.43747188119817
第八批,阳曲轩辕庙,古建筑,明清,112.67299424533552,38.06408062977632
第八批,霍州鼓楼,古建筑,明清,111.72390226607912,36.576260298060326
第八批,东姚温牌坊,古建筑,明清,110.38117162914682,34.842917036546176
第八批,阳城寿圣寺及琉璃塔,古建筑,明清,112.41504862542592,35.49228908396259
第八批,高平铁佛寺,古建筑,明清,112.97495861158762,35.77155986751921
第八批,墙下关帝庙,古建筑,明清,111.16718419246511,35.14099602128731
第八批,留晖洪福寺,古建筑,明清,112.99656074162188,38.45253170025871
第八批,五台山南山寺,古建筑,明至民国,113.58031333119692,38.98698005722402
第八批,静乐文庙,古建筑,明至民国,111.94502031847796,38.36175796599086
第八批,汾阳后土圣母庙,古建筑,明至民国,111.7667457858688,37.30064487116987
第八批,于成龙故居,古建筑,清,111.28646971580164,37.74671285061278
第八批,阳武朱氏牌楼,古建筑,清,112.61103338104964,38.8169978595966
第八批,阮氏双碑楼,古建筑,清,110.65992807387752,35.51262577334302
第八批,解州同善义仓,古建筑,清,110.86393429436546,34.91694451382525
第八批,曲沃薛家大院,古建筑,清,111.47247491419591,35.64488045976929
第八批,怀覃会馆,古建筑,清,112.84581406481416,35.50323673846697
第八批,五台山尊胜寺,古建筑,民国,113.38633046816958,38.79405790285367
第八批,昆都仑召,古建筑,清,109.79957889617336,40.708395072944754
第八批,朝阳南塔,古建筑,辽,120.45991007421964,41.57934697965963
第八批,开原崇寿寺塔,古建筑,辽金,124.07728402842255,42.604552409444615
第八批,永安石桥,古建筑,清,123.30868729587276,41.79733985799047
第八批,垂虹断桥,古建筑,元明,120.64735821020884,31.14685002765946
第八批,西方寺大殿,古建筑,明,119.4325444062857,32.40681682128836
第八批,常熟言子祠,古建筑,明,120.74994946031188,31.648114140772613
第八批,洑溪徐氏宗祠,古建筑,明,119.83174036421777,31.36276993985723
第八批,南京鼓楼,古建筑,明清,118.77130563060696,32.07445804974044
第八批,仙鹤寺,古建筑,明清,119.43466393642704,32.397771488295376
第八批,常州唐氏民宅,古建筑,明至民国,119.97569990305924,31.787588888039647
第八批,荡口华氏老义庄,古建筑,清,120.35873395158562,31.59654820295428
第八批,安吉永安寺塔,古建筑,五代至南宋,119.68167025332195,30.64685526542927
第八批,义乌大安寺塔,古建筑,北宋,120.07327405566502,29.313335178453197
第八批,杭州忠义桥,古建筑,南宋,120.1316938768758,30.26821584873097
第八批,灵鹫寺石塔,古建筑,南宋,119.90821021307153,28.453974912699803
第八批,绍兴大善寺塔,古建筑,南宋,120.58436557299832,29.99795075712515
第八批,南渡广济桥,古建筑,元、清,121.44033293688352,29.71700532105081
第八批,詹宝兄弟牌坊,古建筑,明,119.49253596114266,28.454930159702712
第八批,梅城南峰塔和北峰塔,古建筑,明,119.52686687897616,29.551650218140377
第八批,独山石牌坊,古建筑,明,118.9861330014406,28.429832607838215
第八批,湖州潮音桥,古建筑,明,120.10157594535056,30.865297579514497
第八批,林应麒功德牌坊,古建筑,明,120.73126889284154,28.856233492642566
第八批,紫薇山民居,古建筑,明清,120.11848828813682,29.164552590432876
第八批,石楠塘徐氏宗祠,古建筑,明清,119.7337220031202,29.03043861975404
第八批,赤岸朱宅建筑群,古建筑,明至民国,119.97408041736792,29.104208504504665
第八批,厚吴村古建筑群,古建筑,明至民国,120.07238672604733,28.806560876368437
第八批,吴文简祠,古建筑,清,119.1812132593589,27.503518262561546
第八批,下柏石陈大宗祠,古建筑,清,120.11258988284122,28.97795288049231
第八批,余姚通济桥,古建筑,清,121.15962688571132,30.055090468709288
第八批,金清大桥,古建筑,清,121.3881757679804,28.380707076831285
第八批,江山文昌宫,古建筑,清,118.4855903455992,28.302224442504347
第八批,兰溪通洲桥,古建筑,清,119.47801091306371,29.14202178031316
第八批,雅端村古建筑群,古建筑,清,120.00041063702224,29.134420106194305
第八批,塘下方大宗祠,古建筑,清,120.0151023078731,29.371280820363516
第八批,椒江戚继光祠,古建筑,清,121.44502614604566,28.68223652199687
第八批,东阳白坦民宅,古建筑,清,120.3283967592277,28.985437045174574
第八批,芜湖广济寺塔,古建筑,北宋,118.37831268155158,31.34486630304469
第八批,贵池百牙山塔,古建筑,明,117.4918559532364,30.67707981028249
第八批,贵池清溪塔,古建筑,明,117.5069846663832,30.69227549403658
第八批,滁州无梁殿,古建筑,明,118.3070489790661,32.30288294785331
第八批,池河太平桥,古建筑,明清,117.96320598005856,32.51913688357269
第八批,洪坑牌坊群及洪氏家庙,古建筑,明清,118.40215940334448,29.824326781074006
第八批,三阳洪氏宗祠,古建筑,明清,118.789899735033,30.030455158908985
第八批,屯溪镇海桥,古建筑,明清,118.31624384854985,29.70457554435521
第八批,石潭吴氏宗祠,古建筑,明清,118.6711904585186,29.943461970969302
第八批,蜀源牌坊群,古建筑,明清,118.33805646607982,29.91172015346895
第八批,屏山舒氏祠堂,古建筑,明清,117.93937376656386,29.933687717900387
第八批,稠墅牌坊群,古建筑,明清,118.3530327612275,29.899939621095392
第八批,姥山塔,古建筑,明清,117.44464755562996,31.571895233907245
第八批,歙县太平桥,古建筑,明清,118.43451067830364,29.87098335334172
第八批,巴慰祖宅,古建筑,明清,118.41619399024272,29.868602320827517
第八批,歙县许氏宗祠,古建筑,明至民国,118.41619399024272,29.868602320827517
第八批,唐模檀干园,古建筑,清,118.33942101613816,29.878094673752862
第八批,亳州薛阁塔,古建筑,清,115.78586178714096,33.87114664587871
第八批,歙县鲍氏宗祠,古建筑,清,118.37063628783156,29.87473220446521
第八批,休宁登封桥,古建筑,清,118.19473328566508,29.793301005241062
第八批,休宁同安堂,古建筑,清,118.1970544918377,29.799896878775574
第八批,大阜潘氏宗祠,古建筑,清,118.57154384378109,29.90643890752933
第八批,泾县张氏宗祠,古建筑,清,118.29335288773866,30.64858702765876
第八批,昌溪太湖祠,古建筑,清,118.65090142537646,29.917821513821675
第八批,绩溪文庙,古建筑,清,118.5957880701211,30.0802632901342
第八批,荔城报恩寺塔,古建筑,北宋,119.0147090424109,25.44249844816509
第八批,崇福寺应庚塔,古建筑,北宋,118.60310666839264,24.926425927130342
第八批,建瓯值庆桥,古建筑,明,118.52152835191416,26.73641211613036
第八批,安溪土楼,古建筑,明清,118.13811012426592,24.99205560452051
第八批,黄道周讲学处,古建筑,明清,117.62987891424632,24.118343107299395
第八批,芷溪宗祠建筑,古建筑,清,116.6442846121385,25.32404889782077
第八批,福安黄氏祠堂,古建筑,清,119.64984733356874,27.097734567606437
第八批,泉港土坑村古建筑群,古建筑,清,118.94520704831984,25.170153426821667
第八批,坂埔古厝,古建筑,清,118.22634749325027,24.976961162062512
第八批,永春文庙,古建筑,清,118.29686505170736,25.33023101189845
第八批,永泰庄寨建筑群,古建筑,清,119.08686963001452,25.88201082712721
第八批,采陔公祠,古建筑,清,116.68567419438315,25.335256817413875
第八批,水美土堡群,古建筑,清,117.7265718351773,26.35286714385015
第八批,浮梁双峰塔,古建筑,北宋,117.23456584977735,29.380858406856884
第八批,福寿沟,古建筑,北宋,114.92283584133789,25.826933873910026
第八批,浮梁红塔,古建筑,北宋、明,117.25269594881075,29.382007575279893
第八批,大司马牌坊,古建筑,明,116.29297196103948,27.59960951495921
第八批,龙南乌石围,古建筑,明,114.67634694806584,24.638385859049613
第八批,济美石坊,古建筑,明,115.14840477787608,28.718017977504463
第八批,棠阴古建筑群,古建筑,明清,116.31466410953875,27.49817002846479
第八批,官溪胡氏宗祠,古建筑,明清,118.24653934150122,28.690898778695782
第八批,十都王家大屋,古建筑,清,118.20404183345303,28.62050943131513
第八批,奎璧联辉民宅,古建筑,清,116.33766673630129,26.851715925817103
第八批,浮梁县衙,古建筑,清,117.23456584977735,29.380858406856884
第八批,玉山考棚,古建筑,清,118.26001770986886,28.67954368415893
第八批,浒湾书坊建筑群,古建筑,清至民国,116.5560245729406,27.92615994340676
第八批,卧化塔,古建筑,唐,116.1207712342612,35.08932467773296
第八批,郓城观音寺塔,古建筑,五代,115.94497689252104,35.60899077315288
第八批,洄村古楼,古建筑,明,117.9265633010734,36.59925410250859
第八批,王渔洋故居,古建筑,明至民国,117.94137841451906,36.95603550162138
第八批,安阳永和桥,古建筑,北宋,114.57299262580888,36.10620633445056
第八批,三祖庵塔,古建筑,金,113.0200901000964,34.518176505708084
第八批,轵城关帝庙,古建筑,金、清,112.74129295457595,35.186933247563246
第八批,丹霞寺塔林,古建筑,元至清,112.55709239827306,33.51678774592439
第八批,禹州天宁万寿寺,古建筑,元至清,113.47218599697008,34.15861823451505
第八批,舞阳彼岸寺大殿,古建筑,元至清,113.6121073168552,33.44595342560895
第八批,阳安寺大殿,古建筑,明,112.10088372386724,33.106952601365904
第八批,汝宁石桥,古建筑,明,114.3636485690052,33.01484818968177
第八批,延津大觉寺万寿塔,古建筑,明,114.20229403931536,35.15134213640391
第八批,杞县大云寺塔,古建筑,明,114.84006869625637,34.345310255334624
第八批,龙泉澧河石桥,古建筑,明,113.3571939910158,33.63386502572755
第八批,原武城隍庙,古建筑,明清,113.7891402797534,35.005919525784606
第八批,许昌文庙,古建筑,明清,113.8316243036068,34.0547785427144
第八批,弦歌台,古建筑,明清,114.88396455996435,33.7331342383023
第八批,济源二仙庙,古建筑,明清,112.60264016768328,35.07376792195321
第八批,登封玉溪宫,古建筑,明清,113.15784592874682,34.53615786189585
第八批,侯湾泰山庙,古建筑,明清,112.99079008405064,34.144076744051446
第八批,温县遇仙观,古建筑,明清,113.0800487849549,34.94676384574884
第八批,大程书院,古建筑,清,114.39239941508124,34.06381224852752
第八批,龙亭大殿,古建筑,清,114.35301134654728,34.81584047283286
第八批,偃师九龙庙,古建筑,清,111.88489256571737,32.756397851197555
第八批,怀邦会馆,古建筑,清,113.4889700913625,34.14964846819801
第八批,登封崇福宫,古建筑,清,113.04503007217326,34.481933542689205
第八批,新安洞真观,古建筑,清,112.03581639172758,34.72113682386461
第八批,宜阳福昌阁,古建筑,清,111.88031736436116,34.48119064251401
第八批,偃师兴福寺大殿,古建筑,清,112.7902903486046,34.73487535651588
第八批,花洲书院,古建筑,清,112.09977475194717,32.68106427824708
第八批,黄梅高塔寺塔,古建筑,北宋,115.94960369094797,30.080245148996188
第八批,宜昌天然塔,古建筑,清,111.3282056613076,30.67066548970179
第八批,高家花屋,古建筑,清,109.7385376360745,32.463447948342626
第八批,南边民居,古建筑,清,111.27635883147224,30.969475202531825
第八批,丹江口饶氏庄园,古建筑,清至民国,111.51367178861834,32.54847443317839
第八批,麻城雷氏祠,古建筑,清至民国,115.232735047779,31.21947920500624
第八批,中田村古建筑群,古建筑,明至民国,112.52208371471396,26.179992095872475
第八批,许家桥将军府,古建筑,明,111.49304475004524,26.13549671822992
第八批,板梁村古建筑群,古建筑,明清,112.86909636724305,26.088600426782737
第八批,勾蓝瑶寨,古建筑,明至民国,111.18878299291204,25.1089704047844
第八批,湘昆古戏台,古建筑,清,112.74109104092165,25.68093333337618
第八批,杉木桥胡家大院,古建筑,清,111.6889449768419,26.328228580456397
第八批,石门文庙,古建筑,清,111.37594620517554,29.59338332456553
第八批,芷江文庙,古建筑,清,109.68629113119052,27.457105486848956
第八批,神下李氏宗祠,古建筑,清,112.10251868806183,25.559158333984943
第八批,澧县多安桥,古建筑,清,111.77154603829898,29.64489009047593
第八批,虎溪黄氏宗祠,古建筑,清,112.0590624684734,25.460413404636157
第八批,溆浦崇实书院,古建筑,清,110.53862787151304,27.418639149284065
第八批,桃树湾刘氏大屋,古建筑,清,113.67107251348368,27.933052161277352
第八批,浦市镇古建筑群,古建筑,清,110.10873522717534,28.089039966319177
第八批,宝镜何家大院,古建筑,清至民国,111.7185188564832,24.88940857348988
第八批,梅城文武庙古建筑群,古建筑,清至民国,111.65075800733248,28.14749206860372
第八批,东安头翰林祠,古建筑,清至民国,112.00552184809816,25.440329905192804
第八批,大颠祖师塔,古建筑,唐,116.44373571127778,23.33038231774397
第八批,高州宝光塔,古建筑,明,110.84628600605085,21.921096377904377
第八批,联丰花萼楼,古建筑,明,116.92529712245772,24.26851390479636
第八批,揭阳城隍庙,古建筑,明清,116.35691119482438,23.542730714609498
第八批,陈白沙祠,古建筑,明清,113.0790926469342,22.603752123324934
第八批,国恩寺,古建筑,明至民国,112.22952262064754,22.59840374038802
第八批,沙湾留耕堂,古建筑,清,113.3348059640566,22.91320653548147
第八批,大埔泰安楼,古建筑,清,116.68488462525627,24.3583341398663
第八批,冲虚古观,古建筑,清,114.06511393447929,23.272509707510828
第八批,龙门鹤湖围,古建筑,清,113.95633029664651,23.57024569871268
第八批,大埔光禄第,古建筑,清,116.7330270978826,24.46953135731277
第八批,桂林静江府城墙,古建筑,南宋至明,110.30383970777147,25.323042559305826
第八批,桂林静江府城墙,古建筑,南宋至明,110.26587797266292,25.28247544092066
第八批,来宾文辉塔,古建筑,明,108.99773074453304,23.65742475105262
第八批,左江归龙斜塔,古建筑,明清,107.3702092532287,22.445435427193736
第八批,贺州江氏客家围屋,古建筑,清,111.65989308552057,24.43555552046092
第八批,乐湾村古建筑群,古建筑,清至民国,110.81246011553424,24.819044087337318
第八批,石 石矍 村冯氏祠堂,古建筑,明清,110.04354767790288,19.959404406316064
第八批,琼山侯家大院,古建筑,清,110.43405178149168,19.717648488943563
第八批,溪北书院,古建筑,清,110.58505147894728,20.03740766388532
第八批,湾底谭氏民居,古建筑,清,108.40807793428594,30.54553071707241
第八批,花林寺大殿,古建筑,元,105.54159774687864,31.37486238230812
第八批,蓬溪金仙寺大殿,古建筑,元,105.70130000958316,30.82493685274517
第八批,南部永安庙大殿,古建筑,元至清,106.05469605886248,31.364870217854133
第八批,盐亭文星庙,古建筑,明,105.2869762296475,31.41879612441728
第八批,泸县圆通寺,古建筑,明,105.3847124278743,29.16060922012753
第八批,龙藏寺,古建筑,明清,104.16291633388433,30.831797452761705
第八批,蓝池庙,古建筑,明清,105.1433969573854,31.27622446177094
第八批,七宝寺,古建筑,明清,105.78861175489766,30.89343129090268
第八批,福宝古建筑群,古建筑,明清,106.08807227415156,28.78678365741236
第八批,南部观音庵大殿,古建筑,明清,106.05469605886248,31.364870217854133
第八批,井研雷氏民居,古建筑,清,104.06477285521756,29.642544977230795
第八批,屏山龙氏山庄,古建筑,清,104.26601729392948,28.796264234058967
第八批,自贡玉川公祠,古建筑,清,104.780751701396,29.346360788281867
第八批,甘孜惠远寺,古建筑,清,101.49939311847528,30.570609024848608
第八批,正安尹道真务本堂,古建筑,明清,107.4560826288823,28.562333186158043
第八批,镇远天后宫,古建筑,清,108.4247288424658,27.059453803931195
第八批,泸西万寿寺三佛殿,古建筑,明,103.7637917260045,24.545259693687616
第八批,建水土主庙,古建筑,明清,102.83454583659824,23.62177072649536
第八批,蒙自玉皇阁,古建筑,明清,103.4076064890682,23.376599946513657
第八批,建水玉皇阁及崇文塔,古建筑,明清,102.83681510016268,23.62380047957807
第八批,新安所古建筑群,古建筑,明清,103.44285937076144,23.32734113542609
第八批,期纳古建筑群,古建筑,明清,100.63181960037038,26.31511310208422
第八批,天峰山古建筑群,古建筑,明至民国,100.91403337024248,25.29836257940186
第八批,弥渡五台大寺,古建筑,明至民国,100.65117228181605,25.20033957498917
第八批,云南提督府旧址,古建筑,清,100.30691282314126,25.6876338956246
第八批,叶枝土司衙署,古建筑,清,99.2924887748487,27.186622303126114
第八批,洄澜桥阁,古建筑,清,102.65123210618124,23.663626782551063
第八批,江川文庙,古建筑,清,102.79373117531324,24.28234126126346
第八批,流浪河磨房群,古建筑,清,99.90900622599916,24.913627430885725
第八批,墨江文庙,古建筑,清,101.70005854767632,23.441696862930478
第八批,海口川字闸,古建筑,清,102.6076782025264,24.78885914900072
第八批,建水学政考棚,古建筑,清,102.83096939447294,23.62263327215912
第八批,同乐傈僳族民居建筑群,古建筑,清至民国,99.2924887748487,27.186622303126114
第八批,保山光尊寺,古建筑,清至民国,99.2425002556668,25.185063015175416
第八批,曲西碉楼群,古建筑,北宋至明,90.86530915493329,28.395395908524147
第八批,乃宁曲德寺,古建筑,北宋至清,89.68625811624415,28.56507229108596
第八批,艾旺寺,古建筑,北宋至清,89.62141984138256,28.46509067428231
第八批,达律王府,古建筑,元,98.27693761797984,30.86851051712505
第八批,西安二龙塔,古建筑,唐,109.03775938418602,34.02392997105922
第八批,富平万斛寺塔,古建筑,唐,109.39934098833636,35.05856806496708
第八批,蒲城海源寺塔,古建筑,金,109.84645895575066,34.96472327660777
第八批,户县化羊庙东岳献殿,古建筑,元至清,108.67279630760854,34.016774676736325
第八批,合阳千金塔,古建筑,明,110.15588359269948,35.23047466829319
第八批,柳枝关帝庙,古建筑,明清,110.4655270253988,35.47975141581926
第八批,马庄华严寺,古建筑,明至民国,110.51654171712926,35.602790875356305
第八批,蒲城考院,古建筑,清,109.61746519209728,34.953238097239094
第八批,米脂常氏庄园,古建筑,清至民国,110.23384694096626,37.82975656784892
第八批,福津广严院,古建筑,南宋、清,105.14475578917887,33.30406260435362
第八批,武山圣寿寺,古建筑,元至民国,104.89286030680718,34.72901569291266
第八批,正宁文庙大成殿,古建筑,明,108.36144141511076,35.49841583598273
第八批,张掖东仓,古建筑,明清,100.46883082851664,38.94426128878776
第八批,静宁文庙,古建筑,明清,105.73066622380752,35.53247504225893
第八批,永昌北海子塔,古建筑,明清,101.98221165686964,38.2658174776597
第八批,天水纪信祠,古建筑,明至民国,105.72829013497484,34.588478082468505
第八批,张掖高总兵宅院,古建筑,清,100.66142249262298,38.82010521693916
第八批,天祝东大寺,古建筑,清,102.77646645830116,36.790195697086034
第八批,狄仁杰祠堂碑,石窟寺及石刻,唐,115.18936969481672,36.29242639699171
第八批,曲里千佛洞石窟,石窟寺及石刻,明,113.5196289170726,36.676613907916376
第八批,山神峪千佛洞石窟,石窟寺及石刻,元、清,111.11299123179538,36.8723015667188
第八批,挂甲山摩崖造像,石窟寺及石刻,北朝至明,110.6830239930384,36.10414173571149
第八批,营里千佛洞石窟,石窟寺及石刻,北齐至唐,110.89779042906392,35.99945919005052
第八批,竖石佛摩崖造像,石窟寺及石刻,北齐至唐,112.14810374553542,37.63851536414701
第八批,静居寺石窟,石窟寺及石刻,唐,111.87362625140663,38.241642638629
第八批,汉建初元年买地刻石,石窟寺及石刻,东汉,120.58436557299832,29.99795075712515
第八批,雁荡山龙鼻洞摩崖题记,石窟寺及石刻,唐至民国,121.0638769443932,28.360655319467917
第八批,杭州孔庙碑林,石窟寺及石刻,唐至民国,120.16367183588792,30.250215577771623
第八批,仙岩洞摩崖题记,石窟寺及石刻,宋、清,118.96067297568008,28.989257885633464
第八批,道场山祈年题记,石窟寺及石刻,元,120.09576639454816,30.82906155489936
第八批,阮鹗墓石刻,石窟寺及石刻,明,117.3971195726695,30.76090039400877
第八批,汪由敦墓石刻,石窟寺及石刻,清,117.98648750179387,29.699264133572445
第八批,南安桃源宫陀罗尼经幢,石窟寺及石刻,北宋,118.53936697219932,24.96737666395437
第八批,魁星岩摩崖造像,石窟寺及石刻,南宋,118.25881799346976,25.327432176516886
第八批,老庄大佛寺石刻造像,石窟寺及石刻,隋唐,117.1267420769685,36.54252226722871
第八批,陶山朝阳洞石刻造像,石窟寺及石刻,宋至民国,116.62855668137767,36.28613541269203
第八批,尹宙碑,石窟寺及石刻,东汉,114.17876414091522,34.11020691687698
第八批,回銮碑,石窟寺及石刻,北宋,115.01137941923216,35.708925088567874
第八批,佛顶尊胜陀罗尼经幢,石窟寺及石刻,金,113.38288030973273,34.79459827677618
第八批,丹口苗文石刻群,石窟寺及石刻,明清,110.23721202662838,26.356570817882268
第八批,石门寺摩崖造像,石窟寺及石刻,唐,106.84790664935,31.895346723787803
第八批,重龙山摩崖造像,石窟寺及石刻,唐至民国,104.86024102047774,29.791339885708837
第八批,宜宾流杯池石刻,石窟寺及石刻,宋至民国,104.62213695399365,28.79038472338722
第八批,温泉摩崖石刻群,石窟寺及石刻,明至民国,102.45891330891824,24.965205694718065
第八批,查拉路甫石窟,石窟寺及石刻,唐宋,91.14357811502872,29.661070881733764
第八批,仁达摩崖造像,石窟寺及石刻,唐,97.9975079533124,30.749610319614348
第八批,囊巴朗则石雕,石窟寺及石刻,唐,98.5994481021819,29.688741188280865
第八批,乃甲切木石窟,石窟寺及石刻,宋,88.5244095681746,28.28408185757859
第八批,林恩摩崖石刻,石窟寺及石刻,明,87.23998779845213,29.304147549276383
第八批,金川湾石窟,石窟寺及石刻,唐,108.69019231432829,34.749050993182685
第八批,城台石窟,石窟寺及石刻,宋金,108.53818196824292,36.64953094458647
第八批,河峪摩崖石刻,石窟寺及石刻,东汉,106.40662926085348,34.9925050297062
第八批,昌马石窟,石窟寺及石刻,北魏至清,96.78527818698907,39.8990173219397
第八批,童子寺石窟,石窟寺及石刻,北魏至清,100.92489272165822,38.4403776296707
第八批,大麦地岩画,石窟寺及石刻,新石器时代至西夏,105.17651719150533,37.52211941485473
第八批,焕彩沟石刻,石窟寺及石刻,东汉、唐,93.72192632014396,43.205440345606895
第八批,刘平国刻石,石窟寺及石刻,东汉,81.85575375508904,41.79959442966603
第八批,双清别墅,近现代重要史迹及代表性建筑,1949年,116.19434563174693,39.99207861843412
第八批,原子能“一堆一器”旧址,近现代重要史迹及代表性建筑,1958年,116.14322425960248,39.75298784838954
第八批,北京站车站大楼,近现代重要史迹及代表性建筑,1959年,116.427612721457,39.90843189816706
第八批,宋庆龄儿童科学技术馆,近现代重要史迹及代表性建筑,1986年,116.31959131411004,39.91718901468283
第八批,新开河火车站旧址,近现代重要史迹及代表性建筑,1903年,117.18456256276548,39.1800578051437
第八批,觉悟社旧址,近现代重要史迹及代表性建筑,1919年,117.1963176099646,39.16433376711936
第八批,北疆博物院旧址,近现代重要史迹及代表性建筑,1922～1929年,117.20855451795744,39.11341713069741
第八批,南开大学思源堂,近现代重要史迹及代表性建筑,1925年,117.17597527093211,39.10647457929396
第八批,平津战役前线司令部旧址,近现代重要史迹及代表性建筑,1948年,117.40789122540772,40.050078904016935
第八批,天津市军事管制委员会和中共天津市委旧址,近现代重要史迹及代表性建筑,1949～1953年,117.21055990367816,39.122663714874456
第八批,左权将军墓,近现代重要史迹及代表性建筑,1950年,114.48775680311758,36.60649672515751
第八批,高君宇故居,近现代重要史迹及代表性建筑,1896～1912年,111.86957322488072,38.171748484100526
第八批,山西督军府旧址,近现代重要史迹及代表性建筑,1916～1937年,112.56290134369254,37.87928449766074
第八批,忻口战役遗址,近现代重要史迹及代表性建筑,1937年,112.74250125914244,38.61780578318401
第八批,金岗库村晋察冀军区司令部旧址,近现代重要史迹及代表性建筑,1938年,113.66714044338384,38.89321584791856
第八批,晋绥日报社旧址,近现代重要史迹及代表性建筑,1940～1949年,111.12790933247996,38.46808901939316
第八批,小李村太岳行署旧址,近现代重要史迹及代表性建筑,1942～1944年,112.49081961813992,36.086967264455694
第八批,北坡中共中央晋绥分局旧址,近现代重要史迹及代表性建筑,1942～1949年,111.02945891952456,38.483708887379
第八批,临县陕甘宁晋绥联防军指挥部旧址,近现代重要史迹及代表性建筑,1947年,110.9923339976604,37.95660777245006
第八批,临县中央后委机关旧址,近现代重要史迹及代表性建筑,1947～1948年,110.99232979607048,37.956607216130536
第八批,白塔火车站旧址,近现代重要史迹及代表性建筑,1921年,111.84919582837824,40.87863148869828
第八批,侵华日军木石匣工事旧址,近现代重要史迹及代表性建筑,1941～1943年,117.54488130279276,43.26860846566939
第八批,集宁战役旧址,近现代重要史迹及代表性建筑,1946年,113.11698739394136,40.97276302284381
第八批,旅顺沙俄陆防副司令官邸建筑,近现代重要史迹及代表性建筑,1900年,121.1496052794453,38.8214851628759
第八批,鞍山钢铁厂早期建筑,近现代重要史迹及代表性建筑,1920～1977年,122.99240647274772,41.12060727660682
第八批,鞍山钢铁厂早期建筑,近现代重要史迹及代表性建筑,1920～1977年,122.99240647274772,41.12060727660682
第八批,中共满洲省委旧址,近现代重要史迹及代表性建筑,1927～1929年,123.40781460590031,41.78371391311471
第八批,北大营营房旧址,近现代重要史迹及代表性建筑,1931年,123.48935745373002,41.84713954632497
第八批,侵华日本关东军护路守备队盘山分队旧址,近现代重要史迹及代表性建筑,1932年,122.04093553295463,41.20395354805368
第八批,台吉万人坑遗址,近现代重要史迹及代表性建筑,1943年,120.71434261678712,41.784754067853896
第八批,审判日本战犯特别军事法庭旧址,近现代重要史迹及代表性建筑,1956年,123.42548236929662,41.823613910468175
第八批,吉林机器局旧址,近现代重要史迹及代表性建筑,1881年,126.59100357280909,43.848694401736864
第八批,中俄边界清勘界碑（土字牌）,近现代重要史迹及代表性建筑,1886年,130.3654297852145,42.86584763960561
第八批,红石砬子抗日根据地遗址,近现代重要史迹及代表性建筑,1932～1933年,125.98823434684378,43.11680669015297
第八批,老黑沟惨案遗址,近现代重要史迹及代表性建筑,1935年,127.6477603424228,44.04734502656222
第八批,侵华日军第100部队遗址,近现代重要史迹及代表性建筑,1936～1945年,125.25605013082186,43.88448189191404
第八批,丰满万人坑遗址,近现代重要史迹及代表性建筑,1937～1943年,126.5629270558858,43.82492386126415
第八批,石人血泪山死难矿工纪念地,近现代重要史迹及代表性建筑,1938～1945年,126.55858240276112,41.94614276324751
第八批,七道沟死难同胞纪念地,近现代重要史迹及代表性建筑,1938～1945年,126.31189962772189,41.54823834274512
第八批,伪满建国忠灵庙旧址,近现代重要史迹及代表性建筑,1940～1945年,125.32250925314268,43.84591441105936
第八批,辽源二战盟军战俘营旧址,近现代重要史迹及代表性建筑,1944～1945年,125.14899227255331,42.93079276156506
第八批,中共中央东北局梅河口会议会址,近现代重要史迹及代表性建筑,1946年,125.67809435637956,42.53776564585233
第八批,鸡西万人坑遗址,近现代重要史迹及代表性建筑,1934～1945年,130.8432391083365,45.3523128135973
第八批,朝阳山东北抗联第三路军密营遗址,近现代重要史迹及代表性建筑,1939～1941年,126.3100217862824,48.98850395181633
第八批,侵华日军第516部队遗址,近现代重要史迹及代表性建筑,1938～1945年,124.01805439366908,47.33150801331345
第八批,中共黑龙江省工作委员会和省政府旧址,近现代重要史迹及代表性建筑,1945～1949年,126.49803300422109,48.26022760469512
第八批,人民空军东北老航校旧址,近现代重要史迹及代表性建筑,1946～1955年,129.58159550989086,44.54782709984135
第八批,圣三一基督教堂,近现代重要史迹及代表性建筑,1869年,121.48839735305307,31.244212948506195
第八批,圣约翰大学近代建筑,近现代重要史迹及代表性建筑,1879～1948年,121.4258246169642,31.228702397587263
第八批,圣约翰大学近代建筑,近现代重要史迹及代表性建筑,1879～1948年,121.39891582687824,31.25679749118415
第八批,上海交通大学早期建筑,近现代重要史迹及代表性建筑,1896年,121.43481292495264,31.209188944680456
第八批,沪江大学近代建筑,近现代重要史迹及代表性建筑,1906～1948年,121.5579608140079,31.299627423824123
第八批,上海工部局宰牲场旧址,近现代重要史迹及代表性建筑,1933年,121.4939614077121,31.26200662930935
第八批,四行仓库抗战旧址,近现代重要史迹及代表性建筑,1937年,121.47317505470988,31.248220023027063
第八批,中国共产党代表团驻沪办事处旧址,近现代重要史迹及代表性建筑,1946～1947年,121.4703749107366,31.22217226872316
第八批,中国福利会少年宫,近现代重要史迹及代表性建筑,1953年,121.44554415452428,31.22931036580376
第八批,上海科学会堂,近现代重要史迹及代表性建筑,1958年,121.47008389107766,31.226414693539702
第八批,马林医院旧址,近现代重要史迹及代表性建筑,1892～1914年,118.78450606581544,32.06526297157026
第八批,日本驻南京大使馆旧址,近现代重要史迹及代表性建筑,1935～1945年,118.7699903059385,32.05130302700348
第八批,国立美术陈列馆旧址,近现代重要史迹及代表性建筑,1936～1937年,118.79494795894992,32.05244912299039
第八批,侵华日军南京利济巷慰安所旧址,近现代重要史迹及代表性建筑,1937～1945年,118.8290898795472,32.00325386761282
第八批,八路军驻南京办事处旧址,近现代重要史迹及代表性建筑,1937年,118.77915925180282,32.05869780814984
第八批,新四军盐阜区抗日阵亡将士纪念塔,近现代重要史迹及代表性建筑,1943年,119.80448744924104,33.766517165470724
第八批,黄花塘新四军军部旧址,近现代重要史迹及代表性建筑,1943～1945年,118.75121106882251,32.893570764028986
第八批,淮安中共中央华中分局旧址,近现代重要史迹及代表性建筑,1945～1946年,119.1506767574926,33.506518775488296
第八批,沈钧儒故居,近现代重要史迹及代表性建筑,1921年,120.78532224935508,30.753871213830067
第八批,英国驻温州领事馆旧址,近现代重要史迹及代表性建筑,1894～1924年,120.65066503246578,28.03577368779609
第八批,求是书院旧址,近现代重要史迹及代表性建筑,1897～1914年,120.18517191915012,30.265310265492964
第八批,恩泽医局旧址,近现代重要史迹及代表性建筑,1901～1951年,121.11601590439092,28.85472174543816
第八批,浙江图书馆旧址,近现代重要史迹及代表性建筑,1909～1936年,120.18531540399512,30.262317431862066
第八批,浙江图书馆旧址,近现代重要史迹及代表性建筑,1909～1936年,120.13878739550093,30.27183095290403
第八批,陈望道故居,近现代重要史迹及代表性建筑,1891年,119.96423807704625,29.35662481470445
第八批,史家庄花厅,近现代重要史迹及代表性建筑,1915年,120.38300581953015,29.35317107201704
第八批,仁爱医院旧址,近现代重要史迹及代表性建筑,1922年,120.21098685282688,30.25551660440319
第八批,第一届西湖博览会工业馆旧址,近现代重要史迹及代表性建筑,1928年,120.14751248187387,30.265803085008272
第八批,五四宪法起草地旧址,近现代重要史迹及代表性建筑,1953～1954年,120.1316938768758,30.26821584873097
第八批,一江山岛战役遗址,近现代重要史迹及代表性建筑,1955年,121.817367422826,28.612887969037114
第八批,王店粮仓群,近现代重要史迹及代表性建筑,20世纪50年代,120.72236004894197,30.630418713891505
第八批,江厦潮汐试验电站,近现代重要史迹及代表性建筑,1979年,121.34949067549952,28.449802911858534
第八批,戴安澜故居,近现代重要史迹及代表性建筑,1904年,117.67514115326176,31.092608138957743
第八批,津浦铁路淮河大铁桥,近现代重要史迹及代表性建筑,1911年,117.3736040217905,32.92508710822511
第八批,老芜湖海关旧址,近现代重要史迹及代表性建筑,1919年,118.35829959703004,31.34371942503245
第八批,张治中故居,近现代重要史迹及代表性建筑,1890年,117.54366210898374,31.6635729327838
第八批,红28军重建会议旧址,近现代重要史迹及代表性建筑,1933年,115.93532945091484,31.73562972771808
第八批,芜湖内思高级工业职业学校旧址,近现代重要史迹及代表性建筑,1934年,118.36545708643436,31.33629822816545
第八批,中共皖浙赣省委驻地旧址,近现代重要史迹及代表性建筑,1936～1937年,118.19473328566508,29.793301005241062
第八批,野寨抗日阵亡将士公墓,近现代重要史迹及代表性建筑,1943年,116.50079827673424,30.600368914291657
第八批,佛子岭水库连拱坝,近现代重要史迹及代表性建筑,1954年,116.27635365073716,31.331002938271208
第八批,涡河一桥,近现代重要史迹及代表性建筑,1964年,117.18747798008376,32.97532971179671
第八批,小岗村旧址,近现代重要史迹及代表性建筑,1978年,117.77584578076858,32.843100726726234
第八批,观山李氏民居,近现代重要史迹及代表性建筑,1890～1936年,118.38768049024294,24.96898998767565
第八批,东美曾氏番仔楼,近现代重要史迹及代表性建筑,1910年,118.3341306000369,24.635556536673292
第八批,安礼逊图书楼,近现代重要史迹及代表性建筑,1927年,118.5856942885104,24.926178616737463
第八批,张山头红军墓群,近现代重要史迹及代表性建筑,1928～1935年,117.9525717244758,27.85961902424123
第八批,歪嘴寨闽粤边区乌山游击队指挥部旧址,近现代重要史迹及代表性建筑,1929～1937年,117.21208321101642,23.81209109369608
第八批,中央红色交通线旧址,近现代重要史迹及代表性建筑,1930～1934年,116.73384192275712,24.73296351298289
第八批,中央红色交通线旧址,近现代重要史迹及代表性建筑,1930～1934年,116.35871235256198,25.842040268667446
第八批,中央红色交通线旧址,近现代重要史迹及代表性建筑,1930～1934年,116.66975630059729,23.361137907955584
第八批,永春福兴堂,近现代重要史迹及代表性建筑,1947年,118.25031595122547,25.28302983299304
第八批,景胜别墅,近现代重要史迹及代表性建筑,1948年,118.66361917459824,24.72450850501488
第八批,九江姑塘海关旧址,近现代重要史迹及代表性建筑,1902～1931年,116.14462754444163,29.63494449183316
第八批,安源路矿工人补习夜校旧址,近现代重要史迹及代表性建筑,1922年,113.89634709809364,27.61328025152769
第八批,工农革命军第一军第一师第一团团部旧址,近现代重要史迹及代表性建筑,1927年,114.5485787701109,29.034259368382127
第八批,中共赣西南第一次党代会旧址,近现代重要史迹及代表性建筑,1930年,115.01647747478508,27.09093658284084
第八批,峡江会议旧址,近现代重要史迹及代表性建筑,1930年,115.1583568663676,27.562123411592086
第八批,水西红三军团指挥部旧址,近现代重要史迹及代表性建筑,1930年,115.01785976478403,27.811514518524632
第八批,黄陂中共苏区中央局第一次扩大会议旧址,近现代重要史迹及代表性建筑,1931年,115.8522943280907,26.70155749534845
第八批,宁都会议旧址,近现代重要史迹及代表性建筑,1932年,116.0182436295264,26.771394807877844
第八批,中央苏区第四次反“围剿”战役遗址,近现代重要史迹及代表性建筑,1933年,115.832642273214,27.437444103043106
第八批,中央苏区第四次反“围剿”战役遗址,近现代重要史迹及代表性建筑,1933年,116.7555034506103,27.928604549039225
第八批,叶坪马克思共产主义学校旧址,近现代重要史迹及代表性建筑,1933～1934年,116.06624874225264,25.926993013898684
第八批,湖坊中共闽赣省委、省革委、省军区旧址,近现代重要史迹及代表性建筑,1933～1935年,117.04569072159232,27.33992294875964
第八批,井塘中共中央分局、中央政府办事处旧址,近现代重要史迹及代表性建筑,1934～1935年,115.40350822982369,25.64636752191188
第八批,中共中央东南分局旧址,近现代重要史迹及代表性建筑,1938～1939年,115.89871777086528,28.675042567970507
第八批,马家洲集中营旧址,近现代重要史迹及代表性建筑,1940～1945年,114.79222338718968,26.75604747616933
第八批,武霖基督教圣会堂,近现代重要史迹及代表性建筑,1872年,122.13102567155303,37.49743709843405
第八批,中兴煤矿公司旧址,近现代重要史迹及代表性建筑,1899年,117.57650174526472,34.88009771998135
第八批,潍县西方侨民集中营旧址,近现代重要史迹及代表性建筑,1942～1945年,119.13354122311787,36.7122671578412
第八批,青岛朝连岛灯塔,近现代重要史迹及代表性建筑,1903年,120.88299870863904,35.89921889006984
第八批,曲阜师范学校旧址,近现代重要史迹及代表性建筑,1905～1931年,116.99344993093874,35.599788287623895
第八批,济南万竹园,近现代重要史迹及代表性建筑,1917年,116.9985388374262,36.65728178159331
第八批,五三惨案遗址,近现代重要史迹及代表性建筑,1928年,116.98699525295164,36.66563985598081
第八批,牟平恤养院旧址,近现代重要史迹及代表性建筑,1933年,121.61324013654722,37.38933480128059
第八批,临沂大青山突围战遗址,近现代重要史迹及代表性建筑,1941年,118.13930820747667,35.42991501271472
第八批,赵疃地雷战遗址,近现代重要史迹及代表性建筑,1942～1945年,120.94623046508327,36.73133512105064
第八批,昌邑县抗日殉国烈士祠,近现代重要史迹及代表性建筑,1945年,119.31382221862732,36.95617157265001
第八批,羊山战斗纪念地,近现代重要史迹及代表性建筑,1952年,116.24576755157678,35.18264591490118
第八批,兴隆庄火车站站舍旧址,近现代重要史迹及代表性建筑,1915年,114.51326988647024,34.78802705060868
第八批,河南省博物馆旧址,近现代重要史迹及代表性建筑,1927年,114.35799344452128,34.80979494592348
第八批,中国工农红军第一军司令部旧址,近现代重要史迹及代表性建筑,1930年,114.88037343060962,31.651943407285565
第八批,鄂豫皖边特区苏维埃政府旧址,近现代重要史迹及代表性建筑,1930年,114.876083725589,31.63031437189372
第八批,晋冀鲁豫野战军指挥部旧址,近现代重要史迹及代表性建筑,1947～1948年,115.50478567706136,35.85773377138054
第八批,豫陕鄂军政大学旧址,近现代重要史迹及代表性建筑,1948年,112.90853525463704,33.746562955737126
第八批,开封伞塔,近现代重要史迹及代表性建筑,1955年,114.37368039387404,34.76233329602282
第八批,滑县县委县政府早期建筑,近现代重要史迹及代表性建筑,1959年,114.5189184045172,35.582285103316
第八批,郑州第二砂轮厂旧址,近现代重要史迹及代表性建筑,1964年,113.59973249019126,34.74972499349069
第八批,贺胜桥北伐阵亡将士陵园,近现代重要史迹及代表性建筑,1929年,114.36196962698826,30.042218226633956
第八批,汉口中华全国文艺界抗敌协会旧址,近现代重要史迹及代表性建筑,1938年,114.27208794478707,30.609725189516585
第八批,新四军第五师司令部旧址,近现代重要史迹及代表性建筑,1939～1945年,113.37129769120992,31.7240040520639
第八批,国民政府第六战区受降堂旧址,近现代重要史迹及代表性建筑,1945年,114.27144487319464,30.593506327078853
第八批,苏联空军志愿队烈士墓,近现代重要史迹及代表性建筑,1956年,114.30189168386748,30.617745049743995
第八批,三线航天066导弹基地旧址,近现代重要史迹及代表性建筑,1970年,111.64086452104316,31.06901821338901
第八批,三线火箭炮总装厂旧址,近现代重要史迹及代表性建筑,1970年,111.67569060658472,32.39472123410532
第八批,辰州教案发生地,近现代重要史迹及代表性建筑,1902年,110.39542738121251,28.46218433544982
第八批,湘雅医院及医学院早期建筑,近现代重要史迹及代表性建筑,1914～1947年,112.98528412414969,28.22125572742184
第八批,毛泽东水口连队建党旧址,近现代重要史迹及代表性建筑,1927年,113.81134974631452,26.329044266409305
第八批,湘赣革命根据地旧址,近现代重要史迹及代表性建筑,1930～1933年,113.54005265667872,26.78713741905473
第八批,湘赣革命根据地旧址,近现代重要史迹及代表性建筑,1930～1933年,113.3458161422228,27.00901357221482
第八批,红四军前委扩大会议旧址,近现代重要史迹及代表性建筑,1928年,113.94511973038252,26.08651897250797
第八批,浏阳红一方面军活动旧址,近现代重要史迹及代表性建筑,1930年,113.64392446780344,28.17330995322828
第八批,中央红军长征突破第三道封锁线指挥部旧址,近现代重要史迹及代表性建筑,1934年,112.95020028391882,25.40869026331504
第八批,平江惨案遗址,近现代重要史迹及代表性建筑,1939年,113.582113171135,28.71094299246003
第八批,湘西雪峰山抗战旧址,近现代重要史迹及代表性建筑,1945年,110.59690845078585,27.917493420112564
第八批,湘西雪峰山抗战旧址,近现代重要史迹及代表性建筑,1945年,110.1856994520304,28.01591214290193
第八批,湘西雪峰山抗战旧址,近现代重要史迹及代表性建筑,1945年,110.5625897881961,27.13509894725238
第八批,程潜公馆,近现代重要史迹及代表性建筑,1948年,112.9786590092111,28.19785518242537
第八批,湘西剿匪旧址,近现代重要史迹及代表性建筑,1949～1952年,110.39542738121251,28.46218433544982
第八批,湘西剿匪旧址,近现代重要史迹及代表性建筑,1949～1952年,110.19025866966577,28.014356335717927
第八批,醴陵群力瓷厂旧址,近现代重要史迹及代表性建筑,1958年,113.48495563449804,27.679200256837987
第八批,核工业711功勋铀矿旧址,近现代重要史迹及代表性建筑,1960～1994年,113.04280684085614,25.80963037396037
第八批,司徒美堂故居,近现代重要史迹及代表性建筑,1868年,112.62141563330344,22.345735867136163
第八批,万木草堂,近现代重要史迹及代表性建筑,1891年,113.27288359514114,23.134326209929384
第八批,潮海关旧址,近现代重要史迹及代表性建筑,1898～1922年,116.70502220930224,23.37435774518734
第八批,潮海关旧址,近现代重要史迹及代表性建筑,1898～1922年,116.7289589760851,23.294148515581632
第八批,中英街界碑,近现代重要史迹及代表性建筑,1905年,114.233491515179,22.55420196066567
第八批,开平风采堂,近现代重要史迹及代表性建筑,1914年,112.6894595606832,22.365588383666505
第八批,大埔肇庆堂,近现代重要史迹及代表性建筑,1917年,116.6969817693942,24.35631557381742
第八批,中国共产党广东区执行委员会旧址,近现代重要史迹及代表性建筑,1922～1927年,113.268633624963,23.1407879521052
第八批,叶挺独立团团部旧址,近现代重要史迹及代表性建筑,1925年,112.4863839351827,23.06025449561639
第八批,广东省农民协会旧址,近现代重要史迹及代表性建筑,1925～1927年,113.28175859429582,23.1372752139056
第八批,三河中山纪念堂,近现代重要史迹及代表性建筑,1929年,116.57150848137547,24.406171417073782
第八批,蒋光鼐故居,近现代重要史迹及代表性建筑,1930年,113.68901436549616,22.793222648695924
第八批,香港文化名人大营救指挥部旧址,近现代重要史迹及代表性建筑,1942年,115.25438185605029,24.107292071433417
第八批,土洋村东江纵队司令部旧址,近现代重要史迹及代表性建筑,1943～1945年,114.41069129915208,22.623082155962557
第八批,长岗坡渡槽,近现代重要史迹及代表性建筑,1981年,111.55655878615298,22.645128070127583
第八批,西林教案发生地,近现代重要史迹及代表性建筑,1856年,105.67457063334352,24.321867052260217
第八批,法国驻龙州领事馆旧址,近现代重要史迹及代表性建筑,1898～1949年,106.86463352747916,22.34401568278272
第八批,武宣刘氏庄园,近现代重要史迹及代表性建筑,1911年,109.66511987183075,23.60312564485228
第八批,武宣郭氏庄园,近现代重要史迹及代表性建筑,1924年,109.66511987183075,23.60312564485228
第八批,梧州市中共广西早期革命活动旧址,近现代重要史迹及代表性建筑,1926～1928年,111.3222961195993,23.481359209922424
第八批,中共广西省第一次代表大会旧址,近现代重要史迹及代表性建筑,1928年,109.57423652398512,23.120454064645983
第八批,广西省立艺术馆旧址,近现代重要史迹及代表性建筑,1944年,110.29350197280104,25.288139894738208
第八批,文昌符家宅,近现代重要史迹及代表性建筑,1917年,110.79652456900854,19.66184630532648
第八批,琼崖工农红军云龙改编旧址,近现代重要史迹及代表性建筑,1938年,110.4753574917707,19.87947193864405
第八批,侵华日军侵琼八所死难劳工纪念地,近现代重要史迹及代表性建筑,1939～1942年,108.64405004413298,19.10575339295284
第八批,西山钟楼,近现代重要史迹及代表性建筑,1931年,108.3891376951208,30.81230792861462
第八批,重庆大学早期建筑,近现代重要史迹及代表性建筑,1933～1935年,106.4704265980026,29.57815320019956
第八批,瀼渡电厂,近现代重要史迹及代表性建筑,1944年,108.31238711236828,30.59779260943825
第八批,张自忠将军墓,近现代重要史迹及代表性建筑,1940年,106.41307142019768,29.81816287992367
第八批,罗斯福图书馆旧址,近现代重要史迹及代表性建筑,1947年,106.5492497426307,29.56068539542276
第八批,荣县军政府旧址,近现代重要史迹及代表性建筑,1911年,104.4212898743993,29.453811334567487
第八批,雅安明德中学旧址,近现代重要史迹及代表性建筑,1922年,103.00943412828788,29.983038905184465
第八批,洞窝水电站,近现代重要史迹及代表性建筑,1925年,105.4410029648698,28.922089503571723
第八批,木门会议旧址,近现代重要史迹及代表性建筑,1933年,106.29250564910323,32.23732561600639
第八批,通江红四方面军总医院旧址,近现代重要史迹及代表性建筑,1934～1935年,107.24700565358162,31.91989882253445
第八批,红军长征过石厢子旧址,近现代重要史迹及代表性建筑,1935年,105.42811723444744,27.797541017464948
第八批,川藏公路大渡河悬索桥,近现代重要史迹及代表性建筑,1951年,102.23446125597424,29.93326685216996
第八批,蓬基井,近现代重要史迹及代表性建筑,1958年,105.25140727303834,30.595112145291903
第八批,三线核武器研制基地旧址,近现代重要史迹及代表性建筑,1969年,105.17416086066191,31.650406216373337
第八批,首座受控核聚变实验装置旧址,近现代重要史迹及代表性建筑,1971年,103.72965663534322,29.60659554369444
第八批,奇峰渡槽,近现代重要史迹及代表性建筑,1975～1978年,105.56451039251768,29.113626505550773
第八批,玛瑙山营盘遗址,近现代重要史迹及代表性建筑,1857年,107.7508538410102,28.12049550922737
第八批,贵阳达德学校旧址,近现代重要史迹及代表性建筑,1901～1950年,106.7155929881439,26.58538463428282
第八批,猴场会议旧址,近现代重要史迹及代表性建筑,1934年,107.57406189534116,27.19032959517549
第八批,苟坝会议旧址,近现代重要史迹及代表性建筑,1935年,106.57503989057632,27.64495146241132
第八批,天门河水电厂旧址,近现代重要史迹及代表性建筑,1943年,106.85472374952587,28.15156943141744
第八批,邓萍墓,近现代重要史迹及代表性建筑,1958年,106.89671353744326,27.654408459282383
第八批,三线贵州航空发动机厂旧址,近现代重要史迹及代表性建筑,1965年,106.25998987393834,26.414643564362787
第八批,三线贵州歼击机总装厂旧址,近现代重要史迹及代表性建筑,1966年,105.96897047501028,26.25496753517717
第八批,云南大学会泽院,近现代重要史迹及代表性建筑,1924年,102.70866090885116,25.061955753671405
第八批,大理天主教堂,近现代重要史迹及代表性建筑,1931年,100.16940861717376,25.702013912859304
第八批,昆明卢氏公馆,近现代重要史迹及代表性建筑,1933年,102.71197927595476,25.052805116556865
第八批,滇缅公路惠通桥,近现代重要史迹及代表性建筑,1935年,98.69538981478142,24.595609931032
第八批,凤凰山天文台近代建筑,近现代重要史迹及代表性建筑,1939年,102.79500500039526,25.030901524950284
第八批,畹町桥,近现代重要史迹及代表性建筑,1938年,97.86167847384172,24.026968493555987
第八批,中央电工器材厂一厂旧址,近现代重要史迹及代表性建筑,1939年,102.67020921894022,25.046240643879425
第八批,滇缅铁路禄丰炼象关桥隧群,近现代重要史迹及代表性建筑,1942年,102.13893938844772,25.03104182204584
第八批,凤庆茶厂老厂区旧址,近现代重要史迹及代表性建筑,1950年,99.91865375101274,24.60710677246385
第八批,开远发电厂旧址,近现代重要史迹及代表性建筑,1956年,103.19773120264068,23.83816713696422
第八批,开远长虹桥,近现代重要史迹及代表性建筑,1961年,103.27175099574264,23.722592024255107
第八批,亚东海关遗址,近现代重要史迹及代表性建筑,1894～1903年,88.91302304555833,27.430991231537824
第八批,昌都地区人民解放委员会办公旧址,近现代重要史迹及代表性建筑,1955～1959年,97.17889494839328,31.148124033165608
第八批,川藏、青藏公路纪念碑,近现代重要史迹及代表性建筑,1984年,91.14357811502872,29.661070881733764
第八批,革命公园,近现代重要史迹及代表性建筑,1927年,108.95990721110434,34.27936795538098
第八批,葛牌镇红25军军部旧址,近现代重要史迹及代表性建筑,1935年,109.50790297420605,33.91641086803326
第八批,国立西北联合大学旧址,近现代重要史迹及代表性建筑,1938～1946年,107.33582375271315,33.16416561264358
第八批,马栏革命旧址,近现代重要史迹及代表性建筑,1939～1949年,108.62442496203226,35.26879063483866
第八批,宝鸡申新纱厂旧址,近现代重要史迹及代表性建筑,1941～1943年,107.21292495122788,34.377637341043695
第八批,金盆湾八路军三五九旅旅部旧址,近现代重要史迹及代表性建筑,1941～1944年,109.7547117595462,36.37714666822647
第八批,陕甘宁边区高等法院旧址,近现代重要史迹及代表性建筑,1941～1949年,109.49561853704742,36.59190229841989
第八批,延安陕甘宁晋绥联防军司令部旧址,近现代重要史迹及代表性建筑,1942～1947年,109.49052775659688,36.59103324447874
第八批,美军驻延安观察组驻地旧址,近现代重要史迹及代表性建筑,1944～1947年,109.41655129631197,36.63457476823415
第八批,张思德牺牲纪念地,近现代重要史迹及代表性建筑,1944年,109.32996161810868,36.86974448087818
第八批,小河会议旧址,近现代重要史迹及代表性建筑,1947年,109.02018001918236,37.355586583339466
第八批,山城堡战役旧址,近现代重要史迹及代表性建筑,1936年,106.9912219081052,37.00545570922567
第八批,河连湾陕甘宁省苏维埃政府旧址,近现代重要史迹及代表性建筑,1936～1937年,107.19093429666944,36.73184309349184
第八批,尕路田大房子,近现代重要史迹及代表性建筑,1943年,103.28477210913638,34.70977728518422
第八批,果洛红军沟,近现代重要史迹及代表性建筑,1936年,100.74216496360856,32.94064902099046
第八批,囊拉千户院,近现代重要史迹及代表性建筑,1948～1950年,102.04593173756636,35.89496574752011
第八批,果洛和平解放纪念地,近现代重要史迹及代表性建筑,1952年,99.65685949133392,33.75678239039491
第八批,乌鲁木齐文庙,近现代重要史迹及代表性建筑,1922年,87.63295694938863,43.80719920249293
第八批,赛图拉哨卡遗址,近现代重要史迹及代表性建筑,1877～1962年,78.28985481053355,37.58407469291068
第八批,毛泽民办公室及宿舍旧址,近现代重要史迹及代表性建筑,1940～1941年,87.63552650659486,43.79902646175461
第八批,石河子军垦旧址,近现代重要史迹及代表性建筑,1952年,126.62639140982792,45.610055002357626
第八批,玉尔滚军垦旧址,近现代重要史迹及代表性建筑,1973年,80.83914230000988,41.40398993247923
第八批,华亭海塘奉贤段,其他,清,121.4804055046631,30.83661655094308
第八批,兴化垛田,其他,唐至今,119.86239109438722,32.93785951144244
第八批,江阴蚕种场,其他,1928年,120.27554921534453,31.91349575674301
第八批,洋河地下酒窖,其他,1960～1975年,118.3855966577794,33.7904395690823
第八批,太湖溇港,其他,春秋至今,120.28926503821118,30.93394093501187
第八批,钱塘江海塘海盐敕海庙段和海宁段,其他,明清至今,120.98802735015435,30.58809689946183
第八批,钱塘江海塘海盐敕海庙段和海宁段,其他,明清至今,120.6705698253624,30.510780830065528
第八批,矾山矾矿遗址,其他,清至1994年,120.40840373459368,27.34452576596649
第八批,霍童灌溉工程,其他,隋至今,119.424375274099,26.859554676221588
第八批,渠江茶园,其他,明清至今,110.99982637168868,28.095386049727004
第八批,山严 塘陂、亭塘陂水利工程,其他,宋明至今,110.35609503826866,20.011127252809505
第八批,先市酱油酿造作坊群,其他,清至今,105.72071181970924,28.720942375471125
第八批,凤堰梯田,其他,清至今,108.5110244137784,32.90121199384759
